xlsx_row_number,xlsx_city,xlsx_town,xlsx_admin_village,xlsx_natural_village,matched_db_city,matched_db_town,matched_db_admin_village,matched_db_admin_village_candidates,candidate_count,candidates,suggested_candidates,blocked_reason_guess
34687,东莞,专常平镇,下墟行政村,常平下墟村,东莞市,常平镇,,,0,,,admin_unmatched_or_ambiguous
33920,东莞,大朗镇,佛新社区,佛新村,东莞市,大朗镇,,,0,,,admin_unmatched_or_ambiguous
33916,东莞,大朗镇,宝陂行政村,宝陂村,东莞市,大朗镇,,,0,,,admin_unmatched_or_ambiguous
33937,东莞,大朗镇,屏山社区,屏山村,东莞市,大朗镇,,,0,,,admin_unmatched_or_ambiguous
34885,东莞,樟木头镇,金河社区,上南村,东莞市,樟木头镇,,,0,,,admin_unmatched_or_ambiguous
34886,东莞,樟木头镇,金河社区,下南村,东莞市,樟木头镇,,,0,,,admin_unmatched_or_ambiguous
34882,东莞,樟木头镇,金河社区,古坑村,东莞市,樟木头镇,,,0,,,admin_unmatched_or_ambiguous
34883,东莞,樟木头镇,金河社区,坭坑村,东莞市,樟木头镇,,,0,,,admin_unmatched_or_ambiguous
34884,东莞,樟木头镇,金河社区,大坑村,东莞市,樟木头镇,,,0,,,admin_unmatched_or_ambiguous
34881,东莞,樟木头镇,金河社区,沙元村,东莞市,樟木头镇,,,0,,,admin_unmatched_or_ambiguous
34170,东莞,清溪镇,厦堤行政村,企岭下村,东莞市,清溪镇,,,0,,,admin_unmatched_or_ambiguous
34169,东莞,清溪镇,厦堤行政村,江背村,东莞市,清溪镇,,,0,,,admin_unmatched_or_ambiguous
34168,东莞,清溪镇,厦堤行政村,磨妮圩村,东莞市,清溪镇,,,0,,,admin_unmatched_or_ambiguous
34171,东莞,清溪镇,厦堤行政村,郑围村,东莞市,清溪镇,,,0,,,admin_unmatched_or_ambiguous
33774,东莞,莞城街道,兴塘社区,南城村,东莞市,莞城街道,,,0,,,admin_unmatched_or_ambiguous
33772,东莞,莞城街道,兴塘社区,白沙塘村,东莞市,莞城街道,,,0,,,admin_unmatched_or_ambiguous
33773,东莞,莞城街道,兴塘社区,誠船澳村,东莞市,莞城街道,,,0,,,admin_unmatched_or_ambiguous
33776,东莞,莞城街道,创业社区,戴屋庄村,东莞市,莞城街道,,,0,,,admin_unmatched_or_ambiguous
33777,东莞,莞城街道,西隅社区,花闸门村,东莞市,莞城街道,,,0,,,admin_unmatched_or_ambiguous
34267,东莞,高埗镇,洗沙行政村,德政坊,东莞市,高埗镇,,,0,,,admin_unmatched_or_ambiguous
34266,东莞,高埗镇,洗沙行政村,德耀坊村,东莞市,高埗镇,,,0,,,admin_unmatched_or_ambiguous
34269,东莞,高埗镇,洗沙行政村,通渠坊,东莞市,高埗镇,,,0,,,admin_unmatched_or_ambiguous
34268,东莞,高埗镇,洗沙行政村,高桥坊,东莞市,高埗镇,,,0,,,admin_unmatched_or_ambiguous
34218,东莞,魔宝石排镇,黄家學行政村,黄家學村,东莞市,石排镇,,,0,,,admin_unmatched_or_ambiguous
35604,中山,东凤镇,东兴社区,乐华村,中山市,东凤镇,,,0,,,admin_unmatched_or_ambiguous
35607,中山,东凤镇,东兴社区,永安村,中山市,东凤镇,,,0,,,admin_unmatched_or_ambiguous
35605,中山,东凤镇,东兴社区,清华村,中山市,东凤镇,,,0,,,admin_unmatched_or_ambiguous
35606,中山,东凤镇,东兴社区,镇安村,中山市,东凤镇,,,0,,,admin_unmatched_or_ambiguous
35307,中山,东区街道,桃苑社区,土瓜岭村,中山市,东区街道,,,0,,,admin_unmatched_or_ambiguous
35306,中山,东区街道,起湾社区,起湾村,中山市,东区街道,,,0,,,admin_unmatched_or_ambiguous
35336,中山,南区街道,良都社区,上塘村,中山市,南区街道,,,0,,,admin_unmatched_or_ambiguous
35337,中山,南区街道,良都社区,恒美村,中山市,南区街道,,,0,,,admin_unmatched_or_ambiguous
35335,中山,南区街道,良都社区,沙涌村,中山市,南区街道,,,0,,,admin_unmatched_or_ambiguous
35333,中山,南区街道,良都社区,竹秀园村,中山市,南区街道,,,0,,,admin_unmatched_or_ambiguous
35334,中山,南区街道,良都社区,长溪村,中山市,南区街道,,,0,,,admin_unmatched_or_ambiguous
35164,中山,南朗镇,涌口行政村,冲口村,中山市,南朗镇,,,0,,,admin_unmatched_or_ambiguous
35165,中山,南朗镇,涌口行政村,冲口门上栏村,中山市,南朗镇,,,0,,,admin_unmatched_or_ambiguous
35166,中山,南朗镇,涌口行政村,大埔环村,中山市,南朗镇,,,0,,,admin_unmatched_or_ambiguous
35485,中山,古镇镇,古四行政村,古四村,中山市,古镇镇,,,0,,,admin_unmatched_or_ambiguous
35416,中山,大涌镇,乌石行政村,乌石村,中山市,大涌镇,,,0,,,admin_unmatched_or_ambiguous
35411,中山,大涌镇,全禄社区,全禄村,中山市,大涌镇,,,0,,,admin_unmatched_or_ambiguous
35431,中山,大涌镇,前陇社区,前陇村,中山市,大涌镇,,,0,,,admin_unmatched_or_ambiguous
35432,中山,大涌镇,前陇社区,美溪新村,中山市,大涌镇,,,0,,,admin_unmatched_or_ambiguous
35433,中山,大涌镇,前陇社区,美溪村,中山市,大涌镇,,,0,,,admin_unmatched_or_ambiguous
35430,中山,大涌镇,南龙社区,南坑村,中山市,大涌镇,,,0,,,admin_unmatched_or_ambiguous
35429,中山,大涌镇,南龙社区,龙井村,中山市,大涌镇,,,0,,,admin_unmatched_or_ambiguous
35412,中山,大涌镇,叠石行政村,叠石村,中山市,大涌镇,,,0,,,admin_unmatched_or_ambiguous
35423,中山,大涌镇,古鹤行政村,古鹤村,中山市,大涌镇,,,0,,,admin_unmatched_or_ambiguous
35415,中山,大涌镇,圩仔社区,圩仔村,中山市,大涌镇,,,0,,,admin_unmatched_or_ambiguous
35434,中山,大涌镇,塘敢行政村,外塘敢村,中山市,大涌镇,,,0,,,admin_unmatched_or_ambiguous
35436,中山,大涌镇,塘敢行政村,肖家村,中山市,大涌镇,,,0,,,admin_unmatched_or_ambiguous
35435,中山,大涌镇,塘敢行政村,里塘敢村,中山市,大涌镇,,,0,,,admin_unmatched_or_ambiguous
35426,中山,大涌镇,大布行政村,大布新村,中山市,大涌镇,,,0,,,admin_unmatched_or_ambiguous
35428,中山,大涌镇,大布行政村,平湖村,中山市,大涌镇,,,0,,,admin_unmatched_or_ambiguous
35427,中山,大涌镇,大布行政村,沙岗村,中山市,大涌镇,,,0,,,admin_unmatched_or_ambiguous
35405,中山,大涌镇,大涌社区,大涌村,中山市,大涌镇,,,0,,,admin_unmatched_or_ambiguous
35407,中山,大涌镇,安堂社区,安堂村,中山市,大涌镇,,,0,,,admin_unmatched_or_ambiguous
35418,中山,大涌镇,岗泉行政村,泉眼村,中山市,大涌镇,,,0,,,admin_unmatched_or_ambiguous
35419,中山,大涌镇,岗泉行政村,鸦岗村,中山市,大涌镇,,,0,,,admin_unmatched_or_ambiguous
35425,中山,大涌镇,平南行政村,平南村,中山市,大涌镇,,,0,,,admin_unmatched_or_ambiguous
35424,中山,大涌镇,平岚东行政村,平东村,中山市,大涌镇,,,0,,,admin_unmatched_or_ambiguous
35420,中山,大涌镇,新圩行政村,新圩村,中山市,大涌镇,,,0,,,admin_unmatched_or_ambiguous
35417,中山,大涌镇,桥头行政村,桥头村,中山市,大涌镇,,,0,,,admin_unmatched_or_ambiguous
35410,中山,大涌镇,石井社区,石井村,中山市,大涌镇,,,0,,,admin_unmatched_or_ambiguous
35421,中山,大涌镇,芋湾行政村,茅湾村,中山市,大涌镇,,,0,,,admin_unmatched_or_ambiguous
35437,中山,大涌镇,西山社区,外埔村,中山市,大涌镇,,,0,,,admin_unmatched_or_ambiguous
35439,中山,大涌镇,西山社区,西山村,中山市,大涌镇,,,0,,,admin_unmatched_or_ambiguous
35438,中山,大涌镇,西山社区,里埔村,中山市,大涌镇,,,0,,,admin_unmatched_or_ambiguous
35413,中山,大涌镇,起凤环社区,起凤环村,中山市,大涌镇,,,0,,,admin_unmatched_or_ambiguous
35422,中山,大涌镇,雍陌行政村,雍陌村,中山市,大涌镇,,,0,,,admin_unmatched_or_ambiguous
35214,中山,子黄圃镇,三社社区,三社坊,中山市,黄圃镇,,,0,,,admin_unmatched_or_ambiguous
35213,中山,子黄圃镇,三社社区,灵会坊,中山市,黄圃镇,,,0,,,admin_unmatched_or_ambiguous
35212,中山,子黄圃镇,三社社区,鼓楼坊,中山市,黄圃镇,,,0,,,admin_unmatched_or_ambiguous
35378,中山,小榄镇,新市社区,新市村,中山市,小榄镇,,,0,,,admin_unmatched_or_ambiguous
35287,中山,石岐街道,博爱社区,老安山村,中山市,石岐区街道,,,0,,,admin_unmatched_or_ambiguous
35282,中山,石岐街道,大信社区,基边村,中山市,石岐区街道,,,0,,,admin_unmatched_or_ambiguous
35283,中山,石岐街道,湖滨社区,天门村,中山市,石岐区街道,,,0,,,admin_unmatched_or_ambiguous
22634,云浮,东坝镇,沙冲行政村,上坪村,云浮市,东坝镇,,,0,,,admin_unmatched_or_ambiguous
22635,云浮,东坝镇,沙冲行政村,下坪村,云浮市,东坝镇,,,0,,,admin_unmatched_or_ambiguous
22631,云浮,东坝镇,沙冲行政村,冬瓜塘村,云浮市,东坝镇,,,0,,,admin_unmatched_or_ambiguous
22633,云浮,东坝镇,沙冲行政村,沙埽村,云浮市,东坝镇,,,0,,,admin_unmatched_or_ambiguous
22632,云浮,东坝镇,沙冲行政村,郊乐村,云浮市,东坝镇,,,0,,,admin_unmatched_or_ambiguous
21117,云浮,云城街道,南山社区,藕塘村,云浮市,云城街道,,,0,,,admin_unmatched_or_ambiguous
21210,云浮,云城街道,大塱行政村,下哈水村,云浮市,云城街道,,,0,,,admin_unmatched_or_ambiguous
21212,云浮,云城街道,大塱行政村,井岗围村,云浮市,云城街道,,,0,,,admin_unmatched_or_ambiguous
21215,云浮,云城街道,大塱行政村,低塘村,云浮市,云城街道,,,0,,,admin_unmatched_or_ambiguous
21213,云浮,云城街道,大塱行政村,大汉岗村,云浮市,云城街道,,,0,,,admin_unmatched_or_ambiguous
21214,云浮,云城街道,大塱行政村,邹谭村,云浮市,云城街道,,,0,,,admin_unmatched_or_ambiguous
21211,云浮,云城街道,大塱行政村,郭屋村,云浮市,云城街道,,,0,,,admin_unmatched_or_ambiguous
21118,云浮,云城街道,天马社区,上洞村,云浮市,云城街道,,,0,,,admin_unmatched_or_ambiguous
21119,云浮,云城街道,天马社区,船塘村,云浮市,云城街道,,,0,,,admin_unmatched_or_ambiguous
21120,云浮,云城街道,天马社区,西围村,云浮市,云城街道,,,0,,,admin_unmatched_or_ambiguous
21100,云浮,云城街道,星岩社区,罗斗岗村,云浮市,云城街道,,,0,,,admin_unmatched_or_ambiguous
21116,云浮,云城街道,玉屏社区,城里底村,云浮市,云城街道,,,0,,,admin_unmatched_or_ambiguous
21115,云浮,云城街道,玉屏社区,江屋村,云浮市,云城街道,,,0,,,admin_unmatched_or_ambiguous
21114,云浮,云城街道,玉屏社区,清水塘村,云浮市,云城街道,,,0,,,admin_unmatched_or_ambiguous
21113,云浮,云城街道,育华社区,刘屋村,云浮市,云城街道,,,0,,,admin_unmatched_or_ambiguous
21110,云浮,云城街道,育华社区,区屋村,云浮市,云城街道,,,0,,,admin_unmatched_or_ambiguous
21112,云浮,云城街道,育华社区,叶屋村,云浮市,云城街道,,,0,,,admin_unmatched_or_ambiguous
21111,云浮,云城街道,育华社区,白屋村,云浮市,云城街道,,,0,,,admin_unmatched_or_ambiguous
21109,云浮,云城街道,育华社区,谢屋村,云浮市,云城街道,,,0,,,admin_unmatched_or_ambiguous
21099,云浮,云城街道,蟠龙社区,山川坛村,云浮市,云城街道,,,0,,,admin_unmatched_or_ambiguous
21098,云浮,云城街道,蟠龙社区,栏田村,云浮市,云城街道,,,0,,,admin_unmatched_or_ambiguous
21097,云浮,云城街道,蟠龙社区,罗屋塘村,云浮市,云城街道,,,0,,,admin_unmatched_or_ambiguous
21096,云浮,云城街道,蟠龙社区,翠石村,云浮市,云城街道,,,0,,,admin_unmatched_or_ambiguous
21095,云浮,云城街道,金龙社区,下谭村,云浮市,云城街道,,,0,,,admin_unmatched_or_ambiguous
21102,云浮,云城街道,马坪社区,上谭村,云浮市,云城街道,,,0,,,admin_unmatched_or_ambiguous
21105,云浮,云城街道,马坪社区,唐屋村,云浮市,云城街道,,,0,,,admin_unmatched_or_ambiguous
21103,云浮,云城街道,马坪社区,廖屋村,云浮市,云城街道,,,0,,,admin_unmatched_or_ambiguous
21104,云浮,云城街道,马坪社区,禪屋村,云浮市,云城街道,,,0,,,admin_unmatched_or_ambiguous
21101,云浮,云城街道,马坪社区,陈屋村,云浮市,云城街道,,,0,,,admin_unmatched_or_ambiguous
21106,云浮,云城街道,马岗社区,怡昌村,云浮市,云城街道,,,0,,,admin_unmatched_or_ambiguous
21107,云浮,云城街道,马岗社区,朱屋村,云浮市,云城街道,,,0,,,admin_unmatched_or_ambiguous
21108,云浮,云城街道,马岗社区,沙地村,云浮市,云城街道,,,0,,,admin_unmatched_or_ambiguous
17101,云浮,分界镇,金桐行政村,上寨村,云浮市,分界镇,,,0,,,admin_unmatched_or_ambiguous
17102,云浮,分界镇,金桐行政村,下寨村,云浮市,分界镇,,,0,,,admin_unmatched_or_ambiguous
17095,云浮,分界镇,金桐行政村,大岭村,云浮市,分界镇,,,0,,,admin_unmatched_or_ambiguous
17096,云浮,分界镇,金桐行政村,大岭脚村,云浮市,分界镇,,,0,,,admin_unmatched_or_ambiguous
17094,云浮,分界镇,金桐行政村,大菜园村,云浮市,分界镇,,,0,,,admin_unmatched_or_ambiguous
17099,云浮,分界镇,金桐行政村,岭头村,云浮市,分界镇,,,0,,,admin_unmatched_or_ambiguous
17103,云浮,分界镇,金桐行政村,朱砂角村,云浮市,分界镇,,,0,,,admin_unmatched_or_ambiguous
17100,云浮,分界镇,金桐行政村,落函田村,云浮市,分界镇,,,0,,,admin_unmatched_or_ambiguous
17098,云浮,分界镇,金桐行政村,金狮僻村,云浮市,分界镇,,,0,,,admin_unmatched_or_ambiguous
17097,云浮,分界镇,金桐行政村,高坡村,云浮市,分界镇,,,0,,,admin_unmatched_or_ambiguous
21027,云浮,前锋镇,楚蓬行政村,上迳村,云浮市,前锋镇,,,0,,,admin_unmatched_or_ambiguous
21026,云浮,前锋镇,楚蓬行政村,大塘坑村,云浮市,前锋镇,,,0,,,admin_unmatched_or_ambiguous
21025,云浮,前锋镇,楚蓬行政村,大江村,云浮市,前锋镇,,,0,,,admin_unmatched_or_ambiguous
21030,云浮,前锋镇,楚蓬行政村,小带村,云浮市,前锋镇,,,0,,,admin_unmatched_or_ambiguous
21028,云浮,前锋镇,楚蓬行政村,梦窦村,云浮市,前锋镇,,,0,,,admin_unmatched_or_ambiguous
21029,云浮,前锋镇,楚蓬行政村,蓬村,云浮市,前锋镇,,,0,,,admin_unmatched_or_ambiguous
18922,云浮,加益镇,加益社区,圩头村,云浮市,加益镇,,,0,,,admin_unmatched_or_ambiguous
18923,云浮,加益镇,加益社区,圩尾村,云浮市,加益镇,,,0,,,admin_unmatched_or_ambiguous
18961,云浮,加益镇,排阜行政村,东风村,云浮市,加益镇,,,0,,,admin_unmatched_or_ambiguous
18954,云浮,加益镇,排阜行政村,五华村,云浮市,加益镇,,,0,,,admin_unmatched_or_ambiguous
18962,云浮,加益镇,排阜行政村,向前村,云浮市,加益镇,,,0,,,admin_unmatched_or_ambiguous
18960,云浮,加益镇,排阜行政村,向阳村,云浮市,加益镇,,,0,,,admin_unmatched_or_ambiguous
18965,云浮,加益镇,排阜行政村,四维坑村,云浮市,加益镇,,,0,,,admin_unmatched_or_ambiguous
18957,云浮,加益镇,排阜行政村,扶旺村,云浮市,加益镇,,,0,,,admin_unmatched_or_ambiguous
18958,云浮,加益镇,排阜行政村,新寨村,云浮市,加益镇,,,0,,,admin_unmatched_or_ambiguous
18963,云浮,加益镇,排阜行政村,新湾村,云浮市,加益镇,,,0,,,admin_unmatched_or_ambiguous
18955,云浮,加益镇,排阜行政村,旺英坑村,云浮市,加益镇,,,0,,,admin_unmatched_or_ambiguous
18964,云浮,加益镇,排阜行政村,湾队村,云浮市,加益镇,,,0,,,admin_unmatched_or_ambiguous
18959,云浮,加益镇,排阜行政村,红丰村,云浮市,加益镇,,,0,,,admin_unmatched_or_ambiguous
18956,云浮,加益镇,排阜行政村,红光村,云浮市,加益镇,,,0,,,admin_unmatched_or_ambiguous
18953,云浮,加益镇,排阜行政村,红旗村,云浮市,加益镇,,,0,,,admin_unmatched_or_ambiguous
21900,云浮,千官镇,塱济行政村,三级村,云浮市,千官镇,,,0,,,admin_unmatched_or_ambiguous
21884,云浮,千官镇,塱济行政村,九分村,云浮市,千官镇,,,0,,,admin_unmatched_or_ambiguous
21885,云浮,千官镇,塱济行政村,伟塘村,云浮市,千官镇,,,0,,,admin_unmatched_or_ambiguous
21898,云浮,千官镇,塱济行政村,倒流坑村,云浮市,千官镇,,,0,,,admin_unmatched_or_ambiguous
21896,云浮,千官镇,塱济行政村,十二灶村,云浮市,千官镇,,,0,,,admin_unmatched_or_ambiguous
21903,云浮,千官镇,塱济行政村,单竹坑村,云浮市,千官镇,,,0,,,admin_unmatched_or_ambiguous
21904,云浮,千官镇,塱济行政村,大榄坑村,云浮市,千官镇,,,0,,,admin_unmatched_or_ambiguous
21887,云浮,千官镇,塱济行政村,广才村,云浮市,千官镇,,,0,,,admin_unmatched_or_ambiguous
21892,云浮,千官镇,塱济行政村,张屋村,云浮市,千官镇,,,0,,,admin_unmatched_or_ambiguous
21906,云浮,千官镇,塱济行政村,才众坑村,云浮市,千官镇,,,0,,,admin_unmatched_or_ambiguous
21895,云浮,千官镇,塱济行政村,文郁村,云浮市,千官镇,,,0,,,admin_unmatched_or_ambiguous
21890,云浮,千官镇,塱济行政村,斩船坑村,云浮市,千官镇,,,0,,,admin_unmatched_or_ambiguous
21905,云浮,千官镇,塱济行政村,新担塘村,云浮市,千官镇,,,0,,,admin_unmatched_or_ambiguous
21902,云浮,千官镇,塱济行政村,木丫村,云浮市,千官镇,,,0,,,admin_unmatched_or_ambiguous
21891,云浮,千官镇,塱济行政村,林屋村,云浮市,千官镇,,,0,,,admin_unmatched_or_ambiguous
21899,云浮,千官镇,塱济行政村,森木坑村,云浮市,千官镇,,,0,,,admin_unmatched_or_ambiguous
21893,云浮,千官镇,塱济行政村,深塘村,云浮市,千官镇,,,0,,,admin_unmatched_or_ambiguous
21901,云浮,千官镇,塱济行政村,牛屎埂村,云浮市,千官镇,,,0,,,admin_unmatched_or_ambiguous
21897,云浮,千官镇,塱济行政村,禾唛顶村,云浮市,千官镇,,,0,,,admin_unmatched_or_ambiguous
21894,云浮,千官镇,塱济行政村,聋坑村,云浮市,千官镇,,,0,,,admin_unmatched_or_ambiguous
21883,云浮,千官镇,塱济行政村,茶根村,云浮市,千官镇,,,0,,,admin_unmatched_or_ambiguous
21889,云浮,千官镇,塱济行政村,荷木根村,云浮市,千官镇,,,0,,,admin_unmatched_or_ambiguous
21907,云浮,千官镇,塱济行政村,豆腐头村,云浮市,千官镇,,,0,,,admin_unmatched_or_ambiguous
21886,云浮,千官镇,塱济行政村,长坑尾村,云浮市,千官镇,,,0,,,admin_unmatched_or_ambiguous
21888,云浮,千官镇,塱济行政村,高长坑村,云浮市,千官镇,,,0,,,admin_unmatched_or_ambiguous
22814,云浮,南江口镇,双冲行政村,上桐村,云浮市,南江口镇,,,0,,,admin_unmatched_or_ambiguous
22816,云浮,南江口镇,双冲行政村,中垌村,云浮市,南江口镇,,,0,,,admin_unmatched_or_ambiguous
22815,云浮,南江口镇,双冲行政村,信地村,云浮市,南江口镇,,,0,,,admin_unmatched_or_ambiguous
22822,云浮,南江口镇,双冲行政村,双冲寨村,云浮市,南江口镇,,,0,,,admin_unmatched_or_ambiguous
22821,云浮,南江口镇,双冲行政村,坑口村,云浮市,南江口镇,,,0,,,admin_unmatched_or_ambiguous
22813,云浮,南江口镇,双冲行政村,坑更村,云浮市,南江口镇,,,0,,,admin_unmatched_or_ambiguous
22812,云浮,南江口镇,双冲行政村,大坪村,云浮市,南江口镇,,,0,,,admin_unmatched_or_ambiguous
22824,云浮,南江口镇,双冲行政村,新注村,云浮市,南江口镇,,,0,,,admin_unmatched_or_ambiguous
22817,云浮,南江口镇,双冲行政村,昔铜村,云浮市,南江口镇,,,0,,,admin_unmatched_or_ambiguous
22823,云浮,南江口镇,双冲行政村,沙街村,云浮市,南江口镇,,,0,,,admin_unmatched_or_ambiguous
22818,云浮,南江口镇,双冲行政村,竹树根村,云浮市,南江口镇,,,0,,,admin_unmatched_or_ambiguous
22820,云浮,南江口镇,双冲行政村,英咀村,云浮市,南江口镇,,,0,,,admin_unmatched_or_ambiguous
22819,云浮,南江口镇,双冲行政村,黄茅村,云浮市,南江口镇,,,0,,,admin_unmatched_or_ambiguous
20919,云浮,南盛镇,大视行政村,坑尾村,云浮市,南盛镇,,,0,,,admin_unmatched_or_ambiguous
20917,云浮,南盛镇,大视行政村,大视村,云浮市,南盛镇,,,0,,,admin_unmatched_or_ambiguous
20923,云浮,南盛镇,大视行政村,新村,云浮市,南盛镇,,,0,,,admin_unmatched_or_ambiguous
20922,云浮,南盛镇,大视行政村,王屋村,云浮市,南盛镇,,,0,,,admin_unmatched_or_ambiguous
20921,云浮,南盛镇,大视行政村,田料村,云浮市,南盛镇,,,0,,,admin_unmatched_or_ambiguous
20920,云浮,南盛镇,大视行政村,路头坑村,云浮市,南盛镇,,,0,,,admin_unmatched_or_ambiguous
20916,云浮,南盛镇,大视行政村,车陂村,云浮市,南盛镇,,,0,,,admin_unmatched_or_ambiguous
20918,云浮,南盛镇,大视行政村,降下村,云浮市,南盛镇,,,0,,,admin_unmatched_or_ambiguous
20915,云浮,南盛镇,大视行政村,黎屋村,云浮市,南盛镇,,,0,,,admin_unmatched_or_ambiguous
20931,云浮,南盛镇,视岭行政村,三元坪村,云浮市,南盛镇,,,0,,,admin_unmatched_or_ambiguous
20933,云浮,南盛镇,视岭行政村,上六村,云浮市,南盛镇,,,0,,,admin_unmatched_or_ambiguous
20926,云浮,南盛镇,视岭行政村,佛子斗村,云浮市,南盛镇,,,0,,,admin_unmatched_or_ambiguous
20925,云浮,南盛镇,视岭行政村,办坑村,云浮市,南盛镇,,,0,,,admin_unmatched_or_ambiguous
20934,云浮,南盛镇,视岭行政村,塘角村,云浮市,南盛镇,,,0,,,admin_unmatched_or_ambiguous
20927,云浮,南盛镇,视岭行政村,大坑洞村,云浮市,南盛镇,,,0,,,admin_unmatched_or_ambiguous
20924,云浮,南盛镇,视岭行政村,暗上洞村,云浮市,南盛镇,,,0,,,admin_unmatched_or_ambiguous
20928,云浮,南盛镇,视岭行政村,横坑村,云浮市,南盛镇,,,0,,,admin_unmatched_or_ambiguous
20929,云浮,南盛镇,视岭行政村,滑石村,云浮市,南盛镇,,,0,,,admin_unmatched_or_ambiguous
20932,云浮,南盛镇,视岭行政村,犁木形村,云浮市,南盛镇,,,0,,,admin_unmatched_or_ambiguous
20930,云浮,南盛镇,视岭行政村,视岭村,云浮市,南盛镇,,,0,,,admin_unmatched_or_ambiguous
22729,云浮,历洞镇,旺埔行政村,大磨山村,云浮市,历洞镇,,,0,,,admin_unmatched_or_ambiguous
22727,云浮,历洞镇,旺埔行政村,崩岗村,云浮市,历洞镇,,,0,,,admin_unmatched_or_ambiguous
22722,云浮,历洞镇,旺埔行政村,旺埔村,云浮市,历洞镇,,,0,,,admin_unmatched_or_ambiguous
22723,云浮,历洞镇,旺埔行政村,河背村,云浮市,历洞镇,,,0,,,admin_unmatched_or_ambiguous
22728,云浮,历洞镇,旺埔行政村,稔子窝村,云浮市,历洞镇,,,0,,,admin_unmatched_or_ambiguous
22725,云浮,历洞镇,旺埔行政村,罗屋村,云浮市,历洞镇,,,0,,,admin_unmatched_or_ambiguous
22724,云浮,历洞镇,旺埔行政村,赖屋村,云浮市,历洞镇,,,0,,,admin_unmatched_or_ambiguous
22726,云浮,历洞镇,旺埔行政村,马村,云浮市,历洞镇,,,0,,,admin_unmatched_or_ambiguous
21560,云浮,嘴粤桂圩镇,木行政村,园珠村,云浮市,桂圩镇,,,0,,,admin_unmatched_or_ambiguous
21565,云浮,嘴粤桂圩镇,木行政村,大垌村,云浮市,桂圩镇,,,0,,,admin_unmatched_or_ambiguous
21558,云浮,嘴粤桂圩镇,木行政村,大寨村,云浮市,桂圩镇,,,0,,,admin_unmatched_or_ambiguous
21564,云浮,嘴粤桂圩镇,木行政村,山塘村,云浮市,桂圩镇,,,0,,,admin_unmatched_or_ambiguous
21566,云浮,嘴粤桂圩镇,木行政村,梦腰村,云浮市,桂圩镇,,,0,,,admin_unmatched_or_ambiguous
21561,云浮,嘴粤桂圩镇,木行政村,河六村,云浮市,桂圩镇,,,0,,,admin_unmatched_or_ambiguous
21567,云浮,嘴粤桂圩镇,木行政村,片村,云浮市,桂圩镇,,,0,,,admin_unmatched_or_ambiguous
21568,云浮,嘴粤桂圩镇,木行政村,石井村,云浮市,桂圩镇,,,0,,,admin_unmatched_or_ambiguous
21559,云浮,嘴粤桂圩镇,木行政村,细寨村,云浮市,桂圩镇,,,0,,,admin_unmatched_or_ambiguous
21562,云浮,嘴粤桂圩镇,木行政村,鸡村,云浮市,桂圩镇,,,0,,,admin_unmatched_or_ambiguous
21563,云浮,嘴粤桂圩镇,木行政村,龙状村,云浮市,桂圩镇,,,0,,,admin_unmatched_or_ambiguous
21618,云浮,嘴粤桂圩镇,莆口行政村,二塘排村,云浮市,桂圩镇,,,0,,,admin_unmatched_or_ambiguous
21613,云浮,嘴粤桂圩镇,莆口行政村,平山村,云浮市,桂圩镇,,,0,,,admin_unmatched_or_ambiguous
21614,云浮,嘴粤桂圩镇,莆口行政村,泗凤村,云浮市,桂圩镇,,,0,,,admin_unmatched_or_ambiguous
21615,云浮,嘴粤桂圩镇,莆口行政村,赤泥村,云浮市,桂圩镇,,,0,,,admin_unmatched_or_ambiguous
21617,云浮,嘴粤桂圩镇,莆口行政村,道枝村,云浮市,桂圩镇,,,0,,,admin_unmatched_or_ambiguous
21616,云浮,嘴粤桂圩镇,莆口行政村,龙田村,云浮市,桂圩镇,,,0,,,admin_unmatched_or_ambiguous
21636,云浮,嘴粤桂圩镇,螺村行政村,信务村,云浮市,桂圩镇,,,0,,,admin_unmatched_or_ambiguous
21637,云浮,嘴粤桂圩镇,螺村行政村,大仆村,云浮市,桂圩镇,,,0,,,admin_unmatched_or_ambiguous
21635,云浮,嘴粤桂圩镇,螺村行政村,螺村,云浮市,桂圩镇,,,0,,,admin_unmatched_or_ambiguous
19515,云浮,围底镇,杨村行政村,杨村,云浮市,围底镇,,,0,,,admin_unmatched_or_ambiguous
19514,云浮,围底镇,杨村行政村,泗涧村,云浮市,围底镇,,,0,,,admin_unmatched_or_ambiguous
19522,云浮,围底镇,满社行政村,满社村,云浮市,围底镇,,,0,,,admin_unmatched_or_ambiguous
19520,云浮,围底镇,满社行政村,百子塘村,云浮市,围底镇,,,0,,,admin_unmatched_or_ambiguous
19521,云浮,围底镇,满社行政村,达村,云浮市,围底镇,,,0,,,admin_unmatched_or_ambiguous
19442,云浮,围底镇,陀埽行政村,凤胜塘村,云浮市,围底镇,,,0,,,admin_unmatched_or_ambiguous
19445,云浮,围底镇,陀埽行政村,平山村,云浮市,围底镇,,,0,,,admin_unmatched_or_ambiguous
19444,云浮,围底镇,陀埽行政村,康屋村,云浮市,围底镇,,,0,,,admin_unmatched_or_ambiguous
19446,云浮,围底镇,陀埽行政村,桐油坪村,云浮市,围底镇,,,0,,,admin_unmatched_or_ambiguous
19449,云浮,围底镇,陀埽行政村,窑头村,云浮市,围底镇,,,0,,,admin_unmatched_or_ambiguous
19447,云浮,围底镇,陀埽行政村,陀诵村,云浮市,围底镇,,,0,,,admin_unmatched_or_ambiguous
19443,云浮,围底镇,陀埽行政村,高车岗村,云浮市,围底镇,,,0,,,admin_unmatched_or_ambiguous
19448,云浮,围底镇,陀埽行政村,鸭仔下村,云浮市,围底镇,,,0,,,admin_unmatched_or_ambiguous
22377,云浮,大湾镇,梦葛行政村,上四村,云浮市,大湾镇,,,0,,,admin_unmatched_or_ambiguous
22376,云浮,大湾镇,梦葛行政村,下画村,云浮市,大湾镇,,,0,,,admin_unmatched_or_ambiguous
22371,云浮,大湾镇,梦葛行政村,梦葛村,云浮市,大湾镇,,,0,,,admin_unmatched_or_ambiguous
22374,云浮,大湾镇,梦葛行政村,梦贡村,云浮市,大湾镇,,,0,,,admin_unmatched_or_ambiguous
22375,云浮,大湾镇,梦葛行政村,甘口村,云浮市,大湾镇,,,0,,,admin_unmatched_or_ambiguous
22372,云浮,大湾镇,梦葛行政村,竹车村,云浮市,大湾镇,,,0,,,admin_unmatched_or_ambiguous
22373,云浮,大湾镇,梦葛行政村,高垌村,云浮市,大湾镇,,,0,,,admin_unmatched_or_ambiguous
22340,云浮,大湾镇,梦蓬行政村,侯屋村,云浮市,大湾镇,,,0,,,admin_unmatched_or_ambiguous
22336,云浮,大湾镇,梦蓬行政村,冠塘村,云浮市,大湾镇,,,0,,,admin_unmatched_or_ambiguous
22349,云浮,大湾镇,梦蓬行政村,南方村,云浮市,大湾镇,,,0,,,admin_unmatched_or_ambiguous
22335,云浮,大湾镇,梦蓬行政村,大屋村,云浮市,大湾镇,,,0,,,admin_unmatched_or_ambiguous
22332,云浮,大湾镇,梦蓬行政村,张屋村,云浮市,大湾镇,,,0,,,admin_unmatched_or_ambiguous
22348,云浮,大湾镇,梦蓬行政村,新华村,云浮市,大湾镇,,,0,,,admin_unmatched_or_ambiguous
22345,云浮,大湾镇,梦蓬行政村,新木坪村,云浮市,大湾镇,,,0,,,admin_unmatched_or_ambiguous
22346,云浮,大湾镇,梦蓬行政村,木坪村,云浮市,大湾镇,,,0,,,admin_unmatched_or_ambiguous
22341,云浮,大湾镇,梦蓬行政村,枸杞湾村,云浮市,大湾镇,,,0,,,admin_unmatched_or_ambiguous
22339,云浮,大湾镇,梦蓬行政村,滨塘村,云浮市,大湾镇,,,0,,,admin_unmatched_or_ambiguous
22337,云浮,大湾镇,梦蓬行政村,潘屋村,云浮市,大湾镇,,,0,,,admin_unmatched_or_ambiguous
22333,云浮,大湾镇,梦蓬行政村,王屋村,云浮市,大湾镇,,,0,,,admin_unmatched_or_ambiguous
22343,云浮,大湾镇,梦蓬行政村,皖鱼塘村,云浮市,大湾镇,,,0,,,admin_unmatched_or_ambiguous
22338,云浮,大湾镇,梦蓬行政村,罗移村,云浮市,大湾镇,,,0,,,admin_unmatched_or_ambiguous
22342,云浮,大湾镇,梦蓬行政村,莲花脚村,云浮市,大湾镇,,,0,,,admin_unmatched_or_ambiguous
22344,云浮,大湾镇,梦蓬行政村,连塘村,云浮市,大湾镇,,,0,,,admin_unmatched_or_ambiguous
22334,云浮,大湾镇,梦蓬行政村,鸡关村,云浮市,大湾镇,,,0,,,admin_unmatched_or_ambiguous
22347,云浮,大湾镇,梦蓬行政村,黎木塘村,云浮市,大湾镇,,,0,,,admin_unmatched_or_ambiguous
17494,云浮,宝粤茜塘镇,满东行政村,三台村,云浮市,䓣塘镇,,,0,,,admin_unmatched_or_ambiguous
17497,云浮,宝粤茜塘镇,满东行政村,墩头村,云浮市,䓣塘镇,,,0,,,admin_unmatched_or_ambiguous
17498,云浮,宝粤茜塘镇,满东行政村,巡司村,云浮市,䓣塘镇,,,0,,,admin_unmatched_or_ambiguous
17503,云浮,宝粤茜塘镇,满东行政村,新围村,云浮市,䓣塘镇,,,0,,,admin_unmatched_or_ambiguous
17504,云浮,宝粤茜塘镇,满东行政村,石嘴村,云浮市,䓣塘镇,,,0,,,admin_unmatched_or_ambiguous
17502,云浮,宝粤茜塘镇,满东行政村,石曹村,云浮市,䓣塘镇,,,0,,,admin_unmatched_or_ambiguous
17501,云浮,宝粤茜塘镇,满东行政村,石架村,云浮市,䓣塘镇,,,0,,,admin_unmatched_or_ambiguous
17505,云浮,宝粤茜塘镇,满东行政村,石狗满村,云浮市,䓣塘镇,,,0,,,admin_unmatched_or_ambiguous
17496,云浮,宝粤茜塘镇,满东行政村,竹围村,云浮市,䓣塘镇,,,0,,,admin_unmatched_or_ambiguous
17495,云浮,宝粤茜塘镇,满东行政村,竹林村,云浮市,䓣塘镇,,,0,,,admin_unmatched_or_ambiguous
17500,云浮,宝粤茜塘镇,满东行政村,给照村,云浮市,䓣塘镇,,,0,,,admin_unmatched_or_ambiguous
17499,云浮,宝粤茜塘镇,满东行政村,饭甑石村,云浮市,䓣塘镇,,,0,,,admin_unmatched_or_ambiguous
17493,云浮,宝粤茜塘镇,满东行政村,龙塘村,云浮市,䓣塘镇,,,0,,,admin_unmatched_or_ambiguous
17507,云浮,宝粤茜塘镇,满南行政村,九座屋村,云浮市,䓣塘镇,,,0,,,admin_unmatched_or_ambiguous
17510,云浮,宝粤茜塘镇,满南行政村,四杀轭村,云浮市,䓣塘镇,,,0,,,admin_unmatched_or_ambiguous
17508,云浮,宝粤茜塘镇,满南行政村,坭寨村,云浮市,䓣塘镇,,,0,,,admin_unmatched_or_ambiguous
17511,云浮,宝粤茜塘镇,满南行政村,岗尾村,云浮市,䓣塘镇,,,0,,,admin_unmatched_or_ambiguous
17512,云浮,宝粤茜塘镇,满南行政村,禾九塘村,云浮市,䓣塘镇,,,0,,,admin_unmatched_or_ambiguous
17506,云浮,宝粤茜塘镇,满南行政村,简照村,云浮市,䓣塘镇,,,0,,,admin_unmatched_or_ambiguous
17509,云浮,宝粤茜塘镇,满南行政村,荔枝园村,云浮市,䓣塘镇,,,0,,,admin_unmatched_or_ambiguous
17453,云浮,宝粤茜塘镇,满塘社区,小垌村,云浮市,䓣塘镇,,,0,,,admin_unmatched_or_ambiguous
17451,云浮,宝粤茜塘镇,满塘社区,岗新村,云浮市,䓣塘镇,,,0,,,admin_unmatched_or_ambiguous
17452,云浮,宝粤茜塘镇,满塘社区,岗背村,云浮市,䓣塘镇,,,0,,,admin_unmatched_or_ambiguous
17455,云浮,宝粤茜塘镇,满塘社区,新村,云浮市,䓣塘镇,,,0,,,admin_unmatched_or_ambiguous
17454,云浮,宝粤茜塘镇,满塘社区,邓屋村,云浮市,䓣塘镇,,,0,,,admin_unmatched_or_ambiguous
17449,云浮,宝粤茜塘镇,满塘社区,马鞍塘村,云浮市,䓣塘镇,,,0,,,admin_unmatched_or_ambiguous
17450,云浮,宝粤茜塘镇,满塘社区,高墩村,云浮市,䓣塘镇,,,0,,,admin_unmatched_or_ambiguous
17536,云浮,宝粤茜塘镇,石碑行政村,大园角村,云浮市,䓣塘镇,,,0,,,admin_unmatched_or_ambiguous
17537,云浮,宝粤茜塘镇,石碑行政村,左屋村,云浮市,䓣塘镇,,,0,,,admin_unmatched_or_ambiguous
17535,云浮,宝粤茜塘镇,石碑行政村,温屋村,云浮市,䓣塘镇,,,0,,,admin_unmatched_or_ambiguous
17539,云浮,宝粤茜塘镇,石碑行政村,独石村,云浮市,䓣塘镇,,,0,,,admin_unmatched_or_ambiguous
17538,云浮,宝粤茜塘镇,石碑行政村,石尾塘村,云浮市,䓣塘镇,,,0,,,admin_unmatched_or_ambiguous
17472,云浮,宝粤茜塘镇,都近行政村,圩背村,云浮市,䓣塘镇,,,0,,,admin_unmatched_or_ambiguous
17473,云浮,宝粤茜塘镇,都近行政村,莫屋村,云浮市,䓣塘镇,,,0,,,admin_unmatched_or_ambiguous
17471,云浮,宝粤茜塘镇,都近行政村,都近村,云浮市,䓣塘镇,,,0,,,admin_unmatched_or_ambiguous
17490,云浮,宝粤茜塘镇,黄金满行政村,大塘面村,云浮市,䓣塘镇,,,0,,,admin_unmatched_or_ambiguous
17487,云浮,宝粤茜塘镇,黄金满行政村,岗坪村,云浮市,䓣塘镇,,,0,,,admin_unmatched_or_ambiguous
17486,云浮,宝粤茜塘镇,黄金满行政村,思罗村,云浮市,䓣塘镇,,,0,,,admin_unmatched_or_ambiguous
17489,云浮,宝粤茜塘镇,黄金满行政村,马窿村,云浮市,䓣塘镇,,,0,,,admin_unmatched_or_ambiguous
17492,云浮,宝粤茜塘镇,黄金满行政村,高明寨村,云浮市,䓣塘镇,,,0,,,admin_unmatched_or_ambiguous
17491,云浮,宝粤茜塘镇,黄金满行政村,高树围村,云浮市,䓣塘镇,,,0,,,admin_unmatched_or_ambiguous
17488,云浮,宝粤茜塘镇,黄金满行政村,黄金满村,云浮市,䓣塘镇,,,0,,,admin_unmatched_or_ambiguous
19816,云浮,富林镇,南浦行政村,元眼根村,云浮市,富林镇,,,0,,,admin_unmatched_or_ambiguous
19811,云浮,富林镇,南浦行政村,冷水村,云浮市,富林镇,,,0,,,admin_unmatched_or_ambiguous
19815,云浮,富林镇,南浦行政村,新屋坪村,云浮市,富林镇,,,0,,,admin_unmatched_or_ambiguous
19814,云浮,富林镇,南浦行政村,石仔墩村,云浮市,富林镇,,,0,,,admin_unmatched_or_ambiguous
19813,云浮,富林镇,南浦行政村,石营村,云浮市,富林镇,,,0,,,admin_unmatched_or_ambiguous
19812,云浮,富林镇,南浦行政村,窿口村,云浮市,富林镇,,,0,,,admin_unmatched_or_ambiguous
21527,云浮,平台镇,赐步行政村,罗埌村,云浮市,平台镇,,,0,,,admin_unmatched_or_ambiguous
21526,云浮,平台镇,赐步行政村,赐步村,云浮市,平台镇,,,0,,,admin_unmatched_or_ambiguous
21842,云浮,建城镇,冲口行政村,埔口村,云浮市,建城镇,,,0,,,admin_unmatched_or_ambiguous
21843,云浮,建城镇,冲口行政村,埔坑村,云浮市,建城镇,,,0,,,admin_unmatched_or_ambiguous
21839,云浮,建城镇,冲口行政村,大地村,云浮市,建城镇,,,0,,,admin_unmatched_or_ambiguous
21840,云浮,建城镇,冲口行政村,孖冲村,云浮市,建城镇,,,0,,,admin_unmatched_or_ambiguous
21838,云浮,建城镇,冲口行政村,宝石村,云浮市,建城镇,,,0,,,admin_unmatched_or_ambiguous
21841,云浮,建城镇,冲口行政村,石九村,云浮市,建城镇,,,0,,,admin_unmatched_or_ambiguous
18037,云浮,皙滨镇,泣田行政村,大石坑村,云浮市,榃滨镇,,,0,,,admin_unmatched_or_ambiguous
18033,云浮,皙滨镇,泣田行政村,屋地洼村,云浮市,榃滨镇,,,0,,,admin_unmatched_or_ambiguous
18031,云浮,皙滨镇,泣田行政村,新寨村,云浮市,榃滨镇,,,0,,,admin_unmatched_or_ambiguous
18028,云浮,皙滨镇,泣田行政村,旧屋坑村,云浮市,榃滨镇,,,0,,,admin_unmatched_or_ambiguous
18032,云浮,皙滨镇,泣田行政村,木寮坑村,云浮市,榃滨镇,,,0,,,admin_unmatched_or_ambiguous
18039,云浮,皙滨镇,泣田行政村,木栏塘村,云浮市,榃滨镇,,,0,,,admin_unmatched_or_ambiguous
18035,云浮,皙滨镇,泣田行政村,榕树坑村,云浮市,榃滨镇,,,0,,,admin_unmatched_or_ambiguous
18029,云浮,皙滨镇,泣田行政村,沙黄坑村,云浮市,榃滨镇,,,0,,,admin_unmatched_or_ambiguous
18027,云浮,皙滨镇,泣田行政村,田尾坑村,云浮市,榃滨镇,,,0,,,admin_unmatched_or_ambiguous
18034,云浮,皙滨镇,泣田行政村,福来村,云浮市,榃滨镇,,,0,,,admin_unmatched_or_ambiguous
18030,云浮,皙滨镇,泣田行政村,迳口村,云浮市,榃滨镇,,,0,,,admin_unmatched_or_ambiguous
18038,云浮,皙滨镇,泣田行政村,长坑村,云浮市,榃滨镇,,,0,,,admin_unmatched_or_ambiguous
18036,云浮,皙滨镇,泣田行政村,高塱村,云浮市,榃滨镇,,,0,,,admin_unmatched_or_ambiguous
19690,云浮,素龙街道,通表行政村,埔表村,云浮市,素龙街道,,,0,,,admin_unmatched_or_ambiguous
19689,云浮,素龙街道,通表行政村,富久岗村,云浮市,素龙街道,,,0,,,admin_unmatched_or_ambiguous
19691,云浮,素龙街道,通表行政村,水浸村,云浮市,素龙街道,,,0,,,admin_unmatched_or_ambiguous
19688,云浮,素龙街道,通表行政村,水美底村,云浮市,素龙街道,,,0,,,admin_unmatched_or_ambiguous
19693,云浮,素龙街道,通表行政村,罗角埔村,云浮市,素龙街道,,,0,,,admin_unmatched_or_ambiguous
19692,云浮,素龙街道,通表行政村,罗迪岗村,云浮市,素龙街道,,,0,,,admin_unmatched_or_ambiguous
19694,云浮,素龙街道,通表行政村,罗迪螃村,云浮市,素龙街道,,,0,,,admin_unmatched_or_ambiguous
19271,云浮,罗城街道,东区社区,丽久巷村,云浮市,罗城街道,,,0,,,admin_unmatched_or_ambiguous
19270,云浮,罗城街道,东区社区,丽久路村,云浮市,罗城街道,,,0,,,admin_unmatched_or_ambiguous
19272,云浮,罗城街道,东区社区,射箭岗村,云浮市,罗城街道,,,0,,,admin_unmatched_or_ambiguous
19273,云浮,罗城街道,东区社区,谢屋巷村,云浮市,罗城街道,,,0,,,admin_unmatched_or_ambiguous
19269,云浮,罗城街道,东区社区,逢源路村,云浮市,罗城街道,,,0,,,admin_unmatched_or_ambiguous
19295,云浮,罗城街道,中区社区,中华街村,云浮市,罗城街道,,,0,,,admin_unmatched_or_ambiguous
19291,云浮,罗城街道,中区社区,人民中路村,云浮市,罗城街道,,,0,,,admin_unmatched_or_ambiguous
19294,云浮,罗城街道,中区社区,泽汇路村,云浮市,罗城街道,,,0,,,admin_unmatched_or_ambiguous
19292,云浮,罗城街道,中区社区,深水塘村,云浮市,罗城街道,,,0,,,admin_unmatched_or_ambiguous
19293,云浮,罗城街道,中区社区,石桥头路村,云浮市,罗城街道,,,0,,,admin_unmatched_or_ambiguous
19290,云浮,罗城街道,中区社区,谷岗里村,云浮市,罗城街道,,,0,,,admin_unmatched_or_ambiguous
19289,云浮,罗城街道,北区社区,人民北路村,云浮市,罗城街道,,,0,,,admin_unmatched_or_ambiguous
19287,云浮,罗城街道,北区社区,河坝路村,云浮市,罗城街道,,,0,,,admin_unmatched_or_ambiguous
19288,云浮,罗城街道,北区社区,胡屋巷村,云浮市,罗城街道,,,0,,,admin_unmatched_or_ambiguous
19285,云浮,罗城街道,北区社区,道前街村,云浮市,罗城街道,,,0,,,admin_unmatched_or_ambiguous
19286,云浮,罗城街道,北区社区,高街路村,云浮市,罗城街道,,,0,,,admin_unmatched_or_ambiguous
19278,云浮,罗城街道,南区社区,向阳路村,云浮市,罗城街道,,,0,,,admin_unmatched_or_ambiguous
19275,云浮,罗城街道,南区社区,横街路村,云浮市,罗城街道,,,0,,,admin_unmatched_or_ambiguous
19277,云浮,罗城街道,南区社区,气象路村,云浮市,罗城街道,,,0,,,admin_unmatched_or_ambiguous
19274,云浮,罗城街道,南区社区,禾地岗村,云浮市,罗城街道,,,0,,,admin_unmatched_or_ambiguous
19276,云浮,罗城街道,南区社区,较场顶村,云浮市,罗城街道,,,0,,,admin_unmatched_or_ambiguous
19316,云浮,罗城街道,城东社区,上午里村,云浮市,罗城街道,,,0,,,admin_unmatched_or_ambiguous
19317,云浮,罗城街道,城东社区,上章平村,云浮市,罗城街道,,,0,,,admin_unmatched_or_ambiguous
19315,云浮,罗城街道,城东社区,儒良岗村,云浮市,罗城街道,,,0,,,admin_unmatched_or_ambiguous
19314,云浮,罗城街道,城东社区,儒良道村,云浮市,罗城街道,,,0,,,admin_unmatched_or_ambiguous
19318,云浮,罗城街道,城东社区,章平道村,云浮市,罗城街道,,,0,,,admin_unmatched_or_ambiguous
19320,云浮,罗城街道,柑园社区,傅屋村,云浮市,罗城街道,,,0,,,admin_unmatched_or_ambiguous
19319,云浮,罗城街道,柑园社区,冯屋村,云浮市,罗城街道,,,0,,,admin_unmatched_or_ambiguous
19326,云浮,罗城街道,柑园社区,刘屋村,云浮市,罗城街道,,,0,,,admin_unmatched_or_ambiguous
19330,云浮,罗城街道,柑园社区,区屋村,云浮市,罗城街道,,,0,,,admin_unmatched_or_ambiguous
19337,云浮,罗城街道,柑园社区,周屋村,云浮市,罗城街道,,,0,,,admin_unmatched_or_ambiguous
19332,云浮,罗城街道,柑园社区,唐屋村,云浮市,罗城街道,,,0,,,admin_unmatched_or_ambiguous
19328,云浮,罗城街道,柑园社区,宁屋村,云浮市,罗城街道,,,0,,,admin_unmatched_or_ambiguous
19336,云浮,罗城街道,柑园社区,张屋村,云浮市,罗城街道,,,0,,,admin_unmatched_or_ambiguous
19329,云浮,罗城街道,柑园社区,彭屋村,云浮市,罗城街道,,,0,,,admin_unmatched_or_ambiguous
19333,云浮,罗城街道,柑园社区,文屋村,云浮市,罗城街道,,,0,,,admin_unmatched_or_ambiguous
19323,云浮,罗城街道,柑园社区,李屋村,云浮市,罗城街道,,,0,,,admin_unmatched_or_ambiguous
19335,云浮,罗城街道,柑园社区,杨屋村,云浮市,罗城街道,,,0,,,admin_unmatched_or_ambiguous
19325,云浮,罗城街道,柑园社区,林屋村,云浮市,罗城街道,,,0,,,admin_unmatched_or_ambiguous
19324,云浮,罗城街道,柑园社区,梁屋村,云浮市,罗城街道,,,0,,,admin_unmatched_or_ambiguous
19334,云浮,罗城街道,柑园社区,洗屋村,云浮市,罗城街道,,,0,,,admin_unmatched_or_ambiguous
19331,云浮,罗城街道,柑园社区,石屋村,云浮市,罗城街道,,,0,,,admin_unmatched_or_ambiguous
19327,云浮,罗城街道,柑园社区,罗屋村,云浮市,罗城街道,,,0,,,admin_unmatched_or_ambiguous
19321,云浮,罗城街道,柑园社区,黄屋村,云浮市,罗城街道,,,0,,,admin_unmatched_or_ambiguous
19322,云浮,罗城街道,柑园社区,黎屋村,云浮市,罗城街道,,,0,,,admin_unmatched_or_ambiguous
19301,云浮,罗城街道,石围社区,丽鸡岗村,云浮市,罗城街道,,,0,,,admin_unmatched_or_ambiguous
19303,云浮,罗城街道,石围社区,南平圩村,云浮市,罗城街道,,,0,,,admin_unmatched_or_ambiguous
19298,云浮,罗城街道,石围社区,大夫第村,云浮市,罗城街道,,,0,,,admin_unmatched_or_ambiguous
19299,云浮,罗城街道,石围社区,大宗里村,云浮市,罗城街道,,,0,,,admin_unmatched_or_ambiguous
19297,云浮,罗城街道,石围社区,拔塘头村,云浮市,罗城街道,,,0,,,admin_unmatched_or_ambiguous
19296,云浮,罗城街道,石围社区,拔塘顶村,云浮市,罗城街道,,,0,,,admin_unmatched_or_ambiguous
19305,云浮,罗城街道,石围社区,新和村,云浮市,罗城街道,,,0,,,admin_unmatched_or_ambiguous
19306,云浮,罗城街道,石围社区,新屋里村,云浮市,罗城街道,,,0,,,admin_unmatched_or_ambiguous
19307,云浮,罗城街道,石围社区,朱屋村,云浮市,罗城街道,,,0,,,admin_unmatched_or_ambiguous
19302,云浮,罗城街道,石围社区,楼脚村,云浮市,罗城街道,,,0,,,admin_unmatched_or_ambiguous
19304,云浮,罗城街道,石围社区,牌坊村,云浮市,罗城街道,,,0,,,admin_unmatched_or_ambiguous
19300,云浮,罗城街道,石围社区,黎屋村,云浮市,罗城街道,,,0,,,admin_unmatched_or_ambiguous
19311,云浮,罗城街道,细坑社区,和平村,云浮市,罗城街道,,,0,,,admin_unmatched_or_ambiguous
19309,云浮,罗城街道,细坑社区,大洋村,云浮市,罗城街道,,,0,,,admin_unmatched_or_ambiguous
19312,云浮,罗城街道,细坑社区,新寨村,云浮市,罗城街道,,,0,,,admin_unmatched_or_ambiguous
19310,云浮,罗城街道,细坑社区,电塔新村,云浮市,罗城街道,,,0,,,admin_unmatched_or_ambiguous
19313,云浮,罗城街道,细坑社区,竹根村,云浮市,罗城街道,,,0,,,admin_unmatched_or_ambiguous
19308,云浮,罗城街道,细坑社区,赐禄村,云浮市,罗城街道,,,0,,,admin_unmatched_or_ambiguous
19279,云浮,罗城街道,西区社区,南平岗村,云浮市,罗城街道,,,0,,,admin_unmatched_or_ambiguous
19281,云浮,罗城街道,西区社区,南门头村,云浮市,罗城街道,,,0,,,admin_unmatched_or_ambiguous
19284,云浮,罗城街道,西区社区,戏院路村,云浮市,罗城街道,,,0,,,admin_unmatched_or_ambiguous
19282,云浮,罗城街道,西区社区,胜利街村,云浮市,罗城街道,,,0,,,admin_unmatched_or_ambiguous
19283,云浮,罗城街道,西区社区,西门岗村,云浮市,罗城街道,,,0,,,admin_unmatched_or_ambiguous
19280,云浮,罗城街道,西区社区,门楼塘村,云浮市,罗城街道,,,0,,,admin_unmatched_or_ambiguous
17260,云浮,罗平镇,双莲行政村,下垌村,云浮市,罗平镇,,,0,,,admin_unmatched_or_ambiguous
17259,云浮,罗平镇,双莲行政村,双莲村,云浮市,罗平镇,,,0,,,admin_unmatched_or_ambiguous
17258,云浮,罗平镇,双莲行政村,平龙村,云浮市,罗平镇,,,0,,,admin_unmatched_or_ambiguous
17261,云浮,罗平镇,双莲行政村,黄塘口村,云浮市,罗平镇,,,0,,,admin_unmatched_or_ambiguous
17245,云浮,罗平镇,古勇行政村,上羊角村,云浮市,罗平镇,,,0,,,admin_unmatched_or_ambiguous
17333,云浮,罗平镇,梦东行政村,养鸭塘村,云浮市,罗平镇,,,0,,,admin_unmatched_or_ambiguous
17330,云浮,罗平镇,梦东行政村,大塘边村,云浮市,罗平镇,,,0,,,admin_unmatched_or_ambiguous
17327,云浮,罗平镇,梦东行政村,大石塘村,云浮市,罗平镇,,,0,,,admin_unmatched_or_ambiguous
17323,云浮,罗平镇,梦东行政村,山心村,云浮市,罗平镇,,,0,,,admin_unmatched_or_ambiguous
17326,云浮,罗平镇,梦东行政村,山曲岗村,云浮市,罗平镇,,,0,,,admin_unmatched_or_ambiguous
17324,云浮,罗平镇,梦东行政村,庙背村,云浮市,罗平镇,,,0,,,admin_unmatched_or_ambiguous
17331,云浮,罗平镇,梦东行政村,新寨村,云浮市,罗平镇,,,0,,,admin_unmatched_or_ambiguous
17328,云浮,罗平镇,梦东行政村,梁屋村,云浮市,罗平镇,,,0,,,admin_unmatched_or_ambiguous
17325,云浮,罗平镇,梦东行政村,欧屋村,云浮市,罗平镇,,,0,,,admin_unmatched_or_ambiguous
17334,云浮,罗平镇,梦东行政村,水蒙岗村,云浮市,罗平镇,,,0,,,admin_unmatched_or_ambiguous
17332,云浮,罗平镇,梦东行政村,胜村,云浮市,罗平镇,,,0,,,admin_unmatched_or_ambiguous
17329,云浮,罗平镇,梦东行政村,谭屋村,云浮市,罗平镇,,,0,,,admin_unmatched_or_ambiguous
17341,云浮,罗平镇,梦北行政村,彭华楼村,云浮市,罗平镇,,,0,,,admin_unmatched_or_ambiguous
17340,云浮,罗平镇,梦北行政村,松塘村,云浮市,罗平镇,,,0,,,admin_unmatched_or_ambiguous
17342,云浮,罗平镇,梦北行政村,沙罗山村,云浮市,罗平镇,,,0,,,admin_unmatched_or_ambiguous
17343,云浮,罗平镇,梦北行政村,蒂塘村,云浮市,罗平镇,,,0,,,admin_unmatched_or_ambiguous
17278,云浮,罗平镇,梦阳行政村,双料村,云浮市,罗平镇,,,0,,,admin_unmatched_or_ambiguous
17279,云浮,罗平镇,梦阳行政村,塘光村,云浮市,罗平镇,,,0,,,admin_unmatched_or_ambiguous
17277,云浮,罗平镇,梦阳行政村,梦阳村,云浮市,罗平镇,,,0,,,admin_unmatched_or_ambiguous
17269,云浮,罗平镇,泣塘行政村,大屋山村,云浮市,罗平镇,,,0,,,admin_unmatched_or_ambiguous
17267,云浮,罗平镇,泣塘行政村,木古冲村,云浮市,罗平镇,,,0,,,admin_unmatched_or_ambiguous
17266,云浮,罗平镇,泣塘行政村,灌塘村,云浮市,罗平镇,,,0,,,admin_unmatched_or_ambiguous
17268,云浮,罗平镇,泣塘行政村,砚龙里村,云浮市,罗平镇,,,0,,,admin_unmatched_or_ambiguous
17270,云浮,罗平镇,泣塘行政村,马溪村,云浮市,罗平镇,,,0,,,admin_unmatched_or_ambiguous
17410,云浮,船步镇,双满行政村,勒渣村,云浮市,船步镇,,,0,,,admin_unmatched_or_ambiguous
17408,云浮,船步镇,双满行政村,双满村,云浮市,船步镇,,,0,,,admin_unmatched_or_ambiguous
17412,云浮,船步镇,双满行政村,石桐村,云浮市,船步镇,,,0,,,admin_unmatched_or_ambiguous
17411,云浮,船步镇,双满行政村,茅田村,云浮市,船步镇,,,0,,,admin_unmatched_or_ambiguous
17409,云浮,船步镇,双满行政村,高湛村,云浮市,船步镇,,,0,,,admin_unmatched_or_ambiguous
17392,云浮,船步镇,炉埔行政村,周松一村,云浮市,船步镇,,,0,,,admin_unmatched_or_ambiguous
17393,云浮,船步镇,炉埔行政村,周松二村,云浮市,船步镇,,,0,,,admin_unmatched_or_ambiguous
17390,云浮,船步镇,炉埔行政村,炉埔二村,云浮市,船步镇,,,0,,,admin_unmatched_or_ambiguous
17391,云浮,船步镇,炉埔行政村,炉埽三村,云浮市,船步镇,,,0,,,admin_unmatched_or_ambiguous
17389,云浮,船步镇,炉埔行政村,炉桶一村,云浮市,船步镇,,,0,,,admin_unmatched_or_ambiguous
17353,云浮,船步镇,船步社区,船步圩,云浮市,船步镇,,,0,,,admin_unmatched_or_ambiguous
18567,云浮,连州镇,蒲桐行政村,下蒲垌村,云浮市,连州镇,,,0,,,admin_unmatched_or_ambiguous
18572,云浮,连州镇,蒲桐行政村,坑尾村,云浮市,连州镇,,,0,,,admin_unmatched_or_ambiguous
18571,云浮,连州镇,蒲桐行政村,大屋村,云浮市,连州镇,,,0,,,admin_unmatched_or_ambiguous
18569,云浮,连州镇,蒲桐行政村,大平寨村,云浮市,连州镇,,,0,,,admin_unmatched_or_ambiguous
18568,云浮,连州镇,蒲桐行政村,大趟田村,云浮市,连州镇,,,0,,,admin_unmatched_or_ambiguous
18575,云浮,连州镇,蒲桐行政村,新寨村,云浮市,连州镇,,,0,,,admin_unmatched_or_ambiguous
18570,云浮,连州镇,蒲桐行政村,汤猪坑村,云浮市,连州镇,,,0,,,admin_unmatched_or_ambiguous
18573,云浮,连州镇,蒲桐行政村,湾垠村,云浮市,连州镇,,,0,,,admin_unmatched_or_ambiguous
18574,云浮,连州镇,蒲桐行政村,针同村,云浮市,连州镇,,,0,,,admin_unmatched_or_ambiguous
18576,云浮,连州镇,蒲桐行政村,高山村,云浮市,连州镇,,,0,,,admin_unmatched_or_ambiguous
22512,云浮,连滩镇,高视行政村,全安村,云浮市,连滩镇,,,0,,,admin_unmatched_or_ambiguous
22511,云浮,连滩镇,高视行政村,安宁村,云浮市,连滩镇,,,0,,,admin_unmatched_or_ambiguous
22513,云浮,连滩镇,高视行政村,高视村,云浮市,连滩镇,,,0,,,admin_unmatched_or_ambiguous
21471,云浮,都城镇,榄塘行政村,九塘口村,云浮市,都城镇,,,0,,,admin_unmatched_or_ambiguous
21466,云浮,都城镇,榄塘行政村,塘垌村,云浮市,都城镇,,,0,,,admin_unmatched_or_ambiguous
21469,云浮,都城镇,榄塘行政村,小榄村,云浮市,都城镇,,,0,,,admin_unmatched_or_ambiguous
21474,云浮,都城镇,榄塘行政村,庞鹿村,云浮市,都城镇,,,0,,,admin_unmatched_or_ambiguous
21467,云浮,都城镇,榄塘行政村,榄三村,云浮市,都城镇,,,0,,,admin_unmatched_or_ambiguous
21473,云浮,都城镇,榄塘行政村,氮肥厂边村,云浮市,都城镇,,,0,,,admin_unmatched_or_ambiguous
21472,云浮,都城镇,榄塘行政村,沙子岭村,云浮市,都城镇,,,0,,,admin_unmatched_or_ambiguous
21470,云浮,都城镇,榄塘行政村,虾山村,云浮市,都城镇,,,0,,,admin_unmatched_or_ambiguous
21468,云浮,都城镇,榄塘行政村,连安村,云浮市,都城镇,,,0,,,admin_unmatched_or_ambiguous
21465,云浮,都城镇,榄塘行政村,连平村,云浮市,都城镇,,,0,,,admin_unmatched_or_ambiguous
21476,云浮,都城镇,银盘行政村,山儿村,云浮市,都城镇,,,0,,,admin_unmatched_or_ambiguous
21475,云浮,都城镇,银盘行政村,银盘村,云浮市,都城镇,,,0,,,admin_unmatched_or_ambiguous
20676,云浮,都杨镇,都友行政村,水口村,云浮市,都杨镇,,,0,,,admin_unmatched_or_ambiguous
20677,云浮,都杨镇,都友行政村,瓦窑村,云浮市,都杨镇,,,0,,,admin_unmatched_or_ambiguous
20675,云浮,都杨镇,都友行政村,石咀村,云浮市,都杨镇,,,0,,,admin_unmatched_or_ambiguous
20674,云浮,都杨镇,都友行政村,石角村,云浮市,都杨镇,,,0,,,admin_unmatched_or_ambiguous
20673,云浮,都杨镇,都友行政村,都友村,云浮市,都杨镇,,,0,,,admin_unmatched_or_ambiguous
17543,云浮,金鸡镇,大桐行政村,上新村,云浮市,金鸡镇,,,0,,,admin_unmatched_or_ambiguous
17540,云浮,金鸡镇,大桐行政村,下新村,云浮市,金鸡镇,,,0,,,admin_unmatched_or_ambiguous
17548,云浮,金鸡镇,大桐行政村,岗咀村,云浮市,金鸡镇,,,0,,,admin_unmatched_or_ambiguous
17545,云浮,金鸡镇,大桐行政村,松岗脚村,云浮市,金鸡镇,,,0,,,admin_unmatched_or_ambiguous
17541,云浮,金鸡镇,大桐行政村,水岩村,云浮市,金鸡镇,,,0,,,admin_unmatched_or_ambiguous
17544,云浮,金鸡镇,大桐行政村,深塘围村,云浮市,金鸡镇,,,0,,,admin_unmatched_or_ambiguous
17546,云浮,金鸡镇,大桐行政村,清水村,云浮市,金鸡镇,,,0,,,admin_unmatched_or_ambiguous
17549,云浮,金鸡镇,大桐行政村,石宜村,云浮市,金鸡镇,,,0,,,admin_unmatched_or_ambiguous
17542,云浮,金鸡镇,大桐行政村,茶墩村,云浮市,金鸡镇,,,0,,,admin_unmatched_or_ambiguous
17547,云浮,金鸡镇,大桐行政村,蒲芦塘村,云浮市,金鸡镇,,,0,,,admin_unmatched_or_ambiguous
17550,云浮,金鸡镇,大桐行政村,龙眼塘村,云浮市,金鸡镇,,,0,,,admin_unmatched_or_ambiguous
17584,云浮,金鸡镇,金鸡社区,金鸡圩,云浮市,金鸡镇,,,0,,,admin_unmatched_or_ambiguous
19059,云浮,附城街道,附城社区,附城圩,云浮市,附城街道,,,0,,,admin_unmatched_or_ambiguous
21300,云浮,高峰街道,新村社区,居一村,云浮市,高峰街道,,,0,,,admin_unmatched_or_ambiguous
21299,云浮,高峰街道,新村社区,居三村,云浮市,高峰街道,,,0,,,admin_unmatched_or_ambiguous
21298,云浮,高峰街道,新村社区,居二村,云浮市,高峰街道,,,0,,,admin_unmatched_or_ambiguous
20568,云浮,高村镇,葵洞行政村,上中围村,云浮市,高村镇,,,0,,,admin_unmatched_or_ambiguous
20567,云浮,高村镇,葵洞行政村,上围村,云浮市,高村镇,,,0,,,admin_unmatched_or_ambiguous
20570,云浮,高村镇,葵洞行政村,下中固村,云浮市,高村镇,,,0,,,admin_unmatched_or_ambiguous
20569,云浮,高村镇,葵洞行政村,下围村,云浮市,高村镇,,,0,,,admin_unmatched_or_ambiguous
20561,云浮,高村镇,葵洞行政村,厂下村,云浮市,高村镇,,,0,,,admin_unmatched_or_ambiguous
20563,云浮,高村镇,葵洞行政村,大洞村,云浮市,高村镇,,,0,,,admin_unmatched_or_ambiguous
20571,云浮,高村镇,葵洞行政村,新屋村,云浮市,高村镇,,,0,,,admin_unmatched_or_ambiguous
20565,云浮,高村镇,葵洞行政村,旧屋村,云浮市,高村镇,,,0,,,admin_unmatched_or_ambiguous
20562,云浮,高村镇,葵洞行政村,春菜村,云浮市,高村镇,,,0,,,admin_unmatched_or_ambiguous
20564,云浮,高村镇,葵洞行政村,火烧洞村,云浮市,高村镇,,,0,,,admin_unmatched_or_ambiguous
20566,云浮,高村镇,葵洞行政村,青元村,云浮市,高村镇,,,0,,,admin_unmatched_or_ambiguous
17741,云浮,龙湾镇,龙湾社区,旧街村,云浮市,龙湾镇,,,0,,,admin_unmatched_or_ambiguous
54742,广州,万顷沙镇,红江行政村,红江村,广州市,万顷沙镇,,,0,,,admin_unmatched_or_ambiguous
54740,广州,万顷沙镇,红海行政村,红海村,广州市,万顷沙镇,,,0,,,admin_unmatched_or_ambiguous
54741,广州,万顷沙镇,红湖行政村,红湖村,广州市,万顷沙镇,,,0,,,admin_unmatched_or_ambiguous
54668,广州,东涌镇,东深行政村,东深村,广州市,东涌镇,,,0,,,admin_unmatched_or_ambiguous
54749,广州,兴华街,棠下街棠下行政村,上社,广州市,,,,0,,,town_unmatched
54747,广州,兴华街,银河行政村,兴华村,广州市,,,,0,,,town_unmatched
54748,广州,兴华街,银河行政村,河水村,广州市,,,,0,,,town_unmatched
54752,广州,凤凰街,柯木塱行政村,新村,广州市,凤凰街道,,,0,,,admin_unmatched_or_ambiguous
54753,广州,凤凰街,渔沙坦行政村,水口村,广州市,凤凰街道,,,0,,,admin_unmatched_or_ambiguous
54641,广州,南沙街道,大涌行政村,大涌村,广州市,南沙街道,,,0,,,admin_unmatched_or_ambiguous
54704,广州,大岗镇,客家行政村,客家村,广州市,大岗镇,,,0,,,admin_unmatched_or_ambiguous
54703,广州,大岗镇,客家行政村,白荷村,广州市,大岗镇,,,0,,,admin_unmatched_or_ambiguous
54624,广州,大石街道,选村行政村,选村,广州市,大石街道,,,0,,,admin_unmatched_or_ambiguous
54260,广州,太平镇,莱地塱行政村,大滩村,广州市,太平镇,,,0,,,admin_unmatched_or_ambiguous
54261,广州,太平镇,莱地塱行政村,沙梨园村,广州市,太平镇,,,0,,,admin_unmatched_or_ambiguous
54262,广州,太平镇,莱地塱行政村,茶亭村,广州市,太平镇,,,0,,,admin_unmatched_or_ambiguous
54259,广州,太平镇,莱地塱行政村,莱地望村,广州市,太平镇,,,0,,,admin_unmatched_or_ambiguous
53745,广州,宝曙粤人和镇,西成行政村,西成村,广州市,人和镇,,,0,,,admin_unmatched_or_ambiguous
54518,广州,打铁街,小怖行政村,小怖旧村,广州市,花山镇,,,0,,,admin_unmatched_or_ambiguous
54541,广州,新华街,五华行政村,松园里,广州市,新华街道,,,0,,,admin_unmatched_or_ambiguous
54535,广州,新华街,横潭行政村,横潭村,广州市,新华街道,,,0,,,admin_unmatched_or_ambiguous
54536,广州,新华街,横潭行政村,河西村,广州市,新华街道,,,0,,,admin_unmatched_or_ambiguous
53718,广州,景泰街道,朝阳行政村,地利窑村,广州市,,,,0,,,town_unmatched
53725,广州,景泰街道,朝阳行政村,杨梅岗村,广州市,,,,0,,,town_unmatched
53721,广州,景泰街道,朝阳行政村,沙滘村,广州市,,,,0,,,town_unmatched
53719,广州,景泰街道,朝阳行政村,海头村,广州市,,,,0,,,town_unmatched
53724,广州,景泰街道,朝阳行政村,田心村,广州市,,,,0,,,town_unmatched
53723,广州,景泰街道,朝阳行政村,石门村,广州市,,,,0,,,town_unmatched
53720,广州,景泰街道,朝阳行政村,联队村,广州市,,,,0,,,town_unmatched
53722,广州,景泰街道,朝阳行政村,莘村,广州市,,,,0,,,town_unmatched
53714,广州,景泰街道,柯子岭行政村,柯子岭村,广州市,,,,0,,,town_unmatched
53717,广州,景泰街道,滘心行政村,滘心村,广州市,,,,0,,,town_unmatched
53716,广州,景泰街道,石门街道红星行政村,亭岗村,广州市,,,,0,,,town_unmatched
53715,广州,景泰街道,石门街道红星行政村,浮山村,广州市,,,,0,,,town_unmatched
54746,广州,林和街,林和行政村,林和村,广州市,,,,0,,,town_unmatched
53733,广州,棠景街道,沙涌北行政村,沙涌北村,广州市,,,,0,,,town_unmatched
54682,广州,榄核镇,泣湄行政村,泣湄村,广州市,榄核镇,,,0,,,admin_unmatched_or_ambiguous
54158,广州,横江社区,东星行政村,南山村,广州市,城郊街道,,,0,,,admin_unmatched_or_ambiguous
54152,广州,横江社区,东星行政村,坝仔村,广州市,城郊街道,,,0,,,admin_unmatched_or_ambiguous
54148,广州,横江社区,东星行政村,头国村,广州市,城郊街道,,,0,,,admin_unmatched_or_ambiguous
54151,广州,横江社区,东星行政村,崩洪下村,广州市,城郊街道,,,0,,,admin_unmatched_or_ambiguous
54149,广州,横江社区,东星行政村,挂边国村,广州市,城郊街道,,,0,,,admin_unmatched_or_ambiguous
54157,广州,横江社区,东星行政村,树下坪村,广州市,城郊街道,,,0,,,admin_unmatched_or_ambiguous
54156,广州,横江社区,东星行政村,白石宙村,广州市,城郊街道,,,0,,,admin_unmatched_or_ambiguous
54150,广州,横江社区,东星行政村,福隆田村,广州市,城郊街道,,,0,,,admin_unmatched_or_ambiguous
54155,广州,横江社区,东星行政村,禾塘坝村,广州市,城郊街道,,,0,,,admin_unmatched_or_ambiguous
54154,广州,横江社区,东星行政村,豆腐盆村,广州市,城郊街道,,,0,,,admin_unmatched_or_ambiguous
54153,广州,横江社区,东星行政村,高塱仔村,广州市,城郊街道,,,0,,,admin_unmatched_or_ambiguous
54159,广州,横江社区,谷星行政村,上黄谷田村,广州市,城郊街道,,,0,,,admin_unmatched_or_ambiguous
54160,广州,横江社区,谷星行政村,下黄谷田村,广州市,城郊街道,,,0,,,admin_unmatched_or_ambiguous
53740,广州,永平街道,永泰行政村,元下田村,广州市,,,,0,,,town_unmatched
53737,广州,永平街道,永泰行政村,官厅窿村,广州市,,,,0,,,town_unmatched
53741,广州,永平街道,永泰行政村,磨刀坑村,广州市,,,,0,,,town_unmatched
53739,广州,永平街道,永泰行政村,解放庄村,广州市,,,,0,,,town_unmatched
53738,广州,永平街道,永泰行政村,集贤庄村,广州市,,,,0,,,town_unmatched
54615,广州,沙湾街道,沙坑行政村,沙坑村,广州市,沙湾镇,,,0,,,admin_unmatched_or_ambiguous
53985,广州,温泉镇,密石行政村,林屋村,广州市,温泉镇,,,0,,,admin_unmatched_or_ambiguous
53987,广州,温泉镇,密石行政村,江屋村,广州市,温泉镇,,,0,,,admin_unmatched_or_ambiguous
53988,广州,温泉镇,密石行政村,虎形村,广州市,温泉镇,,,0,,,admin_unmatched_or_ambiguous
53984,广州,温泉镇,密石行政村,陈屋村,广州市,温泉镇,,,0,,,admin_unmatched_or_ambiguous
53986,广州,温泉镇,密石行政村,黄屋村,广州市,温泉镇,,,0,,,admin_unmatched_or_ambiguous
54028,广州,温泉镇,龙新行政村,下塘村,广州市,温泉镇,,,0,,,admin_unmatched_or_ambiguous
54022,广州,温泉镇,龙新行政村,何公冚村,广州市,温泉镇,,,0,,,admin_unmatched_or_ambiguous
54023,广州,温泉镇,龙新行政村,冰江下村,广州市,温泉镇,,,0,,,admin_unmatched_or_ambiguous
54034,广州,温泉镇,龙新行政村,山塘口村,广州市,温泉镇,,,0,,,admin_unmatched_or_ambiguous
54019,广州,温泉镇,龙新行政村,山塘村,广州市,温泉镇,,,0,,,admin_unmatched_or_ambiguous
54016,广州,温泉镇,龙新行政村,揾牛冚村,广州市,温泉镇,,,0,,,admin_unmatched_or_ambiguous
54025,广州,温泉镇,龙新行政村,旱宙村,广州市,温泉镇,,,0,,,admin_unmatched_or_ambiguous
54017,广州,温泉镇,龙新行政村,杨屋村,广州市,温泉镇,,,0,,,admin_unmatched_or_ambiguous
54029,广州,温泉镇,龙新行政村,杨梅田村,广州市,温泉镇,,,0,,,admin_unmatched_or_ambiguous
54018,广州,温泉镇,龙新行政村,水口村,广州市,温泉镇,,,0,,,admin_unmatched_or_ambiguous
54027,广州,温泉镇,龙新行政村,潘屋村,广州市,温泉镇,,,0,,,admin_unmatched_or_ambiguous
54031,广州,温泉镇,龙新行政村,玉湖里村,广州市,温泉镇,,,0,,,admin_unmatched_or_ambiguous
54021,广州,温泉镇,龙新行政村,瑶山村,广州市,温泉镇,,,0,,,admin_unmatched_or_ambiguous
54032,广州,温泉镇,龙新行政村,田咀村,广州市,温泉镇,,,0,,,admin_unmatched_or_ambiguous
54035,广州,温泉镇,龙新行政村,田心村,广州市,温泉镇,,,0,,,admin_unmatched_or_ambiguous
54030,广州,温泉镇,龙新行政村,紫竹疗村,广州市,温泉镇,,,0,,,admin_unmatched_or_ambiguous
54026,广州,温泉镇,龙新行政村,蔡屋村,广州市,温泉镇,,,0,,,admin_unmatched_or_ambiguous
54020,广州,温泉镇,龙新行政村,陈屋村,广州市,温泉镇,,,0,,,admin_unmatched_or_ambiguous
54033,广州,温泉镇,龙新行政村,龙井口村,广州市,温泉镇,,,0,,,admin_unmatched_or_ambiguous
54024,广州,温泉镇,龙新行政村,龙眼树村,广州市,温泉镇,,,0,,,admin_unmatched_or_ambiguous
54565,广州,炭步镇,怖溪行政村,怖头村,广州市,炭步镇,,,0,,,admin_unmatched_or_ambiguous
54566,广州,炭步镇,怖溪行政村,朗溪村,广州市,炭步镇,,,0,,,admin_unmatched_or_ambiguous
54571,广州,炭步镇,新太行政村,黄村,广州市,炭步镇,,,0,,,admin_unmatched_or_ambiguous
54572,广州,炭步镇,新太行政村,黄泥塘村,广州市,炭步镇,,,0,,,admin_unmatched_or_ambiguous
54750,广州,猎德街,猎德行政村,猎德村,广州市,,,,0,,,town_unmatched
54751,广州,猎德街,黄村街黄村行政村,黄村,广州市,,,,0,,,town_unmatched
54754,广州,珠吉街,珠村行政村,珠村,广州市,,,,0,,,town_unmatched
53727,广州,白云湖街道,夏茅行政村,夏茅村,广州市,白云湖街道,,,0,,,admin_unmatched_or_ambiguous
53728,广州,白云湖街道,大冈行政村,大冈村,广州市,白云湖街道,,,0,,,admin_unmatched_or_ambiguous
53729,广州,白云湖街道,榕溪行政村,榕溪村,广州市,白云湖街道,,,0,,,admin_unmatched_or_ambiguous
53731,广州,石井街道,潭村行政村,潭村,广州市,石井街道,,,0,,,admin_unmatched_or_ambiguous
54614,广州,花东镇,凤凰行政村,凤凰村,广州市,花东镇,,,0,,,admin_unmatched_or_ambiguous
54468,广州,花城街,公益行政村,东城里,广州市,花城街道,,,0,,,admin_unmatched_or_ambiguous
54466,广州,花城街,公益行政村,回龙里,广州市,花城街道,,,0,,,admin_unmatched_or_ambiguous
54469,广州,花城街,公益行政村,茶园里,广州市,花城街道,,,0,,,admin_unmatched_or_ambiguous
54467,广州,花城街,公益行政村,长安里,广州市,花城街道,,,0,,,admin_unmatched_or_ambiguous
54064,广州,街口街,城南行政村,下围村,广州市,街口街道,,,0,,,admin_unmatched_or_ambiguous
54066,广州,街口街,城南行政村,南兴里,广州市,街口街道,,,0,,,admin_unmatched_or_ambiguous
54065,广州,街口街,城南行政村,南面里,广州市,街口街道,,,0,,,admin_unmatched_or_ambiguous
54071,广州,街口街,大凹行政村,大凹村,广州市,街口街道,,,0,,,admin_unmatched_or_ambiguous
54052,广州,街口街,街口行政村,三多镇村,广州市,街口街道,,,0,,,admin_unmatched_or_ambiguous
54051,广州,街口街,街口行政村,田边村,广州市,街口街道,,,0,,,admin_unmatched_or_ambiguous
54055,广州,街口街,雄锋行政村,东华里村,广州市,街口街道,,,0,,,admin_unmatched_or_ambiguous
54053,广州,街口街,雄锋行政村,门口江村,广州市,街口街道,,,0,,,admin_unmatched_or_ambiguous
54054,广州,街口街,雄锋行政村,青云里村,广州市,街口街道,,,0,,,admin_unmatched_or_ambiguous
54745,广州,车陂街,车陂行政村,车陂村,广州市,,,,0,,,town_unmatched
53798,广州,钟落潭镇,泣湖行政村,元心村,广州市,钟落潭镇,,,0,,,admin_unmatched_or_ambiguous
53803,广州,钟落潭镇,泣湖行政村,大墩村,广州市,钟落潭镇,,,0,,,admin_unmatched_or_ambiguous
53799,广州,钟落潭镇,泣湖行政村,新晃村,广州市,钟落潭镇,,,0,,,admin_unmatched_or_ambiguous
53805,广州,钟落潭镇,泣湖行政村,旧村,广州市,钟落潭镇,,,0,,,admin_unmatched_or_ambiguous
53797,广州,钟落潭镇,泣湖行政村,松岭村,广州市,钟落潭镇,,,0,,,admin_unmatched_or_ambiguous
53802,广州,钟落潭镇,泣湖行政村,格塘村,广州市,钟落潭镇,,,0,,,admin_unmatched_or_ambiguous
53801,广州,钟落潭镇,泣湖行政村,横江庄村,广州市,钟落潭镇,,,0,,,admin_unmatched_or_ambiguous
53804,广州,钟落潭镇,泣湖行政村,沙岭头村,广州市,钟落潭镇,,,0,,,admin_unmatched_or_ambiguous
53800,广州,钟落潭镇,泣湖行政村,黑叶园村,广州市,钟落潭镇,,,0,,,admin_unmatched_or_ambiguous
53780,广州,钟落潭镇,长沙埽（埔）行政村,长沙怖（埔）村,广州市,钟落潭镇,,,0,,,admin_unmatched_or_ambiguous
53735,广州,鹤龙街道,鹤边行政村,员村,广州市,,,,0,,,town_unmatched
53734,广州,鹤龙街道,鹤边行政村,鹤北村,广州市,,,,0,,,town_unmatched
53736,广州,鹤龙街道,黄边行政村,黄边村,广州市,,,,0,,,town_unmatched
54628,广州,黄阁镇,莲溪行政村,莲溪村,广州市,黄阁镇,,,0,,,admin_unmatched_or_ambiguous
44462,惠州,公庄镇,李洞行政村,李洞村,惠州市,公庄镇,,,0,,,admin_unmatched_or_ambiguous
44446,惠州,公庄镇,荷树塘行政村,三坑村,惠州市,公庄镇,,,0,,,admin_unmatched_or_ambiguous
44447,惠州,公庄镇,荷树塘行政村,锡坑村,惠州市,公庄镇,,,0,,,admin_unmatched_or_ambiguous
42539,惠州,包高潭镇,黄沙行政村,中心村,惠州市,高潭镇,,,0,,,admin_unmatched_or_ambiguous
42535,惠州,包高潭镇,黄沙行政村,坑尾村,惠州市,高潭镇,,,0,,,admin_unmatched_or_ambiguous
42532,惠州,包高潭镇,黄沙行政村,大陂村,惠州市,高潭镇,,,0,,,admin_unmatched_or_ambiguous
42538,惠州,包高潭镇,黄沙行政村,新塘村,惠州市,高潭镇,,,0,,,admin_unmatched_or_ambiguous
42537,惠州,包高潭镇,黄沙行政村,梧塘村,惠州市,高潭镇,,,0,,,admin_unmatched_or_ambiguous
42536,惠州,包高潭镇,黄沙行政村,田背村,惠州市,高潭镇,,,0,,,admin_unmatched_or_ambiguous
42533,惠州,包高潭镇,黄沙行政村,福隆村,惠州市,高潭镇,,,0,,,admin_unmatched_or_ambiguous
42534,惠州,包高潭镇,黄沙行政村,角坑村,惠州市,高潭镇,,,0,,,admin_unmatched_or_ambiguous
41591,惠州,吉隆镇,吉隆社区,吉隆圩,惠州市,吉隆镇,,,0,,,admin_unmatched_or_ambiguous
41614,惠州,吉隆镇,轿岭行政村,三多松村,惠州市,吉隆镇,,,0,,,admin_unmatched_or_ambiguous
41617,惠州,吉隆镇,轿岭行政村,东上村,惠州市,吉隆镇,,,0,,,admin_unmatched_or_ambiguous
41618,惠州,吉隆镇,轿岭行政村,东下村,惠州市,吉隆镇,,,0,,,admin_unmatched_or_ambiguous
41613,惠州,吉隆镇,轿岭行政村,云转岭村,惠州市,吉隆镇,,,0,,,admin_unmatched_or_ambiguous
41622,惠州,吉隆镇,轿岭行政村,古寨村,惠州市,吉隆镇,,,0,,,admin_unmatched_or_ambiguous
41615,惠州,吉隆镇,轿岭行政村,塘肚村,惠州市,吉隆镇,,,0,,,admin_unmatched_or_ambiguous
41625,惠州,吉隆镇,轿岭行政村,大埔村,惠州市,吉隆镇,,,0,,,admin_unmatched_or_ambiguous
41621,惠州,吉隆镇,轿岭行政村,好招石村,惠州市,吉隆镇,,,0,,,admin_unmatched_or_ambiguous
41619,惠州,吉隆镇,轿岭行政村,桥下村,惠州市,吉隆镇,,,0,,,admin_unmatched_or_ambiguous
41626,惠州,吉隆镇,轿岭行政村,牛埃石村,惠州市,吉隆镇,,,0,,,admin_unmatched_or_ambiguous
41620,惠州,吉隆镇,轿岭行政村,琥珀树村,惠州市,吉隆镇,,,0,,,admin_unmatched_or_ambiguous
41623,惠州,吉隆镇,轿岭行政村,禾学村,惠州市,吉隆镇,,,0,,,admin_unmatched_or_ambiguous
42080,惠州,吉隆镇,轿岭行政村,花树下村,惠州市,吉隆镇,,,0,,,admin_unmatched_or_ambiguous
41624,惠州,吉隆镇,轿岭行政村,轿岭村,惠州市,吉隆镇,,,0,,,admin_unmatched_or_ambiguous
41616,惠州,吉隆镇,轿岭行政村,麻轝径村,惠州市,吉隆镇,,,0,,,admin_unmatched_or_ambiguous
43460,惠州,地派镇,合子行政村,合子村,惠州市,地派镇,,,0,,,admin_unmatched_or_ambiguous
42174,惠州,安墩镇,安墩社区,安墩社区村,惠州市,安墩镇,,,0,,,admin_unmatched_or_ambiguous
42396,惠州,安墩镇,左华行政村,下村,惠州市,安墩镇,,,0,,,admin_unmatched_or_ambiguous
42397,惠州,安墩镇,左华行政村,下格村,惠州市,安墩镇,,,0,,,admin_unmatched_or_ambiguous
42401,惠州,安墩镇,左华行政村,下楼村,惠州市,安墩镇,,,0,,,admin_unmatched_or_ambiguous
42398,惠州,安墩镇,左华行政村,增光村,惠州市,安墩镇,,,0,,,admin_unmatched_or_ambiguous
42400,惠州,安墩镇,左华行政村,左坑村,惠州市,安墩镇,,,0,,,admin_unmatched_or_ambiguous
42399,惠州,安墩镇,左华行政村,张屋村,惠州市,安墩镇,,,0,,,admin_unmatched_or_ambiguous
42395,惠州,安墩镇,左华行政村,排巷村,惠州市,安墩镇,,,0,,,admin_unmatched_or_ambiguous
42394,惠州,安墩镇,左华行政村,楼下村,惠州市,安墩镇,,,0,,,admin_unmatched_or_ambiguous
42402,惠州,安墩镇,左华行政村,永丰村,惠州市,安墩镇,,,0,,,admin_unmatched_or_ambiguous
42393,惠州,安墩镇,左华行政村,江记村,惠州市,安墩镇,,,0,,,admin_unmatched_or_ambiguous
42390,惠州,安墩镇,左华行政村,陈屋村,惠州市,安墩镇,,,0,,,admin_unmatched_or_ambiguous
42391,惠州,安墩镇,左华行政村,高坑村,惠州市,安墩镇,,,0,,,admin_unmatched_or_ambiguous
42392,惠州,安墩镇,左华行政村,黄龙村,惠州市,安墩镇,,,0,,,admin_unmatched_or_ambiguous
41880,惠州,宝多祝镇,增光社区,庵顶村,惠州市,多祝镇,,,0,,,admin_unmatched_or_ambiguous
41884,惠州,宝多祝镇,增光社区,新作塘村,惠州市,多祝镇,,,0,,,admin_unmatched_or_ambiguous
41883,惠州,宝多祝镇,增光社区,新光村,惠州市,多祝镇,,,0,,,admin_unmatched_or_ambiguous
42093,惠州,宝多祝镇,增光社区,田石村,惠州市,多祝镇,,,0,,,admin_unmatched_or_ambiguous
41882,惠州,宝多祝镇,增光社区,畔塘村,惠州市,多祝镇,,,0,,,admin_unmatched_or_ambiguous
41881,惠州,宝多祝镇,增光社区,禾町村,惠州市,多祝镇,,,0,,,admin_unmatched_or_ambiguous
41885,惠州,宝多祝镇,增光社区,鱼塘边村,惠州市,多祝镇,,,0,,,admin_unmatched_or_ambiguous
41890,惠州,宝多祝镇,徐圩行政村,三栋村,惠州市,多祝镇,,,0,,,admin_unmatched_or_ambiguous
41888,惠州,宝多祝镇,徐圩行政村,华石村,惠州市,多祝镇,,,0,,,admin_unmatched_or_ambiguous
41891,惠州,宝多祝镇,徐圩行政村,太平围村,惠州市,多祝镇,,,0,,,admin_unmatched_or_ambiguous
41894,惠州,宝多祝镇,徐圩行政村,尹屋村,惠州市,多祝镇,,,0,,,admin_unmatched_or_ambiguous
41892,惠州,宝多祝镇,徐圩行政村,徐圩村,惠州市,多祝镇,,,0,,,admin_unmatched_or_ambiguous
41893,惠州,宝多祝镇,徐圩行政村,新队村,惠州市,多祝镇,,,0,,,admin_unmatched_or_ambiguous
41889,惠州,宝多祝镇,徐圩行政村,江屋村,惠州市,多祝镇,,,0,,,admin_unmatched_or_ambiguous
41582,惠州,平海镇,佛园行政村,上大林村,惠州市,平海镇,,,0,,,admin_unmatched_or_ambiguous
41579,惠州,平海镇,佛园行政村,佛岭村,惠州市,平海镇,,,0,,,admin_unmatched_or_ambiguous
41576,惠州,平海镇,佛园行政村,北外村,惠州市,平海镇,,,0,,,admin_unmatched_or_ambiguous
41581,惠州,平海镇,佛园行政村,南田村,惠州市,平海镇,,,0,,,admin_unmatched_or_ambiguous
41577,惠州,平海镇,佛园行政村,大安村,惠州市,平海镇,,,0,,,admin_unmatched_or_ambiguous
41578,惠州,平海镇,佛园行政村,大林村,惠州市,平海镇,,,0,,,admin_unmatched_or_ambiguous
41580,惠州,平海镇,佛园行政村,麦元村,惠州市,平海镇,,,0,,,admin_unmatched_or_ambiguous
41524,惠州,平海镇,平海社区,上中村,惠州市,平海镇,,,0,,,admin_unmatched_or_ambiguous
41523,惠州,平海镇,平海社区,东门村、南摆村、西北村,惠州市,平海镇,,,0,,,admin_unmatched_or_ambiguous
41526,惠州,平海镇,平海社区,河下村,惠州市,平海镇,,,0,,,admin_unmatched_or_ambiguous
41525,惠州,平海镇,平海社区,葫角村,惠州市,平海镇,,,0,,,admin_unmatched_or_ambiguous
41527,惠州,平海镇,平海社区,西元村,惠州市,平海镇,,,0,,,admin_unmatched_or_ambiguous
41528,惠州,平海镇,平海社区,龙泉新村,惠州市,平海镇,,,0,,,admin_unmatched_or_ambiguous
41572,惠州,平海镇,油蒜园行政村,上围村,惠州市,平海镇,,,0,,,admin_unmatched_or_ambiguous
41573,惠州,平海镇,油蒜园行政村,下围村,惠州市,平海镇,,,0,,,admin_unmatched_or_ambiguous
41569,惠州,平海镇,油蒜园行政村,元上村,惠州市,平海镇,,,0,,,admin_unmatched_or_ambiguous
41571,惠州,平海镇,油蒜园行政村,大王坑村,惠州市,平海镇,,,0,,,admin_unmatched_or_ambiguous
41575,惠州,平海镇,油蒜园行政村,牛背坳村,惠州市,平海镇,,,0,,,admin_unmatched_or_ambiguous
41570,惠州,平海镇,油蒜园行政村,犁头咀村,惠州市,平海镇,,,0,,,admin_unmatched_or_ambiguous
41574,惠州,平海镇,油蒜园行政村,竹元村,惠州市,平海镇,,,0,,,admin_unmatched_or_ambiguous
41567,惠州,平海镇,油蒜园行政村,老一村,惠州市,平海镇,,,0,,,admin_unmatched_or_ambiguous
41568,惠州,平海镇,油蒜园行政村,老二村,惠州市,平海镇,,,0,,,admin_unmatched_or_ambiguous
42862,惠州,平潭镇,新田埔行政村,下新屋村,惠州市,平潭镇,,,0,,,admin_unmatched_or_ambiguous
42864,惠州,平潭镇,新田埔行政村,中伙村,惠州市,平潭镇,,,0,,,admin_unmatched_or_ambiguous
42861,惠州,平潭镇,新田埔行政村,布松坳村,惠州市,平潭镇,,,0,,,admin_unmatched_or_ambiguous
42863,惠州,平潭镇,新田埔行政村,新田埔村,惠州市,平潭镇,,,0,,,admin_unmatched_or_ambiguous
43275,惠州,平陵镇,平陵行政村,梅塘村,惠州市,平陵街道,,,0,,,admin_unmatched_or_ambiguous
44576,惠州,杨侨镇,十二岭行政村,渡头村,惠州市,杨侨镇,,,0,,,admin_unmatched_or_ambiguous
44575,惠州,杨侨镇,十二岭行政村,赤岭村,惠州市,杨侨镇,,,0,,,admin_unmatched_or_ambiguous
44569,惠州,杨侨镇,桔子行政村,华竹坑村,惠州市,杨侨镇,,,0,,,admin_unmatched_or_ambiguous
44570,惠州,杨侨镇,桔子行政村,蕉坑村,惠州市,杨侨镇,,,0,,,admin_unmatched_or_ambiguous
44532,惠州,杨村镇,埔连行政村,东庭斗上村,惠州市,杨村镇,,,0,,,admin_unmatched_or_ambiguous
44533,惠州,杨村镇,埔连行政村,新塘村,惠州市,杨村镇,,,0,,,admin_unmatched_or_ambiguous
44534,惠州,杨村镇,埔连行政村,羊角山村,惠州市,杨村镇,,,0,,,admin_unmatched_or_ambiguous
44531,惠州,杨村镇,埔连行政村,西埔片村,惠州市,杨村镇,,,0,,,admin_unmatched_or_ambiguous
44530,惠州,杨村镇,埔连行政村,连塘岭村,惠州市,杨村镇,,,0,,,admin_unmatched_or_ambiguous
44145,惠州,湖镇镇,钧湖行政村,典步村,惠州市,湖镇镇,,,0,,,admin_unmatched_or_ambiguous
44146,惠州,湖镇镇,钧湖行政村,罗口顺村,惠州市,湖镇镇,,,0,,,admin_unmatched_or_ambiguous
44144,惠州,湖镇镇,钧湖行政村,钧湖村,惠州市,湖镇镇,,,0,,,admin_unmatched_or_ambiguous
44183,惠州,湖镇镇,黎光行政村,日新村,惠州市,湖镇镇,,,0,,,admin_unmatched_or_ambiguous
44184,惠州,湖镇镇,黎光行政村,神下村,惠州市,湖镇镇,,,0,,,admin_unmatched_or_ambiguous
44182,惠州,湖镇镇,黎光行政村,黎光村,惠州市,湖镇镇,,,0,,,admin_unmatched_or_ambiguous
43069,惠州,潼侨镇,红岗社区,移民新村,惠州市,潼侨镇,,,0,,,admin_unmatched_or_ambiguous
41984,惠州,白盆珠镇,白盆珠社区,双下村,惠州市,白盆珠镇,,,0,,,admin_unmatched_or_ambiguous
41983,惠州,白盆珠镇,白盆珠社区,金竹布村,惠州市,白盆珠镇,,,0,,,admin_unmatched_or_ambiguous
41985,惠州,白盆珠镇,白盆珠社区,龙颈村,惠州市,白盆珠镇,,,0,,,admin_unmatched_or_ambiguous
44640,惠州,石坝镇,吉石行政村,吉石村,惠州市,石坝镇,,,0,,,admin_unmatched_or_ambiguous
44639,惠州,石坝镇,吉石行政村,石塘村,惠州市,石坝镇,,,0,,,admin_unmatched_or_ambiguous
44655,惠州,石坝镇,埔贝行政村,埔贝村,惠州市,石坝镇,,,0,,,admin_unmatched_or_ambiguous
44654,惠州,石坝镇,埔贝行政村,莲塘丫村,惠州市,石坝镇,,,0,,,admin_unmatched_or_ambiguous
44642,惠州,石坝镇,蓝田行政村,圩围村,惠州市,石坝镇,,,0,,,admin_unmatched_or_ambiguous
44643,惠州,石坝镇,蓝田行政村,朱屋村,惠州市,石坝镇,,,0,,,admin_unmatched_or_ambiguous
44641,惠州,石坝镇,蓝田行政村,黄屋村,惠州市,石坝镇,,,0,,,admin_unmatched_or_ambiguous
42589,惠州,秋长街道,官山行政村,埔琳地村,惠州市,秋长街道,,,0,,,admin_unmatched_or_ambiguous
42586,惠州,秋长街道,官山行政村,大坑村,惠州市,秋长街道,,,0,,,admin_unmatched_or_ambiguous
42587,惠州,秋长街道,官山行政村,官山村,惠州市,秋长街道,,,0,,,admin_unmatched_or_ambiguous
42590,惠州,秋长街道,官山行政村,山塘片村,惠州市,秋长街道,,,0,,,admin_unmatched_or_ambiguous
42591,惠州,秋长街道,官山行政村,桐子坑村,惠州市,秋长街道,,,0,,,admin_unmatched_or_ambiguous
42588,惠州,秋长街道,官山行政村,湖秋忽村,惠州市,秋长街道,,,0,,,admin_unmatched_or_ambiguous
41408,惠州,粤稔山镇,涧背行政村,涧背村,惠州市,稔山镇,,,0,,,admin_unmatched_or_ambiguous
43658,惠州,罗阳镇,横江尾行政村,横江尾村,惠州市,罗阳街道,,,0,,,admin_unmatched_or_ambiguous
43657,惠州,罗阳镇,横江尾行政村,观陂潭村,惠州市,罗阳街道,,,0,,,admin_unmatched_or_ambiguous
43812,惠州,罗阳镇,虾塱行政村,虾塱村,惠州市,罗阳街道,,,0,,,admin_unmatched_or_ambiguous
43641,惠州,罗阳镇,赤竹坑行政村,下村,惠州市,罗阳街道,,,0,,,admin_unmatched_or_ambiguous
43640,惠州,罗阳镇,赤竹坑行政村,汤泉村,惠州市,罗阳街道,,,0,,,admin_unmatched_or_ambiguous
43636,惠州,罗阳镇,赤竹坑行政村,赤一村,惠州市,罗阳街道,,,0,,,admin_unmatched_or_ambiguous
43638,惠州,罗阳镇,赤竹坑行政村,赤三村,惠州市,罗阳街道,,,0,,,admin_unmatched_or_ambiguous
43637,惠州,罗阳镇,赤竹坑行政村,赤二村,惠州市,罗阳街道,,,0,,,admin_unmatched_or_ambiguous
43639,惠州,罗阳镇,赤竹坑行政村,高围村,惠州市,罗阳街道,,,0,,,admin_unmatched_or_ambiguous
42767,惠州,良井镇,良井社区,伯公下村,惠州市,良井镇,,,0,,,admin_unmatched_or_ambiguous
42768,惠州,良井镇,良井社区,钟屋村,惠州市,良井镇,,,0,,,admin_unmatched_or_ambiguous
43378,惠州,蓝田瑶族乡,到流行政村,下林村,惠州市,蓝田瑶族乡,,,0,,,admin_unmatched_or_ambiguous
43372,惠州,蓝田瑶族乡,到流行政村,东坑村,惠州市,蓝田瑶族乡,,,0,,,admin_unmatched_or_ambiguous
43371,惠州,蓝田瑶族乡,到流行政村,到庄村,惠州市,蓝田瑶族乡,,,0,,,admin_unmatched_or_ambiguous
43370,惠州,蓝田瑶族乡,到流行政村,大横村,惠州市,蓝田瑶族乡,,,0,,,admin_unmatched_or_ambiguous
43380,惠州,蓝田瑶族乡,到流行政村,左村,惠州市,蓝田瑶族乡,,,0,,,admin_unmatched_or_ambiguous
43379,惠州,蓝田瑶族乡,到流行政村,永新村,惠州市,蓝田瑶族乡,,,0,,,admin_unmatched_or_ambiguous
43377,惠州,蓝田瑶族乡,到流行政村,沈村,惠州市,蓝田瑶族乡,,,0,,,admin_unmatched_or_ambiguous
43373,惠州,蓝田瑶族乡,到流行政村,河松村,惠州市,蓝田瑶族乡,,,0,,,admin_unmatched_or_ambiguous
43374,惠州,蓝田瑶族乡,到流行政村,洪水村,惠州市,蓝田瑶族乡,,,0,,,admin_unmatched_or_ambiguous
43369,惠州,蓝田瑶族乡,到流行政村,矮岭村,惠州市,蓝田瑶族乡,,,0,,,admin_unmatched_or_ambiguous
43376,惠州,蓝田瑶族乡,到流行政村,麻份村,惠州市,蓝田瑶族乡,,,0,,,admin_unmatched_or_ambiguous
43375,惠州,蓝田瑶族乡,到流行政村,龙田村,惠州市,蓝田瑶族乡,,,0,,,admin_unmatched_or_ambiguous
43381,惠州,蓝田瑶族乡,红星行政村,大份村,惠州市,蓝田瑶族乡,,,0,,,admin_unmatched_or_ambiguous
43382,惠州,蓝田瑶族乡,红星行政村,大片村,惠州市,蓝田瑶族乡,,,0,,,admin_unmatched_or_ambiguous
43384,惠州,蓝田瑶族乡,红星行政村,新围村,惠州市,蓝田瑶族乡,,,0,,,admin_unmatched_or_ambiguous
43383,惠州,蓝田瑶族乡,红星行政村,马池塘村,惠州市,蓝田瑶族乡,,,0,,,admin_unmatched_or_ambiguous
44725,惠州,观音阁镇,塘角行政村,上塘村,惠州市,观音阁镇,,,0,,,admin_unmatched_or_ambiguous
44726,惠州,观音阁镇,塘角行政村,新围村,惠州市,观音阁镇,,,0,,,admin_unmatched_or_ambiguous
44724,惠州,观音阁镇,塘角行政村,桥头村,惠州市,观音阁镇,,,0,,,admin_unmatched_or_ambiguous
44723,惠州,观音阁镇,塘角行政村,老屋村,惠州市,观音阁镇,,,0,,,admin_unmatched_or_ambiguous
44685,惠州,观音阁镇,桂岭行政村,桂岭村,惠州市,观音阁镇,,,0,,,admin_unmatched_or_ambiguous
41488,惠州,铁涌镇,新民行政村,兴围村,惠州市,铁涌镇,,,0,,,admin_unmatched_or_ambiguous
41485,惠州,铁涌镇,新民行政村,山塘下村,惠州市,铁涌镇,,,0,,,admin_unmatched_or_ambiguous
41483,惠州,铁涌镇,新民行政村,归堂村,惠州市,铁涌镇,,,0,,,admin_unmatched_or_ambiguous
41487,惠州,铁涌镇,新民行政村,新田埔村,惠州市,铁涌镇,,,0,,,admin_unmatched_or_ambiguous
41486,惠州,铁涌镇,新民行政村,汤坑村,惠州市,铁涌镇,,,0,,,admin_unmatched_or_ambiguous
41484,惠州,铁涌镇,新民行政村,沙田仔村,惠州市,铁涌镇,,,0,,,admin_unmatched_or_ambiguous
41482,惠州,铁涌镇,新民行政村,高湖村,惠州市,铁涌镇,,,0,,,admin_unmatched_or_ambiguous
44108,惠州,长宁镇,下塱行政村,下塱村,惠州市,长宁镇,,,0,,,admin_unmatched_or_ambiguous
44109,惠州,长宁镇,酥醪行政村,酥醪村,惠州市,长宁镇,,,0,,,admin_unmatched_or_ambiguous
43023,惠州,陈江街道,中星社区,三坳岭村,惠州市,陈江街道,,,0,,,admin_unmatched_or_ambiguous
43020,惠州,陈江街道,中星社区,中洞村,惠州市,陈江街道,,,0,,,admin_unmatched_or_ambiguous
43022,惠州,陈江街道,中星社区,松山下村,惠州市,陈江街道,,,0,,,admin_unmatched_or_ambiguous
43021,惠州,陈江街道,中星社区,洋里村,惠州市,陈江街道,,,0,,,admin_unmatched_or_ambiguous
43009,惠州,陈江街道,平南社区,上横岭村,惠州市,陈江街道,,,0,,,admin_unmatched_or_ambiguous
43010,惠州,陈江街道,平南社区,下横岭村,惠州市,陈江街道,,,0,,,admin_unmatched_or_ambiguous
43005,惠州,陈江街道,平南社区,东升村,惠州市,陈江街道,,,0,,,admin_unmatched_or_ambiguous
43011,惠州,陈江街道,平南社区,四大围村,惠州市,陈江街道,,,0,,,admin_unmatched_or_ambiguous
43013,惠州,陈江街道,平南社区,塘尾头村,惠州市,陈江街道,,,0,,,admin_unmatched_or_ambiguous
43007,惠州,陈江街道,平南社区,大岭下村,惠州市,陈江街道,,,0,,,admin_unmatched_or_ambiguous
43008,惠州,陈江街道,平南社区,大岭背村,惠州市,陈江街道,,,0,,,admin_unmatched_or_ambiguous
43012,惠州,陈江街道,平南社区,立新村,惠州市,陈江街道,,,0,,,admin_unmatched_or_ambiguous
43006,惠州,陈江街道,平南社区,胜塘围村,惠州市,陈江街道,,,0,,,admin_unmatched_or_ambiguous
42998,惠州,陈江街道,惠环街道红旗行政村,上坑村,惠州市,陈江街道,,,0,,,admin_unmatched_or_ambiguous
43000,惠州,陈江街道,惠环街道红旗行政村,上欧村,惠州市,陈江街道,,,0,,,admin_unmatched_or_ambiguous
42999,惠州,陈江街道,惠环街道红旗行政村,下坑村,惠州市,陈江街道,,,0,,,admin_unmatched_or_ambiguous
43001,惠州,陈江街道,惠环街道红旗行政村,下欧村,惠州市,陈江街道,,,0,,,admin_unmatched_or_ambiguous
43002,惠州,陈江街道,惠环街道红旗行政村,水边村,惠州市,陈江街道,,,0,,,admin_unmatched_or_ambiguous
43003,惠州,陈江街道,惠环街道红旗行政村,沙角头村,惠州市,陈江街道,,,0,,,admin_unmatched_or_ambiguous
43004,惠州,陈江街道,惠环街道红旗行政村,赤岭下村,惠州市,陈江街道,,,0,,,admin_unmatched_or_ambiguous
43014,惠州,陈江街道,西坑社区,下塘村,惠州市,陈江街道,,,0,,,admin_unmatched_or_ambiguous
43018,惠州,陈江街道,西坑社区,大光村,惠州市,陈江街道,,,0,,,admin_unmatched_or_ambiguous
43017,惠州,陈江街道,西坑社区,日光村,惠州市,陈江街道,,,0,,,admin_unmatched_or_ambiguous
43016,惠州,陈江街道,西坑社区,永光村,惠州市,陈江街道,,,0,,,admin_unmatched_or_ambiguous
43015,惠州,陈江街道,西坑社区,河背村,惠州市,陈江街道,,,0,,,admin_unmatched_or_ambiguous
43019,惠州,陈江街道,西坑社区,石屋村,惠州市,陈江街道,,,0,,,admin_unmatched_or_ambiguous
43366,惠州,麻榨镇,寨下行政村,上寨村,惠州市,麻榨镇,,,0,,,admin_unmatched_or_ambiguous
43364,惠州,麻榨镇,寨下行政村,到坑村,惠州市,麻榨镇,,,0,,,admin_unmatched_or_ambiguous
43365,惠州,麻榨镇,寨下行政村,寨下村,惠州市,麻榨镇,,,0,,,admin_unmatched_or_ambiguous
43368,惠州,麻榨镇,寨下行政村,洋石村,惠州市,麻榨镇,,,0,,,admin_unmatched_or_ambiguous
43367,惠州,麻榨镇,寨下行政村,王老村,惠州市,麻榨镇,,,0,,,admin_unmatched_or_ambiguous
41636,惠州,黄埠镇,下圩社区,下圩村,惠州市,黄埠镇,,,0,,,admin_unmatched_or_ambiguous
41637,惠州,黄埠镇,下圩社区,岭南村,惠州市,黄埠镇,,,0,,,admin_unmatched_or_ambiguous
41709,惠州,黄埠镇,南社行政村,北社村,惠州市,黄埠镇,,,0,,,admin_unmatched_or_ambiguous
41708,惠州,黄埠镇,南社行政村,南社村,惠州市,黄埠镇,,,0,,,admin_unmatched_or_ambiguous
41710,惠州,黄埠镇,南社行政村,妈宫村,惠州市,黄埠镇,,,0,,,admin_unmatched_or_ambiguous
42085,惠州,黄埠镇,大园行政村,上新村,惠州市,黄埠镇,,,0,,,admin_unmatched_or_ambiguous
41723,惠州,黄埠镇,大园行政村,下寮村,惠州市,黄埠镇,,,0,,,admin_unmatched_or_ambiguous
41719,惠州,黄埠镇,大园行政村,下新村,惠州市,黄埠镇,,,0,,,admin_unmatched_or_ambiguous
41721,惠州,黄埠镇,大园行政村,冯陂村,惠州市,黄埠镇,,,0,,,admin_unmatched_or_ambiguous
41715,惠州,黄埠镇,大园行政村,南北寮村,惠州市,黄埠镇,,,0,,,admin_unmatched_or_ambiguous
41720,惠州,黄埠镇,大园行政村,大井村,惠州市,黄埠镇,,,0,,,admin_unmatched_or_ambiguous
41717,惠州,黄埠镇,大园行政村,大园村,惠州市,黄埠镇,,,0,,,admin_unmatched_or_ambiguous
41718,惠州,黄埠镇,大园行政村,大塘村,惠州市,黄埠镇,,,0,,,admin_unmatched_or_ambiguous
41716,惠州,黄埠镇,大园行政村,林厝村,惠州市,黄埠镇,,,0,,,admin_unmatched_or_ambiguous
41722,惠州,黄埠镇,大园行政村,黄家村,惠州市,黄埠镇,,,0,,,admin_unmatched_or_ambiguous
41704,惠州,黄埠镇,大澳行政村,大澳村,惠州市,黄埠镇,,,0,,,admin_unmatched_or_ambiguous
41644,惠州,黄埠镇,學头行政村,新墨头村,惠州市,黄埠镇,,,0,,,admin_unmatched_or_ambiguous
41643,惠州,黄埠镇,學头行政村,田富围村,惠州市,黄埠镇,,,0,,,admin_unmatched_or_ambiguous
41642,惠州,黄埠镇,學头行政村,老墨头村,惠州市,黄埠镇,,,0,,,admin_unmatched_or_ambiguous
41687,惠州,黄埠镇,巽寮行政村,东风村,惠州市,黄埠镇,,,0,,,admin_unmatched_or_ambiguous
41685,惠州,黄埠镇,巽寮行政村,井田坑村,惠州市,黄埠镇,,,0,,,admin_unmatched_or_ambiguous
42082,惠州,黄埠镇,巽寮行政村,大寨村,惠州市,黄埠镇,,,0,,,admin_unmatched_or_ambiguous
41690,惠州,黄埠镇,巽寮行政村,巽寮围村,惠州市,黄埠镇,,,0,,,admin_unmatched_or_ambiguous
41691,惠州,黄埠镇,巽寮行政村,新楼村,惠州市,黄埠镇,,,0,,,admin_unmatched_or_ambiguous
42083,惠州,黄埠镇,巽寮行政村,新港村,惠州市,黄埠镇,,,0,,,admin_unmatched_or_ambiguous
41688,惠州,黄埠镇,巽寮行政村,旺楼村,惠州市,黄埠镇,,,0,,,admin_unmatched_or_ambiguous
41695,惠州,黄埠镇,巽寮行政村,油甘埔村,惠州市,黄埠镇,,,0,,,admin_unmatched_or_ambiguous
41689,惠州,黄埠镇,巽寮行政村,石下村,惠州市,黄埠镇,,,0,,,admin_unmatched_or_ambiguous
41686,惠州,黄埠镇,巽寮行政村,赤坳村,惠州市,黄埠镇,,,0,,,admin_unmatched_or_ambiguous
41694,惠州,黄埠镇,巽寮行政村,鹏新村,惠州市,黄埠镇,,,0,,,admin_unmatched_or_ambiguous
41684,惠州,黄埠镇,巽寮行政村,黄竹洋村,惠州市,黄埠镇,,,0,,,admin_unmatched_or_ambiguous
41692,惠州,黄埠镇,巽寮行政村,龙印村,惠州市,黄埠镇,,,0,,,admin_unmatched_or_ambiguous
41693,惠州,黄埠镇,巽寮行政村,龙新村,惠州市,黄埠镇,,,0,,,admin_unmatched_or_ambiguous
41713,惠州,黄埠镇,新寮行政村,新寮村,惠州市,黄埠镇,,,0,,,admin_unmatched_or_ambiguous
41714,惠州,黄埠镇,新寮行政村,旦家寮村,惠州市,黄埠镇,,,0,,,admin_unmatched_or_ambiguous
41674,惠州,黄埠镇,新渔行政村,新渔村,惠州市,黄埠镇,,,0,,,admin_unmatched_or_ambiguous
41700,惠州,黄埠镇,榄涌行政村,富巢村,惠州市,黄埠镇,,,0,,,admin_unmatched_or_ambiguous
42084,惠州,黄埠镇,榄涌行政村,尧峦山村,惠州市,黄埠镇,,,0,,,admin_unmatched_or_ambiguous
41699,惠州,黄埠镇,榄涌行政村,径子路村,惠州市,黄埠镇,,,0,,,admin_unmatched_or_ambiguous
41702,惠州,黄埠镇,榄涌行政村,新围村,惠州市,黄埠镇,,,0,,,admin_unmatched_or_ambiguous
41697,惠州,黄埠镇,榄涌行政村,新屋村,惠州市,黄埠镇,,,0,,,admin_unmatched_or_ambiguous
41703,惠州,黄埠镇,榄涌行政村,新村,惠州市,黄埠镇,,,0,,,admin_unmatched_or_ambiguous
41701,惠州,黄埠镇,榄涌行政村,新民村,惠州市,黄埠镇,,,0,,,admin_unmatched_or_ambiguous
41698,惠州,黄埠镇,榄涌行政村,竹园村,惠州市,黄埠镇,,,0,,,admin_unmatched_or_ambiguous
41696,惠州,黄埠镇,渔业行政村,渔业村,惠州市,黄埠镇,,,0,,,admin_unmatched_or_ambiguous
41705,惠州,黄埠镇,港一行政村,港一村,惠州市,黄埠镇,,,0,,,admin_unmatched_or_ambiguous
41706,惠州,黄埠镇,港口社区,暗街村,惠州市,黄埠镇,,,0,,,admin_unmatched_or_ambiguous
41707,惠州,黄埠镇,港口社区,沙咀尾村,惠州市,黄埠镇,,,0,,,admin_unmatched_or_ambiguous
41629,惠州,黄埠镇,王公社区,新寮埔村,惠州市,黄埠镇,,,0,,,admin_unmatched_or_ambiguous
41630,惠州,黄埠镇,王公社区,桥头村,惠州市,黄埠镇,,,0,,,admin_unmatched_or_ambiguous
41628,惠州,黄埠镇,王公社区,王公村,惠州市,黄埠镇,,,0,,,admin_unmatched_or_ambiguous
41631,惠州,黄埠镇,王公社区,街尾村,惠州市,黄埠镇,,,0,,,admin_unmatched_or_ambiguous
41627,惠州,黄埠镇,王公社区,金带街村,惠州市,黄埠镇,,,0,,,admin_unmatched_or_ambiguous
41638,惠州,黄埠镇,田围社区,田围村,惠州市,黄埠镇,,,0,,,admin_unmatched_or_ambiguous
41653,惠州,黄埠镇,盐洲社区,中心村,惠州市,黄埠镇,,,0,,,admin_unmatched_or_ambiguous
41654,惠州,黄埠镇,盐洲社区,寮仔村,惠州市,黄埠镇,,,0,,,admin_unmatched_or_ambiguous
41656,惠州,黄埠镇,盐洲社区,田坑村,惠州市,黄埠镇,,,0,,,admin_unmatched_or_ambiguous
41655,惠州,黄埠镇,盐洲社区,马厝寮村,惠州市,黄埠镇,,,0,,,admin_unmatched_or_ambiguous
41711,惠州,黄埠镇,蔡家行政村,蔡家村,惠州市,黄埠镇,,,0,,,admin_unmatched_or_ambiguous
41672,惠州,黄埠镇,西冲行政村,招魁村,惠州市,黄埠镇,,,0,,,admin_unmatched_or_ambiguous
41668,惠州,黄埠镇,西冲行政村,李屋村,惠州市,黄埠镇,,,0,,,admin_unmatched_or_ambiguous
41671,惠州,黄埠镇,西冲行政村,杨屋村,惠州市,黄埠镇,,,0,,,admin_unmatched_or_ambiguous
41667,惠州,黄埠镇,西冲行政村,渡头村,惠州市,黄埠镇,,,0,,,admin_unmatched_or_ambiguous
41669,惠州,黄埠镇,西冲行政村,湾仔村,惠州市,黄埠镇,,,0,,,admin_unmatched_or_ambiguous
41670,惠州,黄埠镇,西冲行政村,盐仓村,惠州市,黄埠镇,,,0,,,admin_unmatched_or_ambiguous
41683,惠州,黄埠镇,赤砂行政村,华竹坑村,惠州市,黄埠镇,,,0,,,admin_unmatched_or_ambiguous
41679,惠州,黄埠镇,赤砂行政村,大村,惠州市,黄埠镇,,,0,,,admin_unmatched_or_ambiguous
41677,惠州,黄埠镇,赤砂行政村,大浣村,惠州市,黄埠镇,,,0,,,admin_unmatched_or_ambiguous
42081,惠州,黄埠镇,赤砂行政村,新丰村,惠州市,黄埠镇,,,0,,,admin_unmatched_or_ambiguous
41680,惠州,黄埠镇,赤砂行政村,新村,惠州市,黄埠镇,,,0,,,admin_unmatched_or_ambiguous
41681,惠州,黄埠镇,赤砂行政村,河背村,惠州市,黄埠镇,,,0,,,admin_unmatched_or_ambiguous
41678,惠州,黄埠镇,赤砂行政村,海唇村,惠州市,黄埠镇,,,0,,,admin_unmatched_or_ambiguous
41676,惠州,黄埠镇,赤砂行政村,淡水港村,惠州市,黄埠镇,,,0,,,admin_unmatched_or_ambiguous
41675,惠州,黄埠镇,赤砂行政村,红石湾村,惠州市,黄埠镇,,,0,,,admin_unmatched_or_ambiguous
41682,惠州,黄埠镇,赤砂行政村,莆田村,惠州市,黄埠镇,,,0,,,admin_unmatched_or_ambiguous
43161,惠州,龙城街道,卢行政村,鹪村,惠州市,龙城街道,,,0,,,admin_unmatched_or_ambiguous
43620,惠州,龙江镇,岭咀行政村,家冚村,惠州市,龙江镇,,,0,,,admin_unmatched_or_ambiguous
43613,惠州,龙江镇,广尾行政村,广尾村,惠州市,龙江镇,,,0,,,admin_unmatched_or_ambiguous
43617,惠州,龙江镇,广尾行政村,新村,惠州市,龙江镇,,,0,,,admin_unmatched_or_ambiguous
43616,惠州,龙江镇,广尾行政村,桥背村,惠州市,龙江镇,,,0,,,admin_unmatched_or_ambiguous
43615,惠州,龙江镇,广尾行政村,罗屋村,惠州市,龙江镇,,,0,,,admin_unmatched_or_ambiguous
43612,惠州,龙江镇,广尾行政村,茶排村,惠州市,龙江镇,,,0,,,admin_unmatched_or_ambiguous
43614,惠州,龙江镇,广尾行政村,蕉坑村,惠州市,龙江镇,,,0,,,admin_unmatched_or_ambiguous
43611,惠州,龙江镇,隔行政村,隔村,惠州市,龙江镇,,,0,,,admin_unmatched_or_ambiguous
43883,惠州,龙溪镇,岐岗行政村,岐岗村,惠州市,龙溪街道,,,0,,,admin_unmatched_or_ambiguous
43517,惠州,龙潭镇,石圩行政村,上湖村,惠州市,龙潭镇,,,0,,,admin_unmatched_or_ambiguous
43516,惠州,龙潭镇,石圩行政村,坪石村,惠州市,龙潭镇,,,0,,,admin_unmatched_or_ambiguous
43514,惠州,龙潭镇,石圩行政村,大岭村,惠州市,龙潭镇,,,0,,,admin_unmatched_or_ambiguous
43513,惠州,龙潭镇,石圩行政村,布沥村,惠州市,龙潭镇,,,0,,,admin_unmatched_or_ambiguous
43519,惠州,龙潭镇,石圩行政村,思湖村,惠州市,龙潭镇,,,0,,,admin_unmatched_or_ambiguous
43521,惠州,龙潭镇,石圩行政村,朱坑村,惠州市,龙潭镇,,,0,,,admin_unmatched_or_ambiguous
43512,惠州,龙潭镇,石圩行政村,百塘村,惠州市,龙潭镇,,,0,,,admin_unmatched_or_ambiguous
43518,惠州,龙潭镇,石圩行政村,石坑村,惠州市,龙潭镇,,,0,,,admin_unmatched_or_ambiguous
43520,惠州,龙潭镇,石圩行政村,约场村,惠州市,龙潭镇,,,0,,,admin_unmatched_or_ambiguous
43515,惠州,龙潭镇,石圩行政村,老围村,惠州市,龙潭镇,,,0,,,admin_unmatched_or_ambiguous
43189,惠州,龙田镇,江冚行政村,三欧村,惠州市,龙田镇,,,0,,,admin_unmatched_or_ambiguous
43188,惠州,龙田镇,江冚行政村,木棉山村,惠州市,龙田镇,,,0,,,admin_unmatched_or_ambiguous
43190,惠州,龙田镇,江冚行政村,樟洞村,惠州市,龙田镇,,,0,,,admin_unmatched_or_ambiguous
43187,惠州,龙田镇,江冚行政村,江冚村,惠州市,龙田镇,,,0,,,admin_unmatched_or_ambiguous
63029,梅州,丙村镇,梅福行政村,梅花村,梅州市,丙村镇,,,0,,,admin_unmatched_or_ambiguous
63030,梅州,丙村镇,梅福行政村,福寿村,梅州市,丙村镇,,,0,,,admin_unmatched_or_ambiguous
63026,梅州,丙村镇,雷丰行政村,雷丰村,梅州市,丙村镇,,,0,,,admin_unmatched_or_ambiguous
62819,梅州,中行镇,良畬行政村,新茶亭村,梅州市,中行镇,,,0,,,admin_unmatched_or_ambiguous
62820,梅州,中行镇,良畬行政村,田螺纽村,梅州市,中行镇,,,0,,,admin_unmatched_or_ambiguous
62818,梅州,中行镇,良畬行政村,良畲村,梅州市,中行镇,,,0,,,admin_unmatched_or_ambiguous
62685,梅州,仁居镇,礫头行政村,大畲村,梅州市,仁居镇,,,0,,,admin_unmatched_or_ambiguous
62683,梅州,仁居镇,礫头行政村,头村,梅州市,仁居镇,,,0,,,admin_unmatched_or_ambiguous
62686,梅州,仁居镇,礫头行政村,欧畲村,梅州市,仁居镇,,,0,,,admin_unmatched_or_ambiguous
62684,梅州,仁居镇,礫头行政村,连地村,梅州市,仁居镇,,,0,,,admin_unmatched_or_ambiguous
62374,梅州,全光德镇,上行政村,上村,梅州市,光德镇,,,0,,,admin_unmatched_or_ambiguous
62403,梅州,全光德镇,下营行政村,和坪村,梅州市,光德镇,,,0,,,admin_unmatched_or_ambiguous
62409,梅州,全光德镇,华光行政村,启新村,梅州市,光德镇,,,0,,,admin_unmatched_or_ambiguous
62408,梅州,全光德镇,华光行政村,葵岭村,梅州市,光德镇,,,0,,,admin_unmatched_or_ambiguous
62401,梅州,全光德镇,南村行政村,上村,梅州市,光德镇,,,0,,,admin_unmatched_or_ambiguous
62402,梅州,全光德镇,南村行政村,下村,梅州市,光德镇,,,0,,,admin_unmatched_or_ambiguous
62396,梅州,全光德镇,大坑行政村,大坑村,梅州市,光德镇,,,0,,,admin_unmatched_or_ambiguous
62397,梅州,全光德镇,大坑行政村,蒹葭村,梅州市,光德镇,,,0,,,admin_unmatched_or_ambiguous
62395,梅州,全光德镇,嶂岸行政村,嶂背村,梅州市,光德镇,,,0,,,admin_unmatched_or_ambiguous
62407,梅州,全光德镇,田背行政村,作新村,梅州市,光德镇,,,0,,,admin_unmatched_or_ambiguous
62406,梅州,全光德镇,田背行政村,田背村,梅州市,光德镇,,,0,,,admin_unmatched_or_ambiguous
62405,梅州,全光德镇,田背行政村,龙岗村,梅州市,光德镇,,,0,,,admin_unmatched_or_ambiguous
62404,梅州,全光德镇,葵坪行政村,上坪村,梅州市,光德镇,,,0,,,admin_unmatched_or_ambiguous
62399,梅州,全光德镇,赤水行政村,东村,梅州市,光德镇,,,0,,,admin_unmatched_or_ambiguous
62398,梅州,全光德镇,赤水行政村,北村,梅州市,光德镇,,,0,,,admin_unmatched_or_ambiguous
62400,梅州,全光德镇,赤水行政村,西村,梅州市,光德镇,,,0,,,admin_unmatched_or_ambiguous
62361,梅州,全光德镇,雷峰行政村,各子里村,梅州市,光德镇,,,0,,,admin_unmatched_or_ambiguous
62366,梅州,全光德镇,雷峰行政村,塘子艳村,梅州市,光德镇,,,0,,,admin_unmatched_or_ambiguous
62362,梅州,全光德镇,雷峰行政村,开山村,梅州市,光德镇,,,0,,,admin_unmatched_or_ambiguous
62369,梅州,全光德镇,雷峰行政村,新山村,梅州市,光德镇,,,0,,,admin_unmatched_or_ambiguous
62370,梅州,全光德镇,雷峰行政村,新生村,梅州市,光德镇,,,0,,,admin_unmatched_or_ambiguous
62364,梅州,全光德镇,雷峰行政村,楼下村,梅州市,光德镇,,,0,,,admin_unmatched_or_ambiguous
62365,梅州,全光德镇,雷峰行政村,深富坑村,梅州市,光德镇,,,0,,,admin_unmatched_or_ambiguous
62368,梅州,全光德镇,雷峰行政村,湾子里村,梅州市,光德镇,,,0,,,admin_unmatched_or_ambiguous
62367,梅州,全光德镇,雷峰行政村,田心村,梅州市,光德镇,,,0,,,admin_unmatched_or_ambiguous
62363,梅州,全光德镇,雷峰行政村,雷公陂村,梅州市,光德镇,,,0,,,admin_unmatched_or_ambiguous
60304,梅州,全刁坊镇,贵峰行政村,贵峰村,梅州市,刁坊镇,,,0,,,admin_unmatched_or_ambiguous
60443,梅州,全石马镇,磷下行政村,礫下村,梅州市,石马镇,,,0,,,admin_unmatched_or_ambiguous
60369,梅州,全粤龙田镇,坪见行政村,坪见村,梅州市,龙田镇,,,0,,,admin_unmatched_or_ambiguous
63963,梅州,全西阳镇,东街行政村,梅子树下村,梅州市,西阳镇,,,0,,,admin_unmatched_or_ambiguous
63960,梅州,全西阳镇,周溪行政村,周溪村,梅州市,西阳镇,,,0,,,admin_unmatched_or_ambiguous
63961,梅州,全西阳镇,周溪行政村,蓝塘村,梅州市,西阳镇,,,0,,,admin_unmatched_or_ambiguous
63962,梅州,全西阳镇,月梅行政村,月梅村,梅州市,西阳镇,,,0,,,admin_unmatched_or_ambiguous
63936,梅州,全西阳镇,笙竹行政村,凹下李屋村,梅州市,西阳镇,,,0,,,admin_unmatched_or_ambiguous
63937,梅州,全西阳镇,笙竹行政村,坪上吴屋村,梅州市,西阳镇,,,0,,,admin_unmatched_or_ambiguous
63938,梅州,全西阳镇,笙竹行政村,鹿子陂村,梅州市,西阳镇,,,0,,,admin_unmatched_or_ambiguous
63954,梅州,全西阳镇,金丰行政村,三姓村,梅州市,西阳镇,,,0,,,admin_unmatched_or_ambiguous
63955,梅州,全西阳镇,金丰行政村,挖子村,梅州市,西阳镇,,,0,,,admin_unmatched_or_ambiguous
63956,梅州,全西阳镇,金丰行政村,珠湖村,梅州市,西阳镇,,,0,,,admin_unmatched_or_ambiguous
63953,梅州,全西阳镇,金山街道黄坑行政村,黄坑村,梅州市,西阳镇,,,0,,,admin_unmatched_or_ambiguous
63957,梅州,全西阳镇,龙丰行政村,东岩背村,梅州市,西阳镇,,,0,,,admin_unmatched_or_ambiguous
63959,梅州,全西阳镇,龙丰行政村,崇庆堂黄屋村,梅州市,西阳镇,,,0,,,admin_unmatched_or_ambiguous
63958,梅州,全西阳镇,龙丰行政村,盘龙桥李屋村,梅州市,西阳镇,,,0,,,admin_unmatched_or_ambiguous
61118,梅州,全转水镇,拳柯行政村,轝下洞村,梅州市,转水镇,,,0,,,admin_unmatched_or_ambiguous
61154,梅州,全转水镇,拳维行政村,喊四坑村,梅州市,转水镇,,,0,,,admin_unmatched_or_ambiguous
61155,梅州,全转水镇,拳维行政村,峯坑塘村,梅州市,转水镇,,,0,,,admin_unmatched_or_ambiguous
61156,梅州,全转水镇,拳维行政村,杨仲塘村,梅州市,转水镇,,,0,,,admin_unmatched_or_ambiguous
61116,梅州,全转水镇,黄梅行政村,上村,梅州市,转水镇,,,0,,,admin_unmatched_or_ambiguous
61117,梅州,全转水镇,黄梅行政村,下村,梅州市,转水镇,,,0,,,admin_unmatched_or_ambiguous
61114,梅州,全转水镇,黄梅行政村,河洞村,梅州市,转水镇,,,0,,,admin_unmatched_or_ambiguous
61115,梅州,全转水镇,黄梅行政村,黄沙村,梅州市,转水镇,,,0,,,admin_unmatched_or_ambiguous
62727,梅州,八尺镇,石峰行政村,峰下村,梅州市,八尺镇,,,0,,,admin_unmatched_or_ambiguous
62728,梅州,八尺镇,石峰行政村,石井村,梅州市,八尺镇,,,0,,,admin_unmatched_or_ambiguous
62729,梅州,八尺镇,石峰行政村,礫下村,梅州市,八尺镇,,,0,,,admin_unmatched_or_ambiguous
62730,梅州,八尺镇,石峰行政村,礫肚里村,梅州市,八尺镇,,,0,,,admin_unmatched_or_ambiguous
62719,梅州,八尺镇,笙竹行政村,笙竹村,梅州市,八尺镇,,,0,,,admin_unmatched_or_ambiguous
61226,梅州,华城镇,万子行政村,下陶村,梅州市,华城镇,,,0,,,admin_unmatched_or_ambiguous
61224,梅州,华城镇,万子行政村,烂泥塘村,梅州市,华城镇,,,0,,,admin_unmatched_or_ambiguous
61225,梅州,华城镇,万子行政村,石桥村,梅州市,华城镇,,,0,,,admin_unmatched_or_ambiguous
62032,梅州,华阳镇,莲高行政村,莲塘埔村,梅州市,华阳镇,,,0,,,admin_unmatched_or_ambiguous
62031,梅州,华阳镇,莲高行政村,高布村,梅州市,华阳镇,,,0,,,admin_unmatched_or_ambiguous
63370,梅州,南口镇,董田行政村,山下村,梅州市,南口镇,,,0,,,admin_unmatched_or_ambiguous
63369,梅州,南口镇,董田行政村,留畲村,梅州市,南口镇,,,0,,,admin_unmatched_or_ambiguous
63371,梅州,南口镇,董田行政村,竹园村,梅州市,南口镇,,,0,,,admin_unmatched_or_ambiguous
61753,梅州,双华镇,公平行政村,上寨村,梅州市,双华镇,,,0,,,admin_unmatched_or_ambiguous
61754,梅州,双华镇,公平行政村,下寨村,梅州市,双华镇,,,0,,,admin_unmatched_or_ambiguous
61742,梅州,双华镇,矮畲行政村,下畲村,梅州市,双华镇,,,0,,,admin_unmatched_or_ambiguous
61743,梅州,双华镇,矮畲行政村,增田村,梅州市,双华镇,,,0,,,admin_unmatched_or_ambiguous
61741,梅州,双华镇,矮畲行政村,矮车村,梅州市,双华镇,,,0,,,admin_unmatched_or_ambiguous
60883,梅州,叶塘社区,上下畲行政村,上畲村,梅州市,叶塘镇,,,0,,,admin_unmatched_or_ambiguous
60884,梅州,叶塘社区,上下畲行政村,下畲村,梅州市,叶塘镇,,,0,,,admin_unmatched_or_ambiguous
60888,梅州,叶塘社区,东星行政村,上洋村,梅州市,叶塘镇,,,0,,,admin_unmatched_or_ambiguous
60889,梅州,叶塘社区,东星行政村,下洋村,梅州市,叶塘镇,,,0,,,admin_unmatched_or_ambiguous
60880,梅州,叶塘社区,中和行政村,中和村,梅州市,叶塘镇,,,0,,,admin_unmatched_or_ambiguous
60881,梅州,叶塘社区,中和行政村,北坑里村,梅州市,叶塘镇,,,0,,,admin_unmatched_or_ambiguous
60885,梅州,叶塘社区,中坑行政村,马墩围村,梅州市,叶塘镇,,,0,,,admin_unmatched_or_ambiguous
60865,梅州,叶塘社区,勤光行政村,勤光村,梅州市,叶塘镇,,,0,,,admin_unmatched_or_ambiguous
60866,梅州,叶塘社区,勤光行政村,北塘村,梅州市,叶塘镇,,,0,,,admin_unmatched_or_ambiguous
60864,梅州,叶塘社区,塘社行政村,上村,梅州市,叶塘镇,,,0,,,admin_unmatched_or_ambiguous
60863,梅州,叶塘社区,塘社行政村,塘社村,梅州市,叶塘镇,,,0,,,admin_unmatched_or_ambiguous
60874,梅州,叶塘社区,小佑行政村,大槐塘村,梅州市,叶塘镇,,,0,,,admin_unmatched_or_ambiguous
60873,梅州,叶塘社区,小佑行政村,小佑村,梅州市,叶塘镇,,,0,,,admin_unmatched_or_ambiguous
60870,梅州,叶塘社区,岩前行政村,苏群村,梅州市,叶塘镇,,,0,,,admin_unmatched_or_ambiguous
60890,梅州,叶塘社区,徐田行政村,徐田坝村,梅州市,叶塘镇,,,0,,,admin_unmatched_or_ambiguous
60891,梅州,叶塘社区,徐田行政村,枫树下村,梅州市,叶塘镇,,,0,,,admin_unmatched_or_ambiguous
60882,梅州,叶塘社区,新南行政村,三坑里村,梅州市,叶塘镇,,,0,,,admin_unmatched_or_ambiguous
60886,梅州,叶塘社区,浮东行政村,笠石村,梅州市,叶塘镇,,,0,,,admin_unmatched_or_ambiguous
60858,梅州,叶塘社区,浮中行政村,乌泥寨村,梅州市,叶塘镇,,,0,,,admin_unmatched_or_ambiguous
60857,梅州,叶塘社区,浮中行政村,浮中村,梅州市,叶塘镇,,,0,,,admin_unmatched_or_ambiguous
60861,梅州,叶塘社区,浮北行政村,浮北村,梅州市,叶塘镇,,,0,,,admin_unmatched_or_ambiguous
60860,梅州,叶塘社区,浮北行政村,石蕉村,梅州市,叶塘镇,,,0,,,admin_unmatched_or_ambiguous
60895,梅州,叶塘社区,浮南行政村,上下坪村,梅州市,叶塘镇,,,0,,,admin_unmatched_or_ambiguous
60894,梅州,叶塘社区,浮南行政村,浮南村,梅州市,叶塘镇,,,0,,,admin_unmatched_or_ambiguous
60869,梅州,叶塘社区,浮美行政村,司马第村,梅州市,叶塘镇,,,0,,,admin_unmatched_or_ambiguous
60868,梅州,叶塘社区,浮美行政村,山背村,梅州市,叶塘镇,,,0,,,admin_unmatched_or_ambiguous
60867,梅州,叶塘社区,浮美行政村,浮美村,梅州市,叶塘镇,,,0,,,admin_unmatched_or_ambiguous
60862,梅州,叶塘社区,浮西行政村,浮西村,梅州市,叶塘镇,,,0,,,admin_unmatched_or_ambiguous
60887,梅州,叶塘社区,澄联行政村,老围里村,梅州市,叶塘镇,,,0,,,admin_unmatched_or_ambiguous
60879,梅州,叶塘社区,瑶兴行政村,古田村,梅州市,叶塘镇,,,0,,,admin_unmatched_or_ambiguous
60878,梅州,叶塘社区,瑶兴行政村,瑶兴村,梅州市,叶塘镇,,,0,,,admin_unmatched_or_ambiguous
60893,梅州,叶塘社区,练优行政村,南风村,梅州市,叶塘镇,,,0,,,admin_unmatched_or_ambiguous
60892,梅州,叶塘社区,练优行政村,练优村,梅州市,叶塘镇,,,0,,,admin_unmatched_or_ambiguous
60872,梅州,叶塘社区,罗栋行政村,松风畲村,梅州市,叶塘镇,,,0,,,admin_unmatched_or_ambiguous
60871,梅州,叶塘社区,罗栋行政村,罗栋村,梅州市,叶塘镇,,,0,,,admin_unmatched_or_ambiguous
60876,梅州,叶塘社区,蕉坑行政村,留岗村,梅州市,叶塘镇,,,0,,,admin_unmatched_or_ambiguous
60875,梅州,叶塘社区,蕉坑行政村,蕉坑村,梅州市,叶塘镇,,,0,,,admin_unmatched_or_ambiguous
60877,梅州,叶塘社区,象湖行政村,象湖村,梅州市,叶塘镇,,,0,,,admin_unmatched_or_ambiguous
60859,梅州,叶塘社区,高坑行政村,高坑村,梅州市,叶塘镇,,,0,,,admin_unmatched_or_ambiguous
61576,梅州,周江镇,良头行政村,崑头村,梅州市,周江镇,,,0,,,admin_unmatched_or_ambiguous
63035,梅州,圩镇社区,新塘行政村,滂溪村,梅州市,石扇镇,,,0,,,admin_unmatched_or_ambiguous
63034,梅州,圩镇社区,新塘行政村,耕郑村,梅州市,石扇镇,,,0,,,admin_unmatched_or_ambiguous
63036,梅州,圩镇社区,罗田上村行政村,罗田上村,梅州市,石扇镇,,,0,,,admin_unmatched_or_ambiguous
60324,梅州,坭陂镇,丙塘行政村,丙塘村,梅州市,坭陂镇,,,0,,,admin_unmatched_or_ambiguous
63060,梅州,城东镇,三葵行政村,扶大园区牌坊,梅州市,城东镇,,,0,,,admin_unmatched_or_ambiguous
63061,梅州,城东镇,所里行政村,所里村,梅州市,城东镇,,,0,,,admin_unmatched_or_ambiguous
63059,梅州,城东镇,铁炉桥行政村,乌仙村,梅州市,城东镇,,,0,,,admin_unmatched_or_ambiguous
63058,梅州,城东镇,铁炉桥行政村,红墓村,梅州市,城东镇,,,0,,,admin_unmatched_or_ambiguous
60954,梅州,大坪镇,坪畬行政村,下村,梅州市,大坪镇,,,0,,,admin_unmatched_or_ambiguous
60956,梅州,大坪镇,坪畬行政村,五塘村,梅州市,大坪镇,,,0,,,admin_unmatched_or_ambiguous
60955,梅州,大坪镇,坪畬行政村,甘水村,梅州市,大坪镇,,,0,,,admin_unmatched_or_ambiguous
60961,梅州,大坪镇,平中行政村,下振村,梅州市,大坪镇,,,0,,,admin_unmatched_or_ambiguous
60962,梅州,大坪镇,平中行政村,东山村,梅州市,大坪镇,,,0,,,admin_unmatched_or_ambiguous
60963,梅州,大坪镇,平中行政村,西山村,梅州市,大坪镇,,,0,,,admin_unmatched_or_ambiguous
60948,梅州,大坪镇,清连行政村,双凹背村,梅州市,大坪镇,,,0,,,admin_unmatched_or_ambiguous
60950,梅州,大坪镇,清连行政村,岩背村,梅州市,大坪镇,,,0,,,admin_unmatched_or_ambiguous
60949,梅州,大坪镇,清连行政村,清径村,梅州市,大坪镇,,,0,,,admin_unmatched_or_ambiguous
60297,梅州,宁中镇,大荣行政村,大莹村,梅州市,宁中镇,,,0,,,admin_unmatched_or_ambiguous
60447,梅州,宁江社区,宁江社区,曾鹤荣村,梅州市,兴田街道,,,0,,,admin_unmatched_or_ambiguous
61783,梅州,安流镇,楼江行政村,泮溪里村,梅州市,安流镇,,,0,,,admin_unmatched_or_ambiguous
61782,梅州,安流镇,楼江行政村,马头山村,梅州市,安流镇,,,0,,,admin_unmatched_or_ambiguous
61085,梅州,宝水寨镇,万华行政村,万华村,梅州市,水寨镇,,,0,,,admin_unmatched_or_ambiguous
61099,梅州,宝水寨镇,三田行政村,三田村,梅州市,水寨镇,,,0,,,admin_unmatched_or_ambiguous
61059,梅州,宝水寨镇,下一行政村,桥头村,梅州市,水寨镇,,,0,,,admin_unmatched_or_ambiguous
61057,梅州,宝水寨镇,下一行政村,茶元村,梅州市,水寨镇,,,0,,,admin_unmatched_or_ambiguous
61058,梅州,宝水寨镇,下一行政村,黄基村,梅州市,水寨镇,,,0,,,admin_unmatched_or_ambiguous
61065,梅州,宝水寨镇,下二行政村,上岗村,梅州市,水寨镇,,,0,,,admin_unmatched_or_ambiguous
61061,梅州,宝水寨镇,下二行政村,仓下村,梅州市,水寨镇,,,0,,,admin_unmatched_or_ambiguous
61063,梅州,宝水寨镇,下二行政村,大屋里村,梅州市,水寨镇,,,0,,,admin_unmatched_or_ambiguous
61064,梅州,宝水寨镇,下二行政村,渡江村,梅州市,水寨镇,,,0,,,admin_unmatched_or_ambiguous
61062,梅州,宝水寨镇,下二行政村,超全村,梅州市,水寨镇,,,0,,,admin_unmatched_or_ambiguous
61052,梅州,宝水寨镇,下村行政村,举公村,梅州市,水寨镇,,,0,,,admin_unmatched_or_ambiguous
61051,梅州,宝水寨镇,下村行政村,华萼村,梅州市,水寨镇,,,0,,,admin_unmatched_or_ambiguous
61055,梅州,宝水寨镇,下村行政村,寨下村,梅州市,水寨镇,,,0,,,admin_unmatched_or_ambiguous
61056,梅州,宝水寨镇,下村行政村,昭德村,梅州市,水寨镇,,,0,,,admin_unmatched_or_ambiguous
61054,梅州,宝水寨镇,下村行政村,松林村,梅州市,水寨镇,,,0,,,admin_unmatched_or_ambiguous
61053,梅州,宝水寨镇,下村行政村,石子塘村,梅州市,水寨镇,,,0,,,admin_unmatched_or_ambiguous
61042,梅州,宝水寨镇,东溪行政村,东溪上村,梅州市,水寨镇,,,0,,,admin_unmatched_or_ambiguous
61043,梅州,宝水寨镇,东溪行政村,东溪下村,梅州市,水寨镇,,,0,,,admin_unmatched_or_ambiguous
61087,梅州,宝水寨镇,化裕行政村,圆墩围村,梅州市,水寨镇,,,0,,,admin_unmatched_or_ambiguous
61086,梅州,宝水寨镇,化裕行政村,坝子里村,梅州市,水寨镇,,,0,,,admin_unmatched_or_ambiguous
61088,梅州,宝水寨镇,化裕行政村,钟屋寨村,梅州市,水寨镇,,,0,,,admin_unmatched_or_ambiguous
61091,梅州,宝水寨镇,和民行政村,塘背村,梅州市,水寨镇,,,0,,,admin_unmatched_or_ambiguous
61089,梅州,宝水寨镇,和民行政村,大湖洋村,梅州市,水寨镇,,,0,,,admin_unmatched_or_ambiguous
61090,梅州,宝水寨镇,和民行政村,麟角寨村,梅州市,水寨镇,,,0,,,admin_unmatched_or_ambiguous
61034,梅州,宝水寨镇,增塘行政村,上楼村,梅州市,水寨镇,,,0,,,admin_unmatched_or_ambiguous
61033,梅州,宝水寨镇,增塘行政村,岭头村,梅州市,水寨镇,,,0,,,admin_unmatched_or_ambiguous
61032,梅州,宝水寨镇,增塘行政村,湖面村,梅州市,水寨镇,,,0,,,admin_unmatched_or_ambiguous
61082,梅州,宝水寨镇,大嵩行政村,上下陈村,梅州市,水寨镇,,,0,,,admin_unmatched_or_ambiguous
61083,梅州,宝水寨镇,大嵩行政村,中塘村,梅州市,水寨镇,,,0,,,admin_unmatched_or_ambiguous
61081,梅州,宝水寨镇,大嵩行政村,排上村,梅州市,水寨镇,,,0,,,admin_unmatched_or_ambiguous
61044,梅州,宝水寨镇,太和行政村,佛祖高村,梅州市,水寨镇,,,0,,,admin_unmatched_or_ambiguous
61045,梅州,宝水寨镇,太和行政村,洋洲汕村,梅州市,水寨镇,,,0,,,admin_unmatched_or_ambiguous
61046,梅州,宝水寨镇,太和行政村,竹头塘村,梅州市,水寨镇,,,0,,,admin_unmatched_or_ambiguous
61050,梅州,宝水寨镇,宝瑞行政村,咸水湖村,梅州市,水寨镇,,,0,,,admin_unmatched_or_ambiguous
61049,梅州,宝水寨镇,宝瑞行政村,胡屋村,梅州市,水寨镇,,,0,,,admin_unmatched_or_ambiguous
61077,梅州,宝水寨镇,布头行政村,布头村,梅州市,水寨镇,,,0,,,admin_unmatched_or_ambiguous
61078,梅州,宝水寨镇,布头行政村,葵坑村,梅州市,水寨镇,,,0,,,admin_unmatched_or_ambiguous
61107,梅州,宝水寨镇,平东行政村,黄砂寨村,梅州市,水寨镇,,,0,,,admin_unmatched_or_ambiguous
61108,梅州,宝水寨镇,平东行政村,黄砂村,梅州市,水寨镇,,,0,,,admin_unmatched_or_ambiguous
61101,梅州,宝水寨镇,平西行政村,平西村,梅州市,水寨镇,,,0,,,admin_unmatched_or_ambiguous
61096,梅州,宝水寨镇,新行政村,蔡新村,梅州市,水寨镇,,,0,,,admin_unmatched_or_ambiguous
61109,梅州,宝水寨镇,林石行政村,林石村,梅州市,水寨镇,,,0,,,admin_unmatched_or_ambiguous
61110,梅州,宝水寨镇,枫林行政村,枫林塘村,梅州市,水寨镇,,,0,,,admin_unmatched_or_ambiguous
61104,梅州,宝水寨镇,桂岭行政村,桂岭村,梅州市,水寨镇,,,0,,,admin_unmatched_or_ambiguous
61100,梅州,宝水寨镇,桂田行政村,合完村,梅州市,水寨镇,,,0,,,admin_unmatched_or_ambiguous
61047,梅州,宝水寨镇,沙渴行政村,东片村,梅州市,水寨镇,,,0,,,admin_unmatched_or_ambiguous
61048,梅州,宝水寨镇,沙渴行政村,西片村,梅州市,水寨镇,,,0,,,admin_unmatched_or_ambiguous
61073,梅州,宝水寨镇,河口行政村,排芳村,梅州市,水寨镇,,,0,,,admin_unmatched_or_ambiguous
61071,梅州,宝水寨镇,河口行政村,黄尾点水村,梅州市,水寨镇,,,0,,,admin_unmatched_or_ambiguous
61072,梅州,宝水寨镇,河口行政村,龙利上村,梅州市,水寨镇,,,0,,,admin_unmatched_or_ambiguous
61079,梅州,宝水寨镇,油新行政村,油新村,梅州市,水寨镇,,,0,,,admin_unmatched_or_ambiguous
61080,梅州,宝水寨镇,油田行政村,油田村,梅州市,水寨镇,,,0,,,admin_unmatched_or_ambiguous
61084,梅州,宝水寨镇,洋坑行政村,洋坑村,梅州市,水寨镇,,,0,,,admin_unmatched_or_ambiguous
61097,梅州,宝水寨镇,浮湖行政村,黄龙岗村,梅州市,水寨镇,,,0,,,admin_unmatched_or_ambiguous
61041,梅州,宝水寨镇,澄塘行政村,凹上村,梅州市,水寨镇,,,0,,,admin_unmatched_or_ambiguous
61038,梅州,宝水寨镇,燕堂行政村,布塘村,梅州市,水寨镇,,,0,,,admin_unmatched_or_ambiguous
61040,梅州,宝水寨镇,燕堂行政村,罗塘村,梅州市,水寨镇,,,0,,,admin_unmatched_or_ambiguous
61039,梅州,宝水寨镇,燕堂行政村,罗排村,梅州市,水寨镇,,,0,,,admin_unmatched_or_ambiguous
61074,梅州,宝水寨镇,牛石行政村,河下村,梅州市,水寨镇,,,0,,,admin_unmatched_or_ambiguous
61075,梅州,宝水寨镇,牛石行政村,牛石村,梅州市,水寨镇,,,0,,,admin_unmatched_or_ambiguous
61098,梅州,宝水寨镇,礫坑行政村,坑村,梅州市,水寨镇,,,0,,,admin_unmatched_or_ambiguous
61105,梅州,宝水寨镇,联岭行政村,排岭村,梅州市,水寨镇,,,0,,,admin_unmatched_or_ambiguous
61106,梅州,宝水寨镇,联岭行政村,油富塘村,梅州市,水寨镇,,,0,,,admin_unmatched_or_ambiguous
61036,梅州,宝水寨镇,苑河行政村,坑背村,梅州市,水寨镇,,,0,,,admin_unmatched_or_ambiguous
61035,梅州,宝水寨镇,苑河行政村,旱窝里村,梅州市,水寨镇,,,0,,,admin_unmatched_or_ambiguous
61037,梅州,宝水寨镇,苑河行政村,老河陂村,梅州市,水寨镇,,,0,,,admin_unmatched_or_ambiguous
61076,梅州,宝水寨镇,赛洞行政村,赛洞村,梅州市,水寨镇,,,0,,,admin_unmatched_or_ambiguous
61031,梅州,宝水寨镇,走马行政村,周家寨村,梅州市,水寨镇,,,0,,,admin_unmatched_or_ambiguous
61030,梅州,宝水寨镇,走马行政村,白石洋村,梅州市,水寨镇,,,0,,,admin_unmatched_or_ambiguous
61060,梅州,宝水寨镇,高榕行政村,高榕村,梅州市,水寨镇,,,0,,,admin_unmatched_or_ambiguous
61103,梅州,宝水寨镇,黄坑行政村,文甲塘村,梅州市,水寨镇,,,0,,,admin_unmatched_or_ambiguous
61102,梅州,宝水寨镇,黄坑行政村,黄坑村,梅州市,水寨镇,,,0,,,admin_unmatched_or_ambiguous
61069,梅州,宝水寨镇,黄湖行政村,天云岭村,梅州市,水寨镇,,,0,,,admin_unmatched_or_ambiguous
61066,梅州,宝水寨镇,黄湖行政村,打鼓岭村,梅州市,水寨镇,,,0,,,admin_unmatched_or_ambiguous
61070,梅州,宝水寨镇,黄湖行政村,朱社下村,梅州市,水寨镇,,,0,,,admin_unmatched_or_ambiguous
61068,梅州,宝水寨镇,黄湖行政村,雷公塘村,梅州市,水寨镇,,,0,,,admin_unmatched_or_ambiguous
61067,梅州,宝水寨镇,黄湖行政村,黄排上村,梅州市,水寨镇,,,0,,,admin_unmatched_or_ambiguous
63848,梅州,小胜镇,硃坑行政村,上村,梅州市,小胜镇,,,0,,,admin_unmatched_or_ambiguous
63847,梅州,小胜镇,硃坑行政村,加东坑村,梅州市,小胜镇,,,0,,,admin_unmatched_or_ambiguous
63845,梅州,小胜镇,硃坑行政村,半坑村,梅州市,小胜镇,,,0,,,admin_unmatched_or_ambiguous
63850,梅州,小胜镇,硃坑行政村,朱氏坑村,梅州市,小胜镇,,,0,,,admin_unmatched_or_ambiguous
63851,梅州,小胜镇,硃坑行政村,江赤村,梅州市,小胜镇,,,0,,,admin_unmatched_or_ambiguous
63846,梅州,小胜镇,硃坑行政村,河口村,梅州市,小胜镇,,,0,,,admin_unmatched_or_ambiguous
63849,梅州,小胜镇,硃坑行政村,深竹塘村,梅州市,小胜镇,,,0,,,admin_unmatched_or_ambiguous
63852,梅州,小胜镇,硃坑行政村,硃坑塘村,梅州市,小胜镇,,,0,,,admin_unmatched_or_ambiguous
60577,梅州,径南社区,双头行政村,双头村,梅州市,径南镇,,,0,,,admin_unmatched_or_ambiguous
60574,梅州,径南社区,大村行政村,大村,梅州市,径南镇,,,0,,,admin_unmatched_or_ambiguous
60587,梅州,径南社区,崇上行政村,崇正村,梅州市,径南镇,,,0,,,admin_unmatched_or_ambiguous
60572,梅州,径南社区,径南社区,径心圩,梅州市,径南镇,,,0,,,admin_unmatched_or_ambiguous
60582,梅州,径南社区,新丰行政村,新塘坑村,梅州市,径南镇,,,0,,,admin_unmatched_or_ambiguous
60581,梅州,径南社区,新丰行政村,鸭子桥村,梅州市,径南镇,,,0,,,admin_unmatched_or_ambiguous
60585,梅州,径南社区,新北行政村,新林村,梅州市,径南镇,,,0,,,admin_unmatched_or_ambiguous
60583,梅州,径南社区,新北行政村,火甲笏村,梅州市,径南镇,,,0,,,admin_unmatched_or_ambiguous
60584,梅州,径南社区,新北行政村,蓝塘堡村,梅州市,径南镇,,,0,,,admin_unmatched_or_ambiguous
60576,梅州,径南社区,步东行政村,步东村,梅州市,径南镇,,,0,,,admin_unmatched_or_ambiguous
60573,梅州,径南社区,民新行政村,民新村,梅州市,径南镇,,,0,,,admin_unmatched_or_ambiguous
60588,梅州,径南社区,石崖行政村,石崖堡村,梅州市,径南镇,,,0,,,admin_unmatched_or_ambiguous
60578,梅州,径南社区,船添行政村,天晋堂村,梅州市,径南镇,,,0,,,admin_unmatched_or_ambiguous
60580,梅州,径南社区,船添行政村,添坑村,梅州市,径南镇,,,0,,,admin_unmatched_or_ambiguous
60579,梅州,径南社区,船添行政村,船江村,梅州市,径南镇,,,0,,,admin_unmatched_or_ambiguous
60575,梅州,径南社区,茶星行政村,茶星村,梅州市,径南镇,,,0,,,admin_unmatched_or_ambiguous
60589,梅州,径南社区,莲塘行政村,莲塘村,梅州市,径南镇,,,0,,,admin_unmatched_or_ambiguous
60593,梅州,径南社区,蓝二行政村,下蓝埔村,梅州市,径南镇,,,0,,,admin_unmatched_or_ambiguous
60594,梅州,径南社区,蓝二行政村,伯公坳村,梅州市,径南镇,,,0,,,admin_unmatched_or_ambiguous
60591,梅州,径南社区,蓝布行政村,五一村,梅州市,径南镇,,,0,,,admin_unmatched_or_ambiguous
60590,梅州,径南社区,蓝布行政村,四联村,梅州市,径南镇,,,0,,,admin_unmatched_or_ambiguous
60592,梅州,径南社区,蓝布行政村,新化村,梅州市,径南镇,,,0,,,admin_unmatched_or_ambiguous
60586,梅州,径南社区,鲤湖行政村,鲤湖村,梅州市,径南镇,,,0,,,admin_unmatched_or_ambiguous
63485,梅州,松口镇,介溪行政村,园田村,梅州市,松口镇,,,0,,,admin_unmatched_or_ambiguous
63483,梅州,松口镇,介溪行政村,太平村,梅州市,松口镇,,,0,,,admin_unmatched_or_ambiguous
63482,梅州,松口镇,介溪行政村,溪口村,梅州市,松口镇,,,0,,,admin_unmatched_or_ambiguous
63484,梅州,松口镇,介溪行政村,雁赖村,梅州市,松口镇,,,0,,,admin_unmatched_or_ambiguous
61980,梅州,梅林镇,上礫行政村,上礫村,梅州市,梅林镇,,,0,,,admin_unmatched_or_ambiguous
61981,梅州,梅林镇,上礫行政村,十字塘村,梅州市,梅林镇,,,0,,,admin_unmatched_or_ambiguous
63292,梅州,梅西镇,盛塘行政村,凌屋村,梅州市,梅西镇,,,0,,,admin_unmatched_or_ambiguous
63291,梅州,梅西镇,盛塘行政村,围子岗村,梅州市,梅西镇,,,0,,,admin_unmatched_or_ambiguous
63290,梅州,梅西镇,盛塘行政村,温屋村,梅州市,梅西镇,,,0,,,admin_unmatched_or_ambiguous
61937,梅州,棉洋镇,唐纯行政村,唐纯村,梅州市,棉洋镇,,,0,,,admin_unmatched_or_ambiguous
61943,梅州,棉洋镇,磵砂行政村,竹圆背村,梅州市,棉洋镇,,,0,,,admin_unmatched_or_ambiguous
61942,梅州,棉洋镇,磵砂行政村,黄田社村,梅州市,棉洋镇,,,0,,,admin_unmatched_or_ambiguous
60624,梅州,水口镇,博溪行政村,博溪村,梅州市,水口镇,,,0,,,admin_unmatched_or_ambiguous
63111,梅州,水车镇,礫下行政村,下村,梅州市,水车镇,,,0,,,admin_unmatched_or_ambiguous
60262,梅州,洋岭社区,洋岭社区,东沟村,梅州市,福兴街道,,,0,,,admin_unmatched_or_ambiguous
60259,梅州,洋岭社区,洋岭社区,中心村,梅州市,福兴街道,,,0,,,admin_unmatched_or_ambiguous
60260,梅州,洋岭社区,洋岭社区,木棉树下村,梅州市,福兴街道,,,0,,,admin_unmatched_or_ambiguous
60261,梅州,洋岭社区,洋岭社区,谦记村,梅州市,福兴街道,,,0,,,admin_unmatched_or_ambiguous
60258,梅州,洋岭社区,洋岭社区,高岭村,梅州市,福兴街道,,,0,,,admin_unmatched_or_ambiguous
62238,梅州,湖寮镇,碗瑶行政村,三湖村,梅州市,湖寮镇,,,0,,,admin_unmatched_or_ambiguous
62239,梅州,湖寮镇,碗瑶行政村,下坪村,梅州市,湖寮镇,,,0,,,admin_unmatched_or_ambiguous
62240,梅州,湖寮镇,碗瑶行政村,中村,梅州市,湖寮镇,,,0,,,admin_unmatched_or_ambiguous
62237,梅州,湖寮镇,碗瑶行政村,梅坪村,梅州市,湖寮镇,,,0,,,admin_unmatched_or_ambiguous
62236,梅州,湖寮镇,碗瑶行政村,茅拳村,梅州市,湖寮镇,,,0,,,admin_unmatched_or_ambiguous
62164,梅州,湖寮镇,营村行政村,余水村,梅州市,湖寮镇,,,0,,,admin_unmatched_or_ambiguous
62162,梅州,湖寮镇,营村行政村,圣公塘村,梅州市,湖寮镇,,,0,,,admin_unmatched_or_ambiguous
62160,梅州,湖寮镇,营村行政村,大德岌村,梅州市,湖寮镇,,,0,,,admin_unmatched_or_ambiguous
62161,梅州,湖寮镇,营村行政村,大靖坑村,梅州市,湖寮镇,,,0,,,admin_unmatched_or_ambiguous
62163,梅州,湖寮镇,营村行政村,松林村,梅州市,湖寮镇,,,0,,,admin_unmatched_or_ambiguous
62159,梅州,湖寮镇,营村行政村,营村,梅州市,湖寮镇,,,0,,,admin_unmatched_or_ambiguous
61450,梅州,潭下镇,品畲行政村,下畲村,梅州市,潭下镇,,,0,,,admin_unmatched_or_ambiguous
61449,梅州,潭下镇,品畲行政村,黄泥塘村,梅州市,潭下镇,,,0,,,admin_unmatched_or_ambiguous
61438,梅州,潭下镇,柏洋行政村,坝心围村,梅州市,潭下镇,,,0,,,admin_unmatched_or_ambiguous
61440,梅州,潭下镇,柏洋行政村,墩上村,梅州市,潭下镇,,,0,,,admin_unmatched_or_ambiguous
61439,梅州,潭下镇,柏洋行政村,大岭背村,梅州市,潭下镇,,,0,,,admin_unmatched_or_ambiguous
61441,梅州,潭下镇,柏洋行政村,排心村,梅州市,潭下镇,,,0,,,admin_unmatched_or_ambiguous
61442,梅州,潭下镇,柏洋行政村,榕树背村,梅州市,潭下镇,,,0,,,admin_unmatched_or_ambiguous
63643,梅州,潭江镇,社轝行政村,上北村,梅州市,潭江镇,,,0,,,admin_unmatched_or_ambiguous
63644,梅州,潭江镇,社轝行政村,下拳村,梅州市,潭江镇,,,0,,,admin_unmatched_or_ambiguous
63645,梅州,潭江镇,社轝行政村,宗德村,梅州市,潭江镇,,,0,,,admin_unmatched_or_ambiguous
63609,梅州,潭江镇,粉轝行政村,下粉村,梅州市,潭江镇,,,0,,,admin_unmatched_or_ambiguous
63634,梅州,潭江镇,降福行政村,上、下塘卜村,梅州市,潭江镇,,,0,,,admin_unmatched_or_ambiguous
63635,梅州,潭江镇,降福行政村,十八到村,梅州市,潭江镇,,,0,,,admin_unmatched_or_ambiguous
63632,梅州,潭江镇,降福行政村,村底村,梅州市,潭江镇,,,0,,,admin_unmatched_or_ambiguous
63636,梅州,潭江镇,降福行政村,食饭坑村,梅州市,潭江镇,,,0,,,admin_unmatched_or_ambiguous
63633,梅州,潭江镇,降福行政村,麻竹窝村,梅州市,潭江镇,,,0,,,admin_unmatched_or_ambiguous
62933,梅州,热柘镇,礫上行政村,上村,梅州市,热柘镇,,,0,,,admin_unmatched_or_ambiguous
62934,梅州,热柘镇,礫上行政村,尾村,梅州市,热柘镇,,,0,,,admin_unmatched_or_ambiguous
62935,梅州,热柘镇,礫上行政村,黄竹坪村,梅州市,热柘镇,,,0,,,admin_unmatched_or_ambiguous
63403,梅州,畲江镇,连江行政村,江头村,梅州市,畲江镇,,,0,,,admin_unmatched_or_ambiguous
63073,梅州,石坑镇,七朱行政村,七朱村,梅州市,石坑镇,,,0,,,admin_unmatched_or_ambiguous
63084,梅州,石坑镇,杨化行政村,化龙村,梅州市,石坑镇,,,0,,,admin_unmatched_or_ambiguous
63083,梅州,石坑镇,杨化行政村,杨坑村,梅州市,石坑镇,,,0,,,admin_unmatched_or_ambiguous
63101,梅州,石扇镇,西南行政村,围子岗村,梅州市,石扇镇,,,0,,,admin_unmatched_or_ambiguous
63098,梅州,石扇镇,西南行政村,大岭下村,梅州市,石扇镇,,,0,,,admin_unmatched_or_ambiguous
63099,梅州,石扇镇,西南行政村,径尾村,梅州市,石扇镇,,,0,,,admin_unmatched_or_ambiguous
63100,梅州,石扇镇,西南行政村,田螺塘村,梅州市,石扇镇,,,0,,,admin_unmatched_or_ambiguous
63565,梅州,粤砂田镇,荐坪行政村,桂竹岌村,梅州市,砂田镇,,,0,,,admin_unmatched_or_ambiguous
63567,梅州,粤砂田镇,荐坪行政村,江南村,梅州市,砂田镇,,,0,,,admin_unmatched_or_ambiguous
63566,梅州,粤砂田镇,荐坪行政村,田心村,梅州市,砂田镇,,,0,,,admin_unmatched_or_ambiguous
63564,梅州,粤砂田镇,荐坪行政村,赤水塘村,梅州市,砂田镇,,,0,,,admin_unmatched_or_ambiguous
62107,梅州,粤龙村镇,兴民行政村,径背村,梅州市,龙村镇,,,0,,,admin_unmatched_or_ambiguous
62109,梅州,粤龙村镇,兴民行政村,杨梅山村,梅州市,龙村镇,,,0,,,admin_unmatched_or_ambiguous
62108,梅州,粤龙村镇,兴民行政村,石头塘村,梅州市,龙村镇,,,0,,,admin_unmatched_or_ambiguous
62123,梅州,粤龙村镇,留畲行政村,上村,梅州市,龙村镇,,,0,,,admin_unmatched_or_ambiguous
62106,梅州,粤龙村镇,登畲行政村,南丰村,梅州市,龙村镇,,,0,,,admin_unmatched_or_ambiguous
62105,梅州,粤龙村镇,登畲行政村,红连村,梅州市,龙村镇,,,0,,,admin_unmatched_or_ambiguous
62134,梅州,粤龙村镇,硝芳行政村,大径村,梅州市,龙村镇,,,0,,,admin_unmatched_or_ambiguous
62136,梅州,粤龙村镇,硝芳行政村,寨背村,梅州市,龙村镇,,,0,,,admin_unmatched_or_ambiguous
62135,梅州,粤龙村镇,硝芳行政村,水北村,梅州市,龙村镇,,,0,,,admin_unmatched_or_ambiguous
60698,梅州,精黄槐镇,西埔一行政村,另溪排村,梅州市,黄槐镇,,,0,,,admin_unmatched_or_ambiguous
60699,梅州,精黄槐镇,西埔一行政村,西埔排村,梅州市,黄槐镇,,,0,,,admin_unmatched_or_ambiguous
60701,梅州,精黄槐镇,西埔二行政村,下欧村,梅州市,黄槐镇,,,0,,,admin_unmatched_or_ambiguous
60700,梅州,精黄槐镇,西埔二行政村,老富岭村,梅州市,黄槐镇,,,0,,,admin_unmatched_or_ambiguous
62458,梅州,茶阳镇,角庵行政村,洋陶村,梅州市,茶阳镇,,,0,,,admin_unmatched_or_ambiguous
62456,梅州,茶阳镇,角庵行政村,禾石坑村,梅州市,茶阳镇,,,0,,,admin_unmatched_or_ambiguous
62459,梅州,茶阳镇,角庵行政村,自宜埔村,梅州市,茶阳镇,,,0,,,admin_unmatched_or_ambiguous
62455,梅州,茶阳镇,角庵行政村,菴前村,梅州市,茶阳镇,,,0,,,admin_unmatched_or_ambiguous
62457,梅州,茶阳镇,角庵行政村,角里村,梅州市,茶阳镇,,,0,,,admin_unmatched_or_ambiguous
62647,梅州,西河镇,上山行政村,丰村,梅州市,西河镇,,,0,,,admin_unmatched_or_ambiguous
62646,梅州,西河镇,上山行政村,凹背村,梅州市,西河镇,,,0,,,admin_unmatched_or_ambiguous
62649,梅州,西河镇,上山行政村,坪华村,梅州市,西河镇,,,0,,,admin_unmatched_or_ambiguous
62648,梅州,西河镇,上山行政村,红科村,梅州市,西河镇,,,0,,,admin_unmatched_or_ambiguous
62651,梅州,西河镇,上山行政村,耀子石村,梅州市,西河镇,,,0,,,admin_unmatched_or_ambiguous
62650,梅州,西河镇,上山行政村,雅竹村,梅州市,西河镇,,,0,,,admin_unmatched_or_ambiguous
62562,梅州,西河镇,黄堂行政村,利坪村,梅州市,西河镇,,,0,,,admin_unmatched_or_ambiguous
62563,梅州,西河镇,黄堂行政村,溪南村,梅州市,西河镇,,,0,,,admin_unmatched_or_ambiguous
62561,梅州,西河镇,黄堂行政村,黄堂村,梅州市,西河镇,,,0,,,admin_unmatched_or_ambiguous
61360,梅州,超全岐岭镇,荷梅行政村,大岭村,梅州市,岐岭镇,,,0,,,admin_unmatched_or_ambiguous
61361,梅州,超全岐岭镇,荷梅行政村,社岭村,梅州市,岐岭镇,,,0,,,admin_unmatched_or_ambiguous
61359,梅州,超全岐岭镇,荷梅行政村,赤梅村,梅州市,岐岭镇,,,0,,,admin_unmatched_or_ambiguous
61313,梅州,超全岐岭镇,鲁占行政村,上围村,梅州市,岐岭镇,,,0,,,admin_unmatched_or_ambiguous
61314,梅州,超全岐岭镇,鲁占行政村,下围村,梅州市,岐岭镇,,,0,,,admin_unmatched_or_ambiguous
61312,梅州,超全岐岭镇,鲁占行政村,排里村,梅州市,岐岭镇,,,0,,,admin_unmatched_or_ambiguous
61311,梅州,超全岐岭镇,鲁占行政村,河背村,梅州市,岐岭镇,,,0,,,admin_unmatched_or_ambiguous
61535,梅州,超全长布镇,高福行政村,高福村,梅州市,长布镇,,,0,,,admin_unmatched_or_ambiguous
61708,梅州,郭田镇,砼南行政村,倥头寨村,梅州市,郭田镇,,,0,,,admin_unmatched_or_ambiguous
61709,梅州,郭田镇,砼南行政村,南山下村,梅州市,郭田镇,,,0,,,admin_unmatched_or_ambiguous
61705,梅州,郭田镇,礫下行政村,下村,梅州市,郭田镇,,,0,,,admin_unmatched_or_ambiguous
62914,梅州,长田镇,禾礫行政村,禾好塘村,梅州市,长田镇,,,0,,,admin_unmatched_or_ambiguous
62913,梅州,长田镇,禾礫行政村,马磷上村,梅州市,长田镇,,,0,,,admin_unmatched_or_ambiguous
63190,梅州,雁洋镇,黄沙行政村,珠璜村,梅州市,雁洋镇,,,0,,,admin_unmatched_or_ambiguous
63191,梅州,雁洋镇,黄沙行政村,黄沙村,梅州市,雁洋镇,,,0,,,admin_unmatched_or_ambiguous
64445,汕头,上华镇,陇尾行政村,陇尾村,汕头市,上华镇,,,0,,,admin_unmatched_or_ambiguous
64333,汕头,东里镇,东和行政村,东和村,汕头市,东里镇,,,0,,,admin_unmatched_or_ambiguous
64330,汕头,东里镇,北联行政村,北联村,汕头市,东里镇,,,0,,,admin_unmatched_or_ambiguous
64334,汕头,东里镇,南社行政村,南社村,汕头市,东里镇,,,0,,,admin_unmatched_or_ambiguous
64343,汕头,东里镇,明德行政村,明德村,汕头市,东里镇,,,0,,,admin_unmatched_or_ambiguous
64165,汕头,义英社区,上西沟行政村,上西沟村,汕头市,峡山街道,,,0,,,admin_unmatched_or_ambiguous
64158,汕头,义英社区,华桥行政村,上陇村,汕头市,峡山街道,,,0,,,admin_unmatched_or_ambiguous
64156,汕头,义英社区,华桥行政村,南凤村,汕头市,峡山街道,,,0,,,admin_unmatched_or_ambiguous
64157,汕头,义英社区,华桥行政村,埔头村,汕头市,峡山街道,,,0,,,admin_unmatched_or_ambiguous
64159,汕头,义英社区,华桥行政村,港内村,汕头市,峡山街道,,,0,,,admin_unmatched_or_ambiguous
64168,汕头,义英社区,英大埔行政村,英大埔村,汕头市,峡山街道,,,0,,,admin_unmatched_or_ambiguous
64310,汕头,仙家社区,敦灶行政村,敦灶村,汕头市,陇田镇,,,0,,,admin_unmatched_or_ambiguous
64028,汕头,仙波社区,仙波社区,仙波村,汕头市,谷饶镇,,,0,,,admin_unmatched_or_ambiguous
64251,汕头,仙门城社区,仙门城社区,东美村,汕头市,仙城镇,,,0,,,admin_unmatched_or_ambiguous
64246,汕头,仙门城社区,仙门城社区,人家村,汕头市,仙城镇,,,0,,,admin_unmatched_or_ambiguous
64247,汕头,仙门城社区,仙门城社区,友南村,汕头市,仙城镇,,,0,,,admin_unmatched_or_ambiguous
64248,汕头,仙门城社区,仙门城社区,新星村,汕头市,仙城镇,,,0,,,admin_unmatched_or_ambiguous
64250,汕头,仙门城社区,仙门城社区,新联村,汕头市,仙城镇,,,0,,,admin_unmatched_or_ambiguous
64249,汕头,仙门城社区,仙门城社区,老浮洋村,汕头市,仙城镇,,,0,,,admin_unmatched_or_ambiguous
64245,汕头,仙门城社区,仙门城社区,西美村,汕头市,仙城镇,,,0,,,admin_unmatched_or_ambiguous
64214,汕头,古溪社区,古溪社区,高田村,汕头市,两英镇,,,0,,,admin_unmatched_or_ambiguous
64199,汕头,司上社区,堤美行政村,温美村,汕头市,司马浦镇,,,0,,,admin_unmatched_or_ambiguous
64203,汕头,司上社区,港美行政村,港美村,汕头市,司马浦镇,,,0,,,admin_unmatched_or_ambiguous
64318,汕头,家美社区,溪东行政村,溪东村,汕头市,成田镇,,,0,,,admin_unmatched_or_ambiguous
64327,汕头,平湖西社区,凤光行政村,凤光村,汕头市,井都镇,,,0,,,admin_unmatched_or_ambiguous
64328,汕头,平湖西社区,陇尾行政村,陇二村,汕头市,井都镇,,,0,,,admin_unmatched_or_ambiguous
64452,汕头,延陵社区,延陵社区,延陵村,汕头市,外砂镇,,,0,,,admin_unmatched_or_ambiguous
64458,汕头,延陵社区,金洲行政村,金洲村,汕头市,外砂镇,,,0,,,admin_unmatched_or_ambiguous
64477,汕头,新溪镇,六合行政村,六合村,汕头市,新溪镇,,,0,,,admin_unmatched_or_ambiguous
64042,汕头,河溪社区,河溪社区,河溪村,汕头市,河溪镇,,,0,,,admin_unmatched_or_ambiguous
64066,汕头,波美社区,外轝行政村,外拳村,汕头市,西胪镇,,,0,,,admin_unmatched_or_ambiguous
64063,汕头,波美社区,龙西行政村,西寮村,汕头市,西胪镇,,,0,,,admin_unmatched_or_ambiguous
64062,汕头,波美社区,龙西行政村,龙寮村,汕头市,西胪镇,,,0,,,admin_unmatched_or_ambiguous
64088,汕头,港底社区,三村行政村,上巷村,汕头市,关埠镇,,,0,,,admin_unmatched_or_ambiguous
64089,汕头,港底社区,三村行政村,下巷村,汕头市,关埠镇,,,0,,,admin_unmatched_or_ambiguous
64087,汕头,港底社区,三村行政村,洋心村,汕头市,关埠镇,,,0,,,admin_unmatched_or_ambiguous
64083,汕头,港底社区,溪西欧行政村,欧厝村,汕头市,关埠镇,,,0,,,admin_unmatched_or_ambiguous
64082,汕头,港底社区,溪西欧行政村,溪西村,汕头市,关埠镇,,,0,,,admin_unmatched_or_ambiguous
64372,汕头,溪南镇,弓兜行政村,弓兜村,汕头市,溪南镇,,,0,,,admin_unmatched_or_ambiguous
64140,汕头,灶市社区,溪路行政村,溪头村,汕头市,金灶镇,,,0,,,admin_unmatched_or_ambiguous
64139,汕头,灶市社区,溪路行政村,路头村,汕头市,金灶镇,,,0,,,admin_unmatched_or_ambiguous
64177,汕头,美南社区,上北行政村,上宅村,汕头市,陈店镇,,,0,,,admin_unmatched_or_ambiguous
64176,汕头,美南社区,上北行政村,北沟村,汕头市,陈店镇,,,0,,,admin_unmatched_or_ambiguous
64204,汕头,胪新社区,胪新社区,胪新村,汕头市,胪岗镇,,,0,,,admin_unmatched_or_ambiguous
64268,汕头,苏林社区,伍田行政村,伍田村,汕头市,红场镇,,,0,,,admin_unmatched_or_ambiguous
64272,汕头,苏林社区,后蔡行政村,蔡肥村,汕头市,红场镇,,,0,,,admin_unmatched_or_ambiguous
64266,汕头,苏林社区,大举行政村,大拳村,汕头市,红场镇,,,0,,,admin_unmatched_or_ambiguous
64286,汕头,苏林社区,审者行政村,审者村,汕头市,红场镇,,,0,,,admin_unmatched_or_ambiguous
64275,汕头,苏林社区,峰厝行政村,乌头厝村,汕头市,红场镇,,,0,,,admin_unmatched_or_ambiguous
64274,汕头,苏林社区,峰厝行政村,尖峰村,汕头市,红场镇,,,0,,,admin_unmatched_or_ambiguous
64276,汕头,苏林社区,峰厝行政村,峰厝村,汕头市,红场镇,,,0,,,admin_unmatched_or_ambiguous
64270,汕头,苏林社区,水美行政村,水美村,汕头市,红场镇,,,0,,,admin_unmatched_or_ambiguous
64264,汕头,苏林社区,铁峰胡行政村,铁峰胡村,汕头市,红场镇,,,0,,,admin_unmatched_or_ambiguous
64381,汕头,莲上镇,盛洲行政村,盛洲村,汕头市,莲上镇,,,0,,,admin_unmatched_or_ambiguous
64389,汕头,莲下镇,李厝宫行政村,李厝宫村,汕头市,莲下镇,,,0,,,admin_unmatched_or_ambiguous
64385,汕头,莲下镇,槐东行政村,槐东村,汕头市,莲下镇,,,0,,,admin_unmatched_or_ambiguous
64388,汕头,莲下镇,神州行政村,神州村,汕头市,莲下镇,,,0,,,admin_unmatched_or_ambiguous
64123,汕头,金溪社区,官安行政村,乐安村,汕头市,金灶镇,,,0,,,admin_unmatched_or_ambiguous
64124,汕头,金溪社区,官安行政村,官坑村,汕头市,金灶镇,,,0,,,admin_unmatched_or_ambiguous
64128,汕头,金溪社区,新寨头行政村,新寨头村,汕头市,金灶镇,,,0,,,admin_unmatched_or_ambiguous
63989,汕头,铜盂镇,深玲行政村,深玲村,汕头市,铜盂镇,,,0,,,admin_unmatched_or_ambiguous
64426,汕头,隆都镇,上北行政村,侯邦村,汕头市,隆都镇,,,0,,,admin_unmatched_or_ambiguous
64428,汕头,隆都镇,上北行政村,后陈村,汕头市,隆都镇,,,0,,,admin_unmatched_or_ambiguous
64429,汕头,隆都镇,上北行政村,宅头村,汕头市,隆都镇,,,0,,,admin_unmatched_or_ambiguous
64427,汕头,隆都镇,上北行政村,新乡村,汕头市,隆都镇,,,0,,,admin_unmatched_or_ambiguous
64431,汕头,隆都镇,上北行政村,溢洋村,汕头市,隆都镇,,,0,,,admin_unmatched_or_ambiguous
64430,汕头,隆都镇,上北行政村,龙美村,汕头市,隆都镇,,,0,,,admin_unmatched_or_ambiguous
64407,汕头,隆都镇,上西行政村,东乡村,汕头市,隆都镇,,,0,,,admin_unmatched_or_ambiguous
64409,汕头,隆都镇,上西行政村,冠美村,汕头市,隆都镇,,,0,,,admin_unmatched_or_ambiguous
64410,汕头,隆都镇,上西行政村,大巷村,汕头市,隆都镇,,,0,,,admin_unmatched_or_ambiguous
64408,汕头,隆都镇,上西行政村,樟山村,汕头市,隆都镇,,,0,,,admin_unmatched_or_ambiguous
64432,汕头,隆都镇,下北行政村,乔梓里村,汕头市,隆都镇,,,0,,,admin_unmatched_or_ambiguous
64434,汕头,隆都镇,下北行政村,云路头村,汕头市,隆都镇,,,0,,,admin_unmatched_or_ambiguous
64436,汕头,隆都镇,下北行政村,何厝村,汕头市,隆都镇,,,0,,,admin_unmatched_or_ambiguous
64433,汕头,隆都镇,下北行政村,前陇村,汕头市,隆都镇,,,0,,,admin_unmatched_or_ambiguous
64435,汕头,隆都镇,下北行政村,贡林村,汕头市,隆都镇,,,0,,,admin_unmatched_or_ambiguous
66965,汕尾,上护镇,砼二行政村,上屋村,汕尾市,上护镇,,,0,,,admin_unmatched_or_ambiguous
66962,汕尾,上护镇,砼二行政村,寨下村,汕尾市,上护镇,,,0,,,admin_unmatched_or_ambiguous
66967,汕尾,上护镇,砼二行政村,山下村,汕尾市,上护镇,,,0,,,admin_unmatched_or_ambiguous
66963,汕尾,上护镇,砼二行政村,岭背村,汕尾市,上护镇,,,0,,,admin_unmatched_or_ambiguous
66964,汕尾,上护镇,砼二行政村,散乡村,汕尾市,上护镇,,,0,,,admin_unmatched_or_ambiguous
66966,汕尾,上护镇,砼二行政村,陂子头村,汕尾市,上护镇,,,0,,,admin_unmatched_or_ambiguous
64737,汕尾,上英镇,豪路行政村,豪路村,汕尾市,上英镇,,,0,,,admin_unmatched_or_ambiguous
66441,汕尾,东坑镇,福新行政村,下村,汕尾市,东坑镇,,,0,,,admin_unmatched_or_ambiguous
66443,汕尾,东坑镇,福新行政村,中心段村,汕尾市,东坑镇,,,0,,,admin_unmatched_or_ambiguous
66445,汕尾,东坑镇,福新行政村,官田村,汕尾市,东坑镇,,,0,,,admin_unmatched_or_ambiguous
66440,汕尾,东坑镇,福新行政村,小溪村,汕尾市,东坑镇,,,0,,,admin_unmatched_or_ambiguous
66444,汕尾,东坑镇,福新行政村,小郑村,汕尾市,东坑镇,,,0,,,admin_unmatched_or_ambiguous
66442,汕尾,东坑镇,福新行政村,陂洋村,汕尾市,东坑镇,,,0,,,admin_unmatched_or_ambiguous
66449,汕尾,东坑镇,高树坪行政村,七娘石村,汕尾市,东坑镇,,,0,,,admin_unmatched_or_ambiguous
66446,汕尾,东坑镇,高树坪行政村,上屋仔村,汕尾市,东坑镇,,,0,,,admin_unmatched_or_ambiguous
66447,汕尾,东坑镇,高树坪行政村,中心村,汕尾市,东坑镇,,,0,,,admin_unmatched_or_ambiguous
66448,汕尾,东坑镇,高树坪行政村,高树坪村,汕尾市,东坑镇,,,0,,,admin_unmatched_or_ambiguous
67179,汕尾,东洲街道,东一行政村,东门村,汕尾市,东洲街道,,,0,,,admin_unmatched_or_ambiguous
67180,汕尾,东洲街道,东一行政村,前山江村,汕尾市,东洲街道,,,0,,,admin_unmatched_or_ambiguous
67181,汕尾,东洲街道,东一行政村,前山石村,汕尾市,东洲街道,,,0,,,admin_unmatched_or_ambiguous
67183,汕尾,东洲街道,东三行政村,南门村,汕尾市,东洲街道,,,0,,,admin_unmatched_or_ambiguous
67184,汕尾,东洲街道,东三行政村,石鼓村,汕尾市,东洲街道,,,0,,,admin_unmatched_or_ambiguous
67182,汕尾,东洲街道,东二行政村,西北门村,汕尾市,东洲街道,,,0,,,admin_unmatched_or_ambiguous
66054,汕尾,公平镇,五联行政村,平富寮村,汕尾市,公平镇,,,0,,,admin_unmatched_or_ambiguous
66055,汕尾,公平镇,五联行政村,紫微坑村,汕尾市,公平镇,,,0,,,admin_unmatched_or_ambiguous
66053,汕尾,公平镇,五联行政村,胜高楼村,汕尾市,公平镇,,,0,,,admin_unmatched_or_ambiguous
66114,汕尾,公平镇,公一行政村,公一村,汕尾市,公平镇,,,0,,,admin_unmatched_or_ambiguous
66116,汕尾,公平镇,公三行政村,公三村,汕尾市,公平镇,,,0,,,admin_unmatched_or_ambiguous
66115,汕尾,公平镇,公二行政村,公二村,汕尾市,公平镇,,,0,,,admin_unmatched_or_ambiguous
66133,汕尾,公平镇,礫仔行政村,仔村,汕尾市,公平镇,,,0,,,admin_unmatched_or_ambiguous
66134,汕尾,公平镇,礫仔行政村,田背村,汕尾市,公平镇,,,0,,,admin_unmatched_or_ambiguous
66050,汕尾,公平镇,笏雅行政村,围内村,汕尾市,公平镇,,,0,,,admin_unmatched_or_ambiguous
66052,汕尾,公平镇,笏雅行政村,洋尾村,汕尾市,公平镇,,,0,,,admin_unmatched_or_ambiguous
66051,汕尾,公平镇,笏雅行政村,洪厝围村,汕尾市,公平镇,,,0,,,admin_unmatched_or_ambiguous
66100,汕尾,公平镇,赤堤行政村,洋西坑村,汕尾市,公平镇,,,0,,,admin_unmatched_or_ambiguous
66099,汕尾,公平镇,赤堤行政村,移坑村,汕尾市,公平镇,,,0,,,admin_unmatched_or_ambiguous
66101,汕尾,公平镇,赤堤行政村,赤坭村,汕尾市,公平镇,,,0,,,admin_unmatched_or_ambiguous
64792,汕尾,内湖镇,龙湖行政村,东湖下村,汕尾市,内湖镇,,,0,,,admin_unmatched_or_ambiguous
64791,汕尾,内湖镇,龙湖行政村,东湖顶村,汕尾市,内湖镇,,,0,,,admin_unmatched_or_ambiguous
64793,汕尾,内湖镇,龙湖行政村,新民村,汕尾市,内湖镇,,,0,,,admin_unmatched_or_ambiguous
65369,汕尾,北门社区,北门社区,北门村,汕尾市,捷胜镇,,,0,,,admin_unmatched_or_ambiguous
65392,汕尾,北门社区,石头行政村,石头村,汕尾市,捷胜镇,,,0,,,admin_unmatched_or_ambiguous
65391,汕尾,北门社区,联星行政村,联星村,汕尾市,捷胜镇,,,0,,,admin_unmatched_or_ambiguous
64583,汕尾,南塘镇,新河行政村,八厝村,汕尾市,南塘镇,,,0,,,admin_unmatched_or_ambiguous
64580,汕尾,南塘镇,新河行政村,新响溪村,汕尾市,南塘镇,,,0,,,admin_unmatched_or_ambiguous
64581,汕尾,南塘镇,新河行政村,新德村,汕尾市,南塘镇,,,0,,,admin_unmatched_or_ambiguous
64582,汕尾,南塘镇,新河行政村,河沟尾村,汕尾市,南塘镇,,,0,,,admin_unmatched_or_ambiguous
64549,汕尾,南塘镇,沙溪行政村,沙溪村,汕尾市,南塘镇,,,0,,,admin_unmatched_or_ambiguous
65488,汕尾,南湖社区,兴洲行政村,兴洲村,汕尾市,附城镇,,,0,,,admin_unmatched_or_ambiguous
65489,汕尾,南湖社区,兴洲行政村,潭头李村,汕尾市,附城镇,,,0,,,admin_unmatched_or_ambiguous
65490,汕尾,南湖社区,兴洲行政村,联塘村,汕尾市,附城镇,,,0,,,admin_unmatched_or_ambiguous
64748,汕尾,博美社区,博头行政村,博头村,汕尾市,博美镇,,,0,,,admin_unmatched_or_ambiguous
64751,汕尾,博美社区,博头行政村,四坻头村,汕尾市,博美镇,,,0,,,admin_unmatched_or_ambiguous
64749,汕尾,博美社区,博头行政村,大园村,汕尾市,博美镇,,,0,,,admin_unmatched_or_ambiguous
64750,汕尾,博美社区,博头行政村,广湖村,汕尾市,博美镇,,,0,,,admin_unmatched_or_ambiguous
64752,汕尾,博美社区,博头行政村,贞祥村,汕尾市,博美镇,,,0,,,admin_unmatched_or_ambiguous
64778,汕尾,博美社区,溪行政村,溪五村,汕尾市,博美镇,,,0,,,admin_unmatched_or_ambiguous
64777,汕尾,博美社区,溪行政村,溪四村,汕尾市,博美镇,,,0,,,admin_unmatched_or_ambiguous
64780,汕尾,博美社区,溪行政村,溪墘七村,汕尾市,博美镇,,,0,,,admin_unmatched_or_ambiguous
64779,汕尾,博美社区,溪行政村,溪壠六村,汕尾市,博美镇,,,0,,,admin_unmatched_or_ambiguous
64761,汕尾,博美社区,红下行政村,店下村,汕尾市,博美镇,,,0,,,admin_unmatched_or_ambiguous
64762,汕尾,博美社区,红下行政村,红鹅塘上村,汕尾市,博美镇,,,0,,,admin_unmatched_or_ambiguous
64763,汕尾,博美社区,红下行政村,红鹅塘下村,汕尾市,博美镇,,,0,,,admin_unmatched_or_ambiguous
64764,汕尾,博美社区,红下行政村,顺兴村,汕尾市,博美镇,,,0,,,admin_unmatched_or_ambiguous
64767,汕尾,博美社区,花城行政村,两和村,汕尾市,博美镇,,,0,,,admin_unmatched_or_ambiguous
64770,汕尾,博美社区,花城行政村,俞厝乡村,汕尾市,博美镇,,,0,,,admin_unmatched_or_ambiguous
64765,汕尾,博美社区,花城行政村,富寨村,汕尾市,博美镇,,,0,,,admin_unmatched_or_ambiguous
64769,汕尾,博美社区,花城行政村,新圩村,汕尾市,博美镇,,,0,,,admin_unmatched_or_ambiguous
64766,汕尾,博美社区,花城行政村,花城村,汕尾市,博美镇,,,0,,,admin_unmatched_or_ambiguous
64768,汕尾,博美社区,花城行政村,麟书庭村,汕尾市,博美镇,,,0,,,admin_unmatched_or_ambiguous
65024,汕尾,城东街道,水壠行政村,二村,汕尾市,城东街道,,,0,,,admin_unmatched_or_ambiguous
65025,汕尾,城东街道,水壠行政村,四村,汕尾市,城东街道,,,0,,,admin_unmatched_or_ambiguous
65565,汕尾,城东镇,圆墩行政村,中社村,汕尾市,城东镇,,,0,,,admin_unmatched_or_ambiguous
65564,汕尾,城东镇,圆墩行政村,坑畔村,汕尾市,城东镇,,,0,,,admin_unmatched_or_ambiguous
65567,汕尾,城东镇,圆墩行政村,寨社村,汕尾市,城东镇,,,0,,,admin_unmatched_or_ambiguous
65566,汕尾,城东镇,圆墩行政村,楼社村,汕尾市,城东镇,,,0,,,admin_unmatched_or_ambiguous
65563,汕尾,城东镇,圆墩行政村,高墩村,汕尾市,城东镇,,,0,,,admin_unmatched_or_ambiguous
65579,汕尾,城东镇,汀洲行政村,塘东村,汕尾市,城东镇,,,0,,,admin_unmatched_or_ambiguous
65580,汕尾,城东镇,汀洲行政村,塘西村,汕尾市,城东镇,,,0,,,admin_unmatched_or_ambiguous
64969,汕尾,大安镇,厦饶行政村,厦饶村,汕尾市,大安镇,,,0,,,admin_unmatched_or_ambiguous
64968,汕尾,大安镇,厦饶行政村,澳村,汕尾市,大安镇,,,0,,,admin_unmatched_or_ambiguous
64961,汕尾,大安镇,堂贝行政村,下厝村,汕尾市,大安镇,,,0,,,admin_unmatched_or_ambiguous
64960,汕尾,大安镇,堂贝行政村,坐贝村,汕尾市,大安镇,,,0,,,admin_unmatched_or_ambiguous
64959,汕尾,大安镇,堂贝行政村,湖港村,汕尾市,大安镇,,,0,,,admin_unmatched_or_ambiguous
64962,汕尾,大安镇,堂贝行政村,玉瓜坑村,汕尾市,大安镇,,,0,,,admin_unmatched_or_ambiguous
64973,汕尾,大安镇,翰田行政村,兴山村,汕尾市,大安镇,,,0,,,admin_unmatched_or_ambiguous
64971,汕尾,大安镇,翰田行政村,新春村,汕尾市,大安镇,,,0,,,admin_unmatched_or_ambiguous
64972,汕尾,大安镇,翰田行政村,翰田村,汕尾市,大安镇,,,0,,,admin_unmatched_or_ambiguous
64970,汕尾,大安镇,翰田行政村,艳墩村,汕尾市,大安镇,,,0,,,admin_unmatched_or_ambiguous
65394,汕尾,总寮社区,总寮社区,总寮村,汕尾市,海城镇,,,0,,,admin_unmatched_or_ambiguous
65284,汕尾,新民小区,前堆行政村,东仝村,汕尾市,碣石镇,,,0,,,admin_unmatched_or_ambiguous
65286,汕尾,新民小区,前堆行政村,前堆村,汕尾市,碣石镇,,,0,,,admin_unmatched_or_ambiguous
65285,汕尾,新民小区,前堆行政村,固栅村,汕尾市,碣石镇,,,0,,,admin_unmatched_or_ambiguous
65288,汕尾,新民小区,前堆行政村,宋园村,汕尾市,碣石镇,,,0,,,admin_unmatched_or_ambiguous
65287,汕尾,新民小区,前堆行政村,石头围村,汕尾市,碣石镇,,,0,,,admin_unmatched_or_ambiguous
65289,汕尾,新民小区,前堆行政村,西山村,汕尾市,碣石镇,,,0,,,admin_unmatched_or_ambiguous
65283,汕尾,新民小区,南溪行政村,宋厝寮村,汕尾市,碣石镇,,,0,,,admin_unmatched_or_ambiguous
64832,汕尾,桥冲镇,湖石行政村,三湖村,汕尾市,桥冲镇,,,0,,,admin_unmatched_or_ambiguous
64831,汕尾,桥冲镇,湖石行政村,南景村,汕尾市,桥冲镇,,,0,,,admin_unmatched_or_ambiguous
64830,汕尾,桥冲镇,湖石行政村,尖山村,汕尾市,桥冲镇,,,0,,,admin_unmatched_or_ambiguous
65700,汕尾,梅陇镇,联兴行政村,大门刀村,汕尾市,梅陇镇,,,0,,,admin_unmatched_or_ambiguous
65703,汕尾,梅陇镇,联兴行政村,沟美吴村,汕尾市,梅陇镇,,,0,,,admin_unmatched_or_ambiguous
65702,汕尾,梅陇镇,联兴行政村,沟美林村,汕尾市,梅陇镇,,,0,,,admin_unmatched_or_ambiguous
65699,汕尾,梅陇镇,联兴行政村,港美圩村,汕尾市,梅陇镇,,,0,,,admin_unmatched_or_ambiguous
65701,汕尾,梅陇镇,联兴行政村,谢厝村,汕尾市,梅陇镇,,,0,,,admin_unmatched_or_ambiguous
66500,汕尾,水唇镇,护砼行政村,下坡村,汕尾市,水唇镇,,,0,,,admin_unmatched_or_ambiguous
66501,汕尾,水唇镇,护砼行政村,中坑尾村,汕尾市,水唇镇,,,0,,,admin_unmatched_or_ambiguous
66495,汕尾,水唇镇,护砼行政村,丰林村,汕尾市,水唇镇,,,0,,,admin_unmatched_or_ambiguous
66497,汕尾,水唇镇,护砼行政村,夫塘村,汕尾市,水唇镇,,,0,,,admin_unmatched_or_ambiguous
66499,汕尾,水唇镇,护砼行政村,岭下村,汕尾市,水唇镇,,,0,,,admin_unmatched_or_ambiguous
66498,汕尾,水唇镇,护砼行政村,田心坝村,汕尾市,水唇镇,,,0,,,admin_unmatched_or_ambiguous
66494,汕尾,水唇镇,护砼行政村,砼头村,汕尾市,水唇镇,,,0,,,admin_unmatched_or_ambiguous
66496,汕尾,水唇镇,护砼行政村,黄布寨村,汕尾市,水唇镇,,,0,,,admin_unmatched_or_ambiguous
66583,汕尾,水唇镇,螺洞行政村,上排村,汕尾市,水唇镇,,,0,,,admin_unmatched_or_ambiguous
66584,汕尾,水唇镇,螺洞行政村,下排村,汕尾市,水唇镇,,,0,,,admin_unmatched_or_ambiguous
66589,汕尾,水唇镇,螺洞行政村,双鲤石村,汕尾市,水唇镇,,,0,,,admin_unmatched_or_ambiguous
66587,汕尾,水唇镇,螺洞行政村,寨里村,汕尾市,水唇镇,,,0,,,admin_unmatched_or_ambiguous
66588,汕尾,水唇镇,螺洞行政村,石角里村,汕尾市,水唇镇,,,0,,,admin_unmatched_or_ambiguous
66585,汕尾,水唇镇,螺洞行政村,龙正根村,汕尾市,水唇镇,,,0,,,admin_unmatched_or_ambiguous
66586,汕尾,水唇镇,螺洞行政村,龙永潭村,汕尾市,水唇镇,,,0,,,admin_unmatched_or_ambiguous
65294,汕尾,水朝小区,田头园行政村,田头园村,汕尾市,,,,0,,,town_unmatched
65066,汕尾,河东镇,青山行政村,燕东村,汕尾市,河东镇,,,0,,,admin_unmatched_or_ambiguous
65067,汕尾,河东镇,青山行政村,芸头村,汕尾市,河东镇,,,0,,,admin_unmatched_or_ambiguous
65065,汕尾,河东镇,青山行政村,蕉坑村,汕尾市,河东镇,,,0,,,admin_unmatched_or_ambiguous
65123,汕尾,潭西镇,溪美行政村,上路头村,汕尾市,潭西镇,,,0,,,admin_unmatched_or_ambiguous
65124,汕尾,潭西镇,溪美行政村,溪美村,汕尾市,潭西镇,,,0,,,admin_unmatched_or_ambiguous
65074,汕尾,潭西镇,赤围行政村,李厝围村,汕尾市,潭西镇,,,0,,,admin_unmatched_or_ambiguous
65072,汕尾,潭西镇,赤围行政村,赤坎头村,汕尾市,潭西镇,,,0,,,admin_unmatched_or_ambiguous
65073,汕尾,潭西镇,赤围行政村,赤坎寨村,汕尾市,潭西镇,,,0,,,admin_unmatched_or_ambiguous
64599,汕尾,甲西镇,上堆行政村,上堆村,汕尾市,甲西镇,,,0,,,admin_unmatched_or_ambiguous
64609,汕尾,甲西镇,新青行政村,新塘围村,汕尾市,甲西镇,,,0,,,admin_unmatched_or_ambiguous
64608,汕尾,甲西镇,新青行政村,青林村,汕尾市,甲西镇,,,0,,,admin_unmatched_or_ambiguous
64650,汕尾,石清社区,外山行政村,外山村,汕尾市,甲东镇,,,0,,,admin_unmatched_or_ambiguous
64647,汕尾,石清社区,岱头行政村,岱头村,汕尾市,甲东镇,,,0,,,admin_unmatched_or_ambiguous
64648,汕尾,石清社区,岱头行政村,水口村,汕尾市,甲东镇,,,0,,,admin_unmatched_or_ambiguous
65881,汕尾,石牌社区,石牌社区,石牌村,汕尾市,大湖镇,,,0,,,admin_unmatched_or_ambiguous
65238,汕尾,碣石镇,包一行政村,包一村,汕尾市,碣石镇,,,0,,,admin_unmatched_or_ambiguous
65239,汕尾,碣石镇,包二行政村,包二村,汕尾市,碣石镇,,,0,,,admin_unmatched_or_ambiguous
65248,汕尾,碣石镇,戴厝行政村,戴厝村,汕尾市,碣石镇,,,0,,,admin_unmatched_or_ambiguous
65250,汕尾,碣石镇,戴厝行政村,油车村,汕尾市,碣石镇,,,0,,,admin_unmatched_or_ambiguous
65249,汕尾,碣石镇,戴厝行政村,许厝寮村,汕尾市,碣石镇,,,0,,,admin_unmatched_or_ambiguous
65256,汕尾,碣石镇,港口行政村,港口村,汕尾市,碣石镇,,,0,,,admin_unmatched_or_ambiguous
67146,汕尾,第三社区,北山行政村,东洋村,汕尾市,田墘街道,,,0,,,admin_unmatched_or_ambiguous
67145,汕尾,第三社区,北山行政村,北山村,汕尾市,田墘街道,,,0,,,admin_unmatched_or_ambiguous
67133,汕尾,第三社区,第三社区,七村,汕尾市,田墘街道,,,0,,,admin_unmatched_or_ambiguous
67131,汕尾,第三社区,第三社区,五村,汕尾市,田墘街道,,,0,,,admin_unmatched_or_ambiguous
67132,汕尾,第三社区,第三社区,六村,汕尾市,田墘街道,,,0,,,admin_unmatched_or_ambiguous
67147,汕尾,第三社区,红湖行政村,吉厂村,汕尾市,田墘街道,,,0,,,admin_unmatched_or_ambiguous
67151,汕尾,第三社区,红湖行政村,新乡村,汕尾市,田墘街道,,,0,,,admin_unmatched_or_ambiguous
67150,汕尾,第三社区,红湖行政村,格陂村,汕尾市,田墘街道,,,0,,,admin_unmatched_or_ambiguous
67148,汕尾,第三社区,红湖行政村,浮山村,汕尾市,田墘街道,,,0,,,admin_unmatched_or_ambiguous
67149,汕尾,第三社区,红湖行政村,田心村,汕尾市,田墘街道,,,0,,,admin_unmatched_or_ambiguous
67034,汕尾,粤新田镇,北山行政村,下车水村,汕尾市,新田镇,,,0,,,admin_unmatched_or_ambiguous
67033,汕尾,粤新田镇,北山行政村,鹿林村,汕尾市,新田镇,,,0,,,admin_unmatched_or_ambiguous
67035,汕尾,粤新田镇,北山行政村,龙须径村,汕尾市,新田镇,,,0,,,admin_unmatched_or_ambiguous
67024,汕尾,粤新田镇,新村行政村,下凹村,汕尾市,新田镇,,,0,,,admin_unmatched_or_ambiguous
67021,汕尾,粤新田镇,新村行政村,北坑村,汕尾市,新田镇,,,0,,,admin_unmatched_or_ambiguous
67017,汕尾,粤新田镇,新村行政村,埔新村,汕尾市,新田镇,,,0,,,admin_unmatched_or_ambiguous
67019,汕尾,粤新田镇,新村行政村,大楠村,汕尾市,新田镇,,,0,,,admin_unmatched_or_ambiguous
67018,汕尾,粤新田镇,新村行政村,新村,汕尾市,新田镇,,,0,,,admin_unmatched_or_ambiguous
67022,汕尾,粤新田镇,新村行政村,珠田村,汕尾市,新田镇,,,0,,,admin_unmatched_or_ambiguous
67020,汕尾,粤新田镇,新村行政村,石召村,汕尾市,新田镇,,,0,,,admin_unmatched_or_ambiguous
67023,汕尾,粤新田镇,新村行政村,荷树凹村,汕尾市,新田镇,,,0,,,admin_unmatched_or_ambiguous
67000,汕尾,粤新田镇,激石溪行政村,上皖村,汕尾市,新田镇,,,0,,,admin_unmatched_or_ambiguous
67002,汕尾,粤新田镇,激石溪行政村,博背村,汕尾市,新田镇,,,0,,,admin_unmatched_or_ambiguous
66997,汕尾,粤新田镇,激石溪行政村,坝仔村,汕尾市,新田镇,,,0,,,admin_unmatched_or_ambiguous
67001,汕尾,粤新田镇,激石溪行政村,宫排村,汕尾市,新田镇,,,0,,,admin_unmatched_or_ambiguous
66998,汕尾,粤新田镇,激石溪行政村,暗径村,汕尾市,新田镇,,,0,,,admin_unmatched_or_ambiguous
66999,汕尾,粤新田镇,激石溪行政村,桥头村,汕尾市,新田镇,,,0,,,admin_unmatched_or_ambiguous
67003,汕尾,粤新田镇,激石溪行政村,梅章村,汕尾市,新田镇,,,0,,,admin_unmatched_or_ambiguous
67103,汕尾,红草社区,新村行政村,新村村,汕尾市,红草镇,,,0,,,admin_unmatched_or_ambiguous
67104,汕尾,红草社区,晨洲行政村,晨洲村,汕尾市,红草镇,,,0,,,admin_unmatched_or_ambiguous
66397,汕尾,联安镇,十字岗行政村,十字岗村,汕尾市,联安镇,,,0,,,admin_unmatched_or_ambiguous
66399,汕尾,联安镇,十字岗行政村,埕陶村,汕尾市,联安镇,,,0,,,admin_unmatched_or_ambiguous
66402,汕尾,联安镇,十字岗行政村,大珑村,汕尾市,联安镇,,,0,,,admin_unmatched_or_ambiguous
66401,汕尾,联安镇,十字岗行政村,学斗村,汕尾市,联安镇,,,0,,,admin_unmatched_or_ambiguous
66398,汕尾,联安镇,十字岗行政村,新岗村,汕尾市,联安镇,,,0,,,admin_unmatched_or_ambiguous
66400,汕尾,联安镇,十字岗行政村,新楼村,汕尾市,联安镇,,,0,,,admin_unmatched_or_ambiguous
66375,汕尾,联安镇,唐厝行政村,唐厝村,汕尾市,联安镇,,,0,,,admin_unmatched_or_ambiguous
66294,汕尾,联安镇,学头行政村,刘厝村,汕尾市,联安镇,,,0,,,admin_unmatched_or_ambiguous
66295,汕尾,联安镇,学头行政村,大房村,汕尾市,联安镇,,,0,,,admin_unmatched_or_ambiguous
66296,汕尾,联安镇,学头行政村,新厝村,汕尾市,联安镇,,,0,,,admin_unmatched_or_ambiguous
66297,汕尾,联安镇,学头行政村,甲乙社村,汕尾市,联安镇,,,0,,,admin_unmatched_or_ambiguous
66389,汕尾,联安镇,陆安行政村,三角坻村,汕尾市,联安镇,,,0,,,admin_unmatched_or_ambiguous
66387,汕尾,联安镇,陆安行政村,下塘埔村,汕尾市,联安镇,,,0,,,admin_unmatched_or_ambiguous
66386,汕尾,联安镇,陆安行政村,山下村,汕尾市,联安镇,,,0,,,admin_unmatched_or_ambiguous
66388,汕尾,联安镇,陆安行政村,山蕉林村,汕尾市,联安镇,,,0,,,admin_unmatched_or_ambiguous
66385,汕尾,联安镇,陆安行政村,楼里村,汕尾市,联安镇,,,0,,,admin_unmatched_or_ambiguous
66384,汕尾,联安镇,陆安行政村,立新村,汕尾市,联安镇,,,0,,,admin_unmatched_or_ambiguous
66390,汕尾,联安镇,陆安行政村,赤草洋一村,汕尾市,联安镇,,,0,,,admin_unmatched_or_ambiguous
66391,汕尾,联安镇,陆安行政村,赤草洋二村,汕尾市,联安镇,,,0,,,admin_unmatched_or_ambiguous
66393,汕尾,联安镇,麻竹行政村,坑背村,汕尾市,联安镇,,,0,,,admin_unmatched_or_ambiguous
66396,汕尾,联安镇,麻竹行政村,新寨村,汕尾市,联安镇,,,0,,,admin_unmatched_or_ambiguous
66395,汕尾,联安镇,麻竹行政村,新村,汕尾市,联安镇,,,0,,,admin_unmatched_or_ambiguous
66394,汕尾,联安镇,麻竹行政村,田心村,汕尾市,联安镇,,,0,,,admin_unmatched_or_ambiguous
66392,汕尾,联安镇,麻竹行政村,黄塘水村,汕尾市,联安镇,,,0,,,admin_unmatched_or_ambiguous
65342,汕尾,西南镇,石艮行政村,坪田村,汕尾市,西南镇,,,0,,,admin_unmatched_or_ambiguous
65340,汕尾,西南镇,石艮行政村,安楼村,汕尾市,西南镇,,,0,,,admin_unmatched_or_ambiguous
65343,汕尾,西南镇,石艮行政村,石下村,汕尾市,西南镇,,,0,,,admin_unmatched_or_ambiguous
65341,汕尾,西南镇,石艮行政村,角仔村,汕尾市,西南镇,,,0,,,admin_unmatched_or_ambiguous
65880,汕尾,赤坑镇,下埔行政村,下埔村,汕尾市,赤坑镇,,,0,,,admin_unmatched_or_ambiguous
65854,汕尾,赤坑镇,仁家行政村,仁家村,汕尾市,赤坑镇,,,0,,,admin_unmatched_or_ambiguous
65836,汕尾,赤坑镇,南土行政村,南土村,汕尾市,赤坑镇,,,0,,,admin_unmatched_or_ambiguous
65837,汕尾,赤坑镇,南土行政村,南雅村,汕尾市,赤坑镇,,,0,,,admin_unmatched_or_ambiguous
65853,汕尾,赤坑镇,社美行政村,社美村,汕尾市,赤坑镇,,,0,,,admin_unmatched_or_ambiguous
65858,汕尾,赤坑镇,长围行政村,围内村,汕尾市,赤坑镇,,,0,,,admin_unmatched_or_ambiguous
65857,汕尾,赤坑镇,长围行政村,长陇村,汕尾市,赤坑镇,,,0,,,admin_unmatched_or_ambiguous
65143,汕尾,金厢社区,下巷行政村,下巷新村,汕尾市,金厢镇,,,0,,,admin_unmatched_or_ambiguous
65142,汕尾,金厢社区,下巷行政村,下巷村,汕尾市,金厢镇,,,0,,,admin_unmatched_or_ambiguous
65141,汕尾,金厢社区,下巷行政村,罗古村,汕尾市,金厢镇,,,0,,,admin_unmatched_or_ambiguous
65130,汕尾,金厢镇,大宫行政村,大宫村,汕尾市,金厢镇,,,0,,,admin_unmatched_or_ambiguous
65131,汕尾,金厢镇,大宫行政村,开埔村,汕尾市,金厢镇,,,0,,,admin_unmatched_or_ambiguous
65133,汕尾,金厢镇,大宫行政村,新安村,汕尾市,金厢镇,,,0,,,admin_unmatched_or_ambiguous
65132,汕尾,金厢镇,大宫行政村,联丰村,汕尾市,金厢镇,,,0,,,admin_unmatched_or_ambiguous
67124,汕尾,金海社区,东风行政村,东风渔业村,汕尾市,,,,0,,,town_unmatched
67123,汕尾,金海社区,前进行政村,前进村,汕尾市,,,,0,,,town_unmatched
67128,汕尾,金海社区,芳荣行政村,五福村,汕尾市,,,,0,,,town_unmatched
67127,汕尾,金海社区,芳荣行政村,堰寮村,汕尾市,,,,0,,,town_unmatched
67125,汕尾,金海社区,芳荣行政村,大华村,汕尾市,,,,0,,,town_unmatched
67129,汕尾,金海社区,芳荣行政村,新寮村,汕尾市,,,,0,,,town_unmatched
67126,汕尾,金海社区,芳荣行政村,旗杆村,汕尾市,,,,0,,,town_unmatched
67130,汕尾,金海社区,芳荣行政村,银牌村,汕尾市,,,,0,,,town_unmatched
65218,汕尾,长辉社区,白箱行政村,白箱村,汕尾市,东海街道,,,0,,,admin_unmatched_or_ambiguous
65236,汕尾,长辉社区,龙口行政村,外龙村,汕尾市,东海街道,,,0,,,admin_unmatched_or_ambiguous
65237,汕尾,长辉社区,龙口行政村,巷口村,汕尾市,东海街道,,,0,,,admin_unmatched_or_ambiguous
65230,汕尾,长辉社区,龙潭行政村,上龙潭村,汕尾市,东海街道,,,0,,,admin_unmatched_or_ambiguous
67107,汕尾,马宫社区,深渔行政村,深渔村,汕尾市,马宫街道,,,0,,,admin_unmatched_or_ambiguous
486,江门,三埠街道,建联居民区,南闸里,江门市,三埠街道,,,0,,,admin_unmatched_or_ambiguous
485,江门,三埠街道,建联居民区,大充美村,江门市,三埠街道,,,0,,,admin_unmatched_or_ambiguous
487,江门,三埠街道,建联居民区,大门塘村,江门市,三埠街道,,,0,,,admin_unmatched_or_ambiguous
489,江门,三埠街道,建联居民区,洪门楼村,江门市,三埠街道,,,0,,,admin_unmatched_or_ambiguous
491,江门,三埠街道,建联居民区,石龙里,江门市,三埠街道,,,0,,,admin_unmatched_or_ambiguous
490,江门,三埠街道,建联居民区,砂桥里,江门市,三埠街道,,,0,,,admin_unmatched_or_ambiguous
488,江门,三埠街道,建联居民区,苍龙里,江门市,三埠街道,,,0,,,admin_unmatched_or_ambiguous
475,江门,三埠街道,荻海社区,南阳里,江门市,三埠街道,,,0,,,admin_unmatched_or_ambiguous
4854,江门,北陡镇,沙湾塘行政村,后斜村,江门市,北陡镇,,,0,,,admin_unmatched_or_ambiguous
4856,江门,北陡镇,沙湾塘行政村,沙湾塘村,江门市,北陡镇,,,0,,,admin_unmatched_or_ambiguous
4855,江门,北陡镇,沙湾塘行政村,石冲村,江门市,北陡镇,,,0,,,admin_unmatched_or_ambiguous
7084,江门,双水镇,沙萌行政村,南岭村,江门市,双水镇,,,0,,,admin_unmatched_or_ambiguous
7085,江门,双水镇,沙萌行政村,沙萌村,江门市,双水镇,,,0,,,admin_unmatched_or_ambiguous
7086,江门,双水镇,沙萌行政村,芝麻地村,江门市,双水镇,,,0,,,admin_unmatched_or_ambiguous
7055,江门,双水镇,萌头行政村,井山村,江门市,双水镇,,,0,,,admin_unmatched_or_ambiguous
7056,江门,双水镇,萌头行政村,萌头新村,江门市,双水镇,,,0,,,admin_unmatched_or_ambiguous
7054,江门,双水镇,萌头行政村,萌头村,江门市,双水镇,,,0,,,admin_unmatched_or_ambiguous
6271,江门,君堂镇,杨屋行政村,三甲村,江门市,君堂镇,,,0,,,admin_unmatched_or_ambiguous
7803,江门,君堂镇,杨屋行政村,伦宙村,江门市,君堂镇,,,0,,,admin_unmatched_or_ambiguous
6269,江门,君堂镇,杨屋行政村,南新村,江门市,君堂镇,,,0,,,admin_unmatched_or_ambiguous
6268,江门,君堂镇,杨屋行政村,坑尾村,江门市,君堂镇,,,0,,,admin_unmatched_or_ambiguous
6266,江门,君堂镇,杨屋行政村,望牛岗村,江门市,君堂镇,,,0,,,admin_unmatched_or_ambiguous
6264,江门,君堂镇,杨屋行政村,杨屋村,江门市,君堂镇,,,0,,,admin_unmatched_or_ambiguous
6270,江门,君堂镇,杨屋行政村,洪安村,江门市,君堂镇,,,0,,,admin_unmatched_or_ambiguous
6265,江门,君堂镇,杨屋行政村,羊栏村,江门市,君堂镇,,,0,,,admin_unmatched_or_ambiguous
6267,江门,君堂镇,杨屋行政村,芝灵村,江门市,君堂镇,,,0,,,admin_unmatched_or_ambiguous
6161,江门,君堂镇,沙冈行政村,新屋中村,江门市,君堂镇,,,0,,,admin_unmatched_or_ambiguous
6160,江门,君堂镇,沙冈行政村,新屋西村,江门市,君堂镇,,,0,,,admin_unmatched_or_ambiguous
6158,江门,君堂镇,沙冈行政村,潮安里村,江门市,君堂镇,,,0,,,admin_unmatched_or_ambiguous
6159,江门,君堂镇,沙冈行政村,那西朗村,江门市,君堂镇,,,0,,,admin_unmatched_or_ambiguous
6135,江门,君堂镇,藜塘行政村,东兴里村,江门市,君堂镇,,,0,,,admin_unmatched_or_ambiguous
6134,江门,君堂镇,藜塘行政村,东华社村,江门市,君堂镇,,,0,,,admin_unmatched_or_ambiguous
6138,江门,君堂镇,藜塘行政村,南兴村,江门市,君堂镇,,,0,,,admin_unmatched_or_ambiguous
6133,江门,君堂镇,藜塘行政村,大兴村,江门市,君堂镇,,,0,,,admin_unmatched_or_ambiguous
6131,江门,君堂镇,藜塘行政村,大安村,江门市,君堂镇,,,0,,,admin_unmatched_or_ambiguous
6132,江门,君堂镇,藜塘行政村,大胜村,江门市,君堂镇,,,0,,,admin_unmatched_or_ambiguous
6130,江门,君堂镇,藜塘行政村,安丰村,江门市,君堂镇,,,0,,,admin_unmatched_or_ambiguous
6136,江门,君堂镇,藜塘行政村,旧村,江门市,君堂镇,,,0,,,admin_unmatched_or_ambiguous
6139,江门,君堂镇,藜塘行政村,松树村,江门市,君堂镇,,,0,,,admin_unmatched_or_ambiguous
6137,江门,君堂镇,藜塘行政村,连福里村,江门市,君堂镇,,,0,,,admin_unmatched_or_ambiguous
6140,江门,君堂镇,藜塘行政村,长湾村,江门市,君堂镇,,,0,,,admin_unmatched_or_ambiguous
8027,江门,品杜阮镇,长乔行政村,长乔村,江门市,杜阮镇,,,0,,,admin_unmatched_or_ambiguous
2725,江门,四九镇,上荫行政村,上湖村,江门市,四九镇,,,0,,,admin_unmatched_or_ambiguous
2726,江门,四九镇,上荫行政村,东成村,江门市,四九镇,,,0,,,admin_unmatched_or_ambiguous
2727,江门,四九镇,上荫行政村,大龙村,江门市,四九镇,,,0,,,admin_unmatched_or_ambiguous
2728,江门,四九镇,上荫行政村,永隆村,江门市,四九镇,,,0,,,admin_unmatched_or_ambiguous
2729,江门,四九镇,上荫行政村,锦屏村,江门市,四九镇,,,0,,,admin_unmatched_or_ambiguous
2730,江门,四九镇,上荫行政村,锦忠村,江门市,四九镇,,,0,,,admin_unmatched_or_ambiguous
2731,江门,四九镇,上荫行政村,锦欢村,江门市,四九镇,,,0,,,admin_unmatched_or_ambiguous
2732,江门,四九镇,上荫行政村,锦江村,江门市,四九镇,,,0,,,admin_unmatched_or_ambiguous
2733,江门,四九镇,下荫行政村,蟠龙村,江门市,四九镇,,,0,,,admin_unmatched_or_ambiguous
2734,江门,四九镇,下荫行政村,锦元村,江门市,四九镇,,,0,,,admin_unmatched_or_ambiguous
2735,江门,四九镇,下荫行政村,锦兴村,江门市,四九镇,,,0,,,admin_unmatched_or_ambiguous
2736,江门,四九镇,下荫行政村,锦堂村,江门市,四九镇,,,0,,,admin_unmatched_or_ambiguous
2737,江门,四九镇,下荫行政村,锦心村,江门市,四九镇,,,0,,,admin_unmatched_or_ambiguous
2670,江门,四九镇,松荫行政村,元庆村,江门市,四九镇,,,0,,,admin_unmatched_or_ambiguous
2671,江门,四九镇,松荫行政村,同安村,江门市,四九镇,,,0,,,admin_unmatched_or_ambiguous
2672,江门,四九镇,松荫行政村,安盛村,江门市,四九镇,,,0,,,admin_unmatched_or_ambiguous
2673,江门,四九镇,松荫行政村,常安村,江门市,四九镇,,,0,,,admin_unmatched_or_ambiguous
2674,江门,四九镇,松荫行政村,新东村,江门市,四九镇,,,0,,,admin_unmatched_or_ambiguous
2675,江门,四九镇,松荫行政村,月湖村,江门市,四九镇,,,0,,,admin_unmatched_or_ambiguous
2676,江门,四九镇,松荫行政村,松林村,江门市,四九镇,,,0,,,admin_unmatched_or_ambiguous
2677,江门,四九镇,松荫行政村,水华村,江门市,四九镇,,,0,,,admin_unmatched_or_ambiguous
2678,江门,四九镇,松荫行政村,水安村,江门市,四九镇,,,0,,,admin_unmatched_or_ambiguous
2679,江门,四九镇,松荫行政村,潮和一村,江门市,四九镇,,,0,,,admin_unmatched_or_ambiguous
2680,江门,四九镇,松荫行政村,龙坑村,江门市,四九镇,,,0,,,admin_unmatched_or_ambiguous
2703,江门,四九镇,车荫行政村,华丰村,江门市,四九镇,,,0,,,admin_unmatched_or_ambiguous
2704,江门,四九镇,车荫行政村,南美村,江门市,四九镇,,,0,,,admin_unmatched_or_ambiguous
2705,江门,四九镇,车荫行政村,同安村,江门市,四九镇,,,0,,,admin_unmatched_or_ambiguous
2706,江门,四九镇,车荫行政村,和丰村,江门市,四九镇,,,0,,,admin_unmatched_or_ambiguous
2707,江门,四九镇,车荫行政村,永丰村,江门市,四九镇,,,0,,,admin_unmatched_or_ambiguous
2708,江门,四九镇,车荫行政村,源兴村,江门市,四九镇,,,0,,,admin_unmatched_or_ambiguous
2709,江门,四九镇,车荫行政村,源昌村,江门市,四九镇,,,0,,,admin_unmatched_or_ambiguous
2710,江门,四九镇,车荫行政村,瑞龙村,江门市,四九镇,,,0,,,admin_unmatched_or_ambiguous
2711,江门,四九镇,车荫行政村,穗丰村,江门市,四九镇,,,0,,,admin_unmatched_or_ambiguous
2712,江门,四九镇,车荫行政村,聚丰村,江门市,四九镇,,,0,,,admin_unmatched_or_ambiguous
2713,江门,四九镇,车荫行政村,蟹华村,江门市,四九镇,,,0,,,admin_unmatched_or_ambiguous
2714,江门,四九镇,车荫行政村,西成村,江门市,四九镇,,,0,,,admin_unmatched_or_ambiguous
2715,江门,四九镇,车荫行政村,锦安村,江门市,四九镇,,,0,,,admin_unmatched_or_ambiguous
6093,江门,圣堂镇,泣朗行政村,双岗桥村,江门市,圣堂镇,,,0,,,admin_unmatched_or_ambiguous
6091,江门,圣堂镇,泣朗行政村,坑江村,江门市,圣堂镇,,,0,,,admin_unmatched_or_ambiguous
6094,江门,圣堂镇,泣朗行政村,敢鱼咀村,江门市,圣堂镇,,,0,,,admin_unmatched_or_ambiguous
6092,江门,圣堂镇,泣朗行政村,灌朗村,江门市,圣堂镇,,,0,,,admin_unmatched_or_ambiguous
6095,江门,圣堂镇,泣朗行政村,鹅吞村,江门市,圣堂镇,,,0,,,admin_unmatched_or_ambiguous
738,江门,塘口镇,裡村行政村,东升里,江门市,塘口镇,,,0,,,admin_unmatched_or_ambiguous
735,江门,塘口镇,裡村行政村,东堤里,江门市,塘口镇,,,0,,,admin_unmatched_or_ambiguous
736,江门,塘口镇,裡村行政村,中间巷村,江门市,塘口镇,,,0,,,admin_unmatched_or_ambiguous
733,江门,塘口镇,裡村行政村,岗美村,江门市,塘口镇,,,0,,,admin_unmatched_or_ambiguous
734,江门,塘口镇,裡村行政村,湾底咀村,江门市,塘口镇,,,0,,,admin_unmatched_or_ambiguous
739,江门,塘口镇,裡村行政村,神步村,江门市,塘口镇,,,0,,,admin_unmatched_or_ambiguous
737,江门,塘口镇,裡村行政村,西岐里,江门市,塘口镇,,,0,,,admin_unmatched_or_ambiguous
7640,江门,外海街道,四大社区,四里村,江门市,外海街道,,,0,,,admin_unmatched_or_ambiguous
7641,江门,外海街道,四大社区,围美村,江门市,外海街道,,,0,,,admin_unmatched_or_ambiguous
7639,江门,外海街道,四大社区,大康村,江门市,外海街道,,,0,,,admin_unmatched_or_ambiguous
7642,江门,外海街道,四大社区,杏林村,江门市,外海街道,,,0,,,admin_unmatched_or_ambiguous
2476,江门,大江镇,第一社区,潮会村,江门市,大江镇,,,0,,,admin_unmatched_or_ambiguous
2477,江门,大江镇,第一社区,龙田村,江门市,大江镇,,,0,,,admin_unmatched_or_ambiguous
2600,江门,大江镇,里坳行政村,名岗村,江门市,大江镇,,,0,,,admin_unmatched_or_ambiguous
2604,江门,大江镇,里坳行政村,和胜村,江门市,大江镇,,,0,,,admin_unmatched_or_ambiguous
2608,江门,大江镇,里坳行政村,巷美村,江门市,大江镇,,,0,,,admin_unmatched_or_ambiguous
2609,江门,大江镇,里坳行政村,新园村,江门市,大江镇,,,0,,,admin_unmatched_or_ambiguous
2601,江门,大江镇,里坳行政村,月塘村,江门市,大江镇,,,0,,,admin_unmatched_or_ambiguous
2607,江门,大江镇,里坳行政村,松园村,江门市,大江镇,,,0,,,admin_unmatched_or_ambiguous
2602,江门,大江镇,里坳行政村,福林村,江门市,大江镇,,,0,,,admin_unmatched_or_ambiguous
2599,江门,大江镇,里坳行政村,莲塘村,江门市,大江镇,,,0,,,admin_unmatched_or_ambiguous
2603,江门,大江镇,里坳行政村,隔岭村,江门市,大江镇,,,0,,,admin_unmatched_or_ambiguous
2606,江门,大江镇,里坳行政村,龙兴村,江门市,大江镇,,,0,,,admin_unmatched_or_ambiguous
2605,江门,大江镇,里坳行政村,龙德村,江门市,大江镇,,,0,,,admin_unmatched_or_ambiguous
7718,江门,大江镇,里坳行政村,龙江村,江门市,大江镇,,,0,,,admin_unmatched_or_ambiguous
2479,江门,大江镇,铁滘行政村,华龙村,江门市,大江镇,,,0,,,admin_unmatched_or_ambiguous
2480,江门,大江镇,铁滘行政村,滘口村,江门市,大江镇,,,0,,,admin_unmatched_or_ambiguous
6580,江门,大鳌镇,十围行政村,十围村,江门市,大鳌镇,,,0,,,admin_unmatched_or_ambiguous
6583,江门,大鳌镇,大螯行政村,一村,江门市,大鳌镇,,,0,,,admin_unmatched_or_ambiguous
6584,江门,大鳌镇,大螯行政村,二村,江门市,大鳌镇,,,0,,,admin_unmatched_or_ambiguous
3959,江门,川岛镇,山咀行政村,大海村,江门市,川岛镇,,,0,,,admin_unmatched_or_ambiguous
3961,江门,川岛镇,山咀行政村,山侧村,江门市,川岛镇,,,0,,,admin_unmatched_or_ambiguous
3957,江门,川岛镇,山咀行政村,山咀上村,江门市,川岛镇,,,0,,,admin_unmatched_or_ambiguous
3958,江门,川岛镇,山咀行政村,山咀下村,江门市,川岛镇,,,0,,,admin_unmatched_or_ambiguous
3960,江门,川岛镇,山咀行政村,顺塘村,江门市,川岛镇,,,0,,,admin_unmatched_or_ambiguous
3962,江门,川岛镇,甫草行政村,元山村,江门市,川岛镇,,,0,,,admin_unmatched_or_ambiguous
3963,江门,川岛镇,甫草行政村,新屋村,江门市,川岛镇,,,0,,,admin_unmatched_or_ambiguous
3964,江门,川岛镇,甫草行政村,甫草村,江门市,川岛镇,,,0,,,admin_unmatched_or_ambiguous
3903,江门,广海镇,鲲鹏渔业行政村,鲲鹏渔村,江门市,广海镇,,,0,,,admin_unmatched_or_ambiguous
4946,江门,恩城街道,东门社区,东平里村,江门市,恩城街道,,,0,,,admin_unmatched_or_ambiguous
4947,江门,恩城街道,东门社区,东庆里村,江门市,恩城街道,,,0,,,admin_unmatched_or_ambiguous
4950,江门,恩城街道,东门社区,新华里村,江门市,恩城街道,,,0,,,admin_unmatched_or_ambiguous
7771,江门,恩城街道,东门社区,旧站村,江门市,恩城街道,,,0,,,admin_unmatched_or_ambiguous
4951,江门,恩城街道,东门社区,猪屎坦村,江门市,恩城街道,,,0,,,admin_unmatched_or_ambiguous
4949,江门,恩城街道,东门社区,聚龙里村,江门市,恩城街道,,,0,,,admin_unmatched_or_ambiguous
4952,江门,恩城街道,东门社区,近圣里村,江门市,恩城街道,,,0,,,admin_unmatched_or_ambiguous
4948,江门,恩城街道,东门社区,锦阳里村,江门市,恩城街道,,,0,,,admin_unmatched_or_ambiguous
4969,江门,恩城街道,新城社区,良种场村,江门市,恩城街道,,,0,,,admin_unmatched_or_ambiguous
4958,江门,恩城街道,西门社区,城脚村,江门市,恩城街道,,,0,,,admin_unmatched_or_ambiguous
4957,江门,恩城街道,西门社区,白沙劳村,江门市,恩城街道,,,0,,,admin_unmatched_or_ambiguous
4960,江门,恩城街道,西门社区,西门村,江门市,恩城街道,,,0,,,admin_unmatched_or_ambiguous
4959,江门,恩城街道,西门社区,高地村,江门市,恩城街道,,,0,,,admin_unmatched_or_ambiguous
4954,江门,恩城街道,青云社区,东门口村,江门市,恩城街道,,,0,,,admin_unmatched_or_ambiguous
4953,江门,恩城街道,青云社区,波萝树村,江门市,恩城街道,,,0,,,admin_unmatched_or_ambiguous
4955,江门,恩城街道,青云社区,筋菜棚村,江门市,恩城街道,,,0,,,admin_unmatched_or_ambiguous
4956,江门,恩城街道,青云社区,驿地村,江门市,恩城街道,,,0,,,admin_unmatched_or_ambiguous
5251,江门,横陂镇,塘莲行政村,新村,江门市,横陂镇,,,0,,,admin_unmatched_or_ambiguous
5247,江门,横陂镇,塘莲行政村,洞心村,江门市,横陂镇,,,0,,,admin_unmatched_or_ambiguous
5248,江门,横陂镇,塘莲行政村,莲龙村,江门市,横陂镇,,,0,,,admin_unmatched_or_ambiguous
5250,江门,横陂镇,塘莲行政村,蟹塘村,江门市,横陂镇,,,0,,,admin_unmatched_or_ambiguous
5249,江门,横陂镇,塘莲行政村,龙塘村,江门市,横陂镇,,,0,,,admin_unmatched_or_ambiguous
5240,江门,横陂镇,岐联行政村,南兴村,江门市,横陂镇,,,0,,,admin_unmatched_or_ambiguous
5236,江门,横陂镇,岐联行政村,大横陂村,江门市,横陂镇,,,0,,,admin_unmatched_or_ambiguous
5244,江门,横陂镇,岐联行政村,山下村,江门市,横陂镇,,,0,,,admin_unmatched_or_ambiguous
5242,江门,横陂镇,岐联行政村,岐山村,江门市,横陂镇,,,0,,,admin_unmatched_or_ambiguous
5237,江门,横陂镇,岐联行政村,岗坳村,江门市,横陂镇,,,0,,,admin_unmatched_or_ambiguous
5246,江门,横陂镇,岐联行政村,新岗村,江门市,横陂镇,,,0,,,admin_unmatched_or_ambiguous
5243,江门,横陂镇,岐联行政村,沙湖村,江门市,横陂镇,,,0,,,admin_unmatched_or_ambiguous
5241,江门,横陂镇,岐联行政村,牛陂村,江门市,横陂镇,,,0,,,admin_unmatched_or_ambiguous
5245,江门,横陂镇,岐联行政村,胜住里村,江门市,横陂镇,,,0,,,admin_unmatched_or_ambiguous
5239,江门,横陂镇,岐联行政村,良迳村,江门市,横陂镇,,,0,,,admin_unmatched_or_ambiguous
5238,江门,横陂镇,岐联行政村,锦村,江门市,横陂镇,,,0,,,admin_unmatched_or_ambiguous
5235,江门,横陂镇,岐联行政村,陈兴村,江门市,横陂镇,,,0,,,admin_unmatched_or_ambiguous
5216,江门,横陂镇,洪滘圩社区,方田村,江门市,横陂镇,,,0,,,admin_unmatched_or_ambiguous
5217,江门,横陂镇,洪滘圩社区,纸一村,江门市,横陂镇,,,0,,,admin_unmatched_or_ambiguous
1142,江门,水口镇,渔业社区,洲尾村,江门市,水口镇,,,0,,,admin_unmatched_or_ambiguous
1140,江门,水口镇,渔业社区,渔业坊,江门市,水口镇,,,0,,,admin_unmatched_or_ambiguous
1141,江门,水口镇,渔业社区,草洲村,江门市,水口镇,,,0,,,admin_unmatched_or_ambiguous
7894,江门,江南街道,仁美社区,五星村,江门市,江南街道,,,0,,,admin_unmatched_or_ambiguous
7893,江门,江南街道,仁美社区,红星村,江门市,江南街道,,,0,,,admin_unmatched_or_ambiguous
7895,江门,江南街道,仁美社区,银星村,江门市,江南街道,,,0,,,admin_unmatched_or_ambiguous
7886,江门,江南街道,北湾社区,北街村,江门市,江南街道,,,0,,,admin_unmatched_or_ambiguous
7887,江门,江南街道,北湾社区,油湾村,江门市,江南街道,,,0,,,admin_unmatched_or_ambiguous
7888,江门,江南街道,富横社区,富田村,江门市,江南街道,,,0,,,admin_unmatched_or_ambiguous
7889,江门,江南街道,富横社区,横坑村,江门市,江南街道,,,0,,,admin_unmatched_or_ambiguous
7890,江门,江南街道,建联社区,建星村,江门市,江南街道,,,0,,,admin_unmatched_or_ambiguous
7892,江门,江南街道,建联社区,新星村,江门市,江南街道,,,0,,,admin_unmatched_or_ambiguous
7891,江门,江南街道,建联社区,联星村,江门市,江南街道,,,0,,,admin_unmatched_or_ambiguous
7896,江门,江南街道,永明社区,明星村,江门市,江南街道,,,0,,,admin_unmatched_or_ambiguous
7897,江门,江南街道,永明社区,永星村,江门市,江南街道,,,0,,,admin_unmatched_or_ambiguous
4500,江门,汶村镇,菱一行政村,东一村,江门市,汶村镇,,,0,,,admin_unmatched_or_ambiguous
4496,江门,汶村镇,菱一行政村,东七村,江门市,汶村镇,,,0,,,admin_unmatched_or_ambiguous
4497,江门,汶村镇,菱一行政村,东三村,江门市,汶村镇,,,0,,,admin_unmatched_or_ambiguous
4494,江门,汶村镇,菱一行政村,东九村,江门市,汶村镇,,,0,,,admin_unmatched_or_ambiguous
4493,江门,汶村镇,菱一行政村,东二村,江门市,汶村镇,,,0,,,admin_unmatched_or_ambiguous
4499,江门,汶村镇,菱一行政村,东五村,江门市,汶村镇,,,0,,,admin_unmatched_or_ambiguous
4492,江门,汶村镇,菱一行政村,东八村,江门市,汶村镇,,,0,,,admin_unmatched_or_ambiguous
4495,江门,汶村镇,菱一行政村,东六村,江门市,汶村镇,,,0,,,admin_unmatched_or_ambiguous
4498,江门,汶村镇,菱一行政村,东四村,江门市,汶村镇,,,0,,,admin_unmatched_or_ambiguous
4502,江门,汶村镇,菱一行政村,南盛佬伍村,江门市,汶村镇,,,0,,,admin_unmatched_or_ambiguous
4501,江门,汶村镇,菱一行政村,楼峰村,江门市,汶村镇,,,0,,,admin_unmatched_or_ambiguous
4507,江门,汶村镇,菱一行政村,西一村,江门市,汶村镇,,,0,,,admin_unmatched_or_ambiguous
4505,江门,汶村镇,菱一行政村,西三村,江门市,汶村镇,,,0,,,admin_unmatched_or_ambiguous
4504,江门,汶村镇,菱一行政村,西九村,江门市,汶村镇,,,0,,,admin_unmatched_or_ambiguous
4503,江门,汶村镇,菱一行政村,西二村,江门市,汶村镇,,,0,,,admin_unmatched_or_ambiguous
4506,江门,汶村镇,菱一行政村,西十村,江门市,汶村镇,,,0,,,admin_unmatched_or_ambiguous
7940,江门,潮连街道,〇联合社区,联合村,江门市,潮连街道,,,0,,,admin_unmatched_or_ambiguous
7937,江门,潮连街道,东风社区,东风村,江门市,潮连街道,,,0,,,admin_unmatched_or_ambiguous
7936,江门,潮连街道,环市街道石冲社区,白石村,江门市,潮连街道,,,0,,,admin_unmatched_or_ambiguous
7938,江门,潮连街道,篁庄社区,篁庄村,江门市,潮连街道,,,0,,,admin_unmatched_or_ambiguous
7942,江门,潮连街道,群星社区,群星村,江门市,潮连街道,,,0,,,admin_unmatched_or_ambiguous
7934,江门,潮连街道,豸冈社区,临安村,江门市,潮连街道,,,0,,,admin_unmatched_or_ambiguous
7935,江门,潮连街道,豸冈社区,岐山村,江门市,潮连街道,,,0,,,admin_unmatched_or_ambiguous
7933,江门,潮连街道,豸冈社区,良边村,江门市,潮连街道,,,0,,,admin_unmatched_or_ambiguous
7939,江门,潮连街道,里村社区,里村,江门市,潮连街道,,,0,,,admin_unmatched_or_ambiguous
7941,江门,潮连街道,龙溪社区,龙溪村,江门市,潮连街道,,,0,,,admin_unmatched_or_ambiguous
5439,江门,牛江镇,莲塘行政村,响水村,江门市,牛江镇,,,0,,,admin_unmatched_or_ambiguous
5440,江门,牛江镇,莲塘行政村,莲和村,江门市,牛江镇,,,0,,,admin_unmatched_or_ambiguous
5438,江门,牛江镇,莲塘行政村,莲塘村,江门市,牛江镇,,,0,,,admin_unmatched_or_ambiguous
5441,江门,牛江镇,莲塘行政村,莲秀村,江门市,牛江镇,,,0,,,admin_unmatched_or_ambiguous
5442,江门,牛江镇,莲塘行政村,西坑新村,江门市,牛江镇,,,0,,,admin_unmatched_or_ambiguous
7906,江门,白沙街道,丰盛社区,升地村,江门市,白沙街道,,,0,,,admin_unmatched_or_ambiguous
7910,江门,白沙街道,会龙社区,水南三村,江门市,白沙街道,,,0,,,admin_unmatched_or_ambiguous
7913,江门,白沙街道,侧贤社区,水南七村,江门市,白沙街道,,,0,,,admin_unmatched_or_ambiguous
7912,江门,白沙街道,凤潮社区,水南六村,江门市,白沙街道,,,0,,,admin_unmatched_or_ambiguous
7900,江门,白沙街道,华园社区,仁贤村,江门市,白沙街道,,,0,,,admin_unmatched_or_ambiguous
7899,江门,白沙街道,华园社区,田心村,江门市,白沙街道,,,0,,,admin_unmatched_or_ambiguous
7898,江门,白沙街道,华园社区,登龙村,江门市,白沙街道,,,0,,,admin_unmatched_or_ambiguous
7908,江门,白沙街道,启华社区,水南一村,江门市,白沙街道,,,0,,,admin_unmatched_or_ambiguous
7909,江门,白沙街道,启华社区,水南二村,江门市,白沙街道,,,0,,,admin_unmatched_or_ambiguous
7905,江门,白沙街道,复兴社区,岗联村,江门市,白沙街道,,,0,,,admin_unmatched_or_ambiguous
7907,江门,白沙街道,永盛社区,第发村,江门市,白沙街道,,,0,,,admin_unmatched_or_ambiguous
7911,江门,白沙街道,盛华社区,水南四村,江门市,白沙街道,,,0,,,admin_unmatched_or_ambiguous
860,江门,百合镇,松薛行政村,东升社,江门市,百合镇,,,0,,,admin_unmatched_or_ambiguous
858,江门,百合镇,松薛行政村,中和社,江门市,百合镇,,,0,,,admin_unmatched_or_ambiguous
856,江门,百合镇,松薛行政村,南北村,江门市,百合镇,,,0,,,admin_unmatched_or_ambiguous
861,江门,百合镇,松薛行政村,塘联村,江门市,百合镇,,,0,,,admin_unmatched_or_ambiguous
859,江门,百合镇,松薛行政村,恒北村,江门市,百合镇,,,0,,,admin_unmatched_or_ambiguous
862,江门,百合镇,松薛行政村,松兴村,江门市,百合镇,,,0,,,admin_unmatched_or_ambiguous
857,江门,百合镇,松薛行政村,龙湾社,江门市,百合镇,,,0,,,admin_unmatched_or_ambiguous
839,江门,百合镇,茅网行政村,中兴里,江门市,百合镇,,,0,,,admin_unmatched_or_ambiguous
842,江门,百合镇,茅网行政村,中荣村,江门市,百合镇,,,0,,,admin_unmatched_or_ambiguous
853,江门,百合镇,茅网行政村,仁兴里,江门市,百合镇,,,0,,,admin_unmatched_or_ambiguous
852,江门,百合镇,茅网行政村,光汉里,江门市,百合镇,,,0,,,admin_unmatched_or_ambiguous
849,江门,百合镇,茅网行政村,南兴村,江门市,百合镇,,,0,,,admin_unmatched_or_ambiguous
850,江门,百合镇,茅网行政村,南安村,江门市,百合镇,,,0,,,admin_unmatched_or_ambiguous
851,江门,百合镇,茅网行政村,南阳里,江门市,百合镇,,,0,,,admin_unmatched_or_ambiguous
840,江门,百合镇,茅网行政村,复兴村,江门市,百合镇,,,0,,,admin_unmatched_or_ambiguous
838,江门,百合镇,茅网行政村,宝顶村,江门市,百合镇,,,0,,,admin_unmatched_or_ambiguous
855,江门,百合镇,茅网行政村,平心村,江门市,百合镇,,,0,,,admin_unmatched_or_ambiguous
846,江门,百合镇,茅网行政村,江溪村,江门市,百合镇,,,0,,,admin_unmatched_or_ambiguous
841,江门,百合镇,茅网行政村,河洲村,江门市,百合镇,,,0,,,admin_unmatched_or_ambiguous
843,江门,百合镇,茅网行政村,白沙二村,江门市,百合镇,,,0,,,admin_unmatched_or_ambiguous
845,江门,百合镇,茅网行政村,石关里,江门市,百合镇,,,0,,,admin_unmatched_or_ambiguous
847,江门,百合镇,茅网行政村,石安村,江门市,百合镇,,,0,,,admin_unmatched_or_ambiguous
848,江门,百合镇,茅网行政村,西兴里,江门市,百合镇,,,0,,,admin_unmatched_or_ambiguous
844,江门,百合镇,茅网行政村,连江村,江门市,百合镇,,,0,,,admin_unmatched_or_ambiguous
854,江门,百合镇,茅网行政村,香锦村,江门市,百合镇,,,0,,,admin_unmatched_or_ambiguous
336,江门,苍城镇,城西行政村,上莲塘村,江门市,苍城镇,,,0,,,admin_unmatched_or_ambiguous
337,江门,苍城镇,城西行政村,下莲塘村,江门市,苍城镇,,,0,,,admin_unmatched_or_ambiguous
338,江门,苍城镇,城西行政村,田心村,江门市,苍城镇,,,0,,,admin_unmatched_or_ambiguous
294,江门,苍城镇,联兴行政村,上佛村,江门市,苍城镇,,,0,,,admin_unmatched_or_ambiguous
295,江门,苍城镇,联兴行政村,下佛村,江门市,苍城镇,,,0,,,admin_unmatched_or_ambiguous
293,江门,苍城镇,联兴行政村,关村,江门市,苍城镇,,,0,,,admin_unmatched_or_ambiguous
297,江门,苍城镇,联兴行政村,北村里,江门市,苍城镇,,,0,,,admin_unmatched_or_ambiguous
292,江门,苍城镇,联兴行政村,庞村,江门市,苍城镇,,,0,,,admin_unmatched_or_ambiguous
298,江门,苍城镇,联兴行政村,游曲水村,江门市,苍城镇,,,0,,,admin_unmatched_or_ambiguous
296,江门,苍城镇,联兴行政村,罗荫村,江门市,苍城镇,,,0,,,admin_unmatched_or_ambiguous
299,江门,苍城镇,联兴行政村,蛇子岗村,江门市,苍城镇,,,0,,,admin_unmatched_or_ambiguous
2067,江门,赤水镇,泣溪行政村,吊斗庙村,江门市,赤水镇,,,0,,,admin_unmatched_or_ambiguous
2070,江门,赤水镇,泣溪行政村,昌碧村,江门市,赤水镇,,,0,,,admin_unmatched_or_ambiguous
2068,江门,赤水镇,泣溪行政村,月山村,江门市,赤水镇,,,0,,,admin_unmatched_or_ambiguous
2073,江门,赤水镇,泣溪行政村,朝安里,江门市,赤水镇,,,0,,,admin_unmatched_or_ambiguous
2075,江门,赤水镇,泣溪行政村,朱厂村,江门市,赤水镇,,,0,,,admin_unmatched_or_ambiguous
2072,江门,赤水镇,泣溪行政村,永安里,江门市,赤水镇,,,0,,,admin_unmatched_or_ambiguous
2069,江门,赤水镇,泣溪行政村,泣溪村,江门市,赤水镇,,,0,,,admin_unmatched_or_ambiguous
2071,江门,赤水镇,泣溪行政村,白木颈村,江门市,赤水镇,,,0,,,admin_unmatched_or_ambiguous
2076,江门,赤水镇,泣溪行政村,石屋村,江门市,赤水镇,,,0,,,admin_unmatched_or_ambiguous
2074,江门,赤水镇,泣溪行政村,豪岭村,江门市,赤水镇,,,0,,,admin_unmatched_or_ambiguous
7705,江门,赤水镇,泣溪行政村,鱼塘里,江门市,赤水镇,,,0,,,admin_unmatched_or_ambiguous
3742,江门,都斛镇,沙冈行政村,守阳村,江门市,都斛镇,,,0,,,admin_unmatched_or_ambiguous
3744,江门,都斛镇,沙冈行政村,广田村,江门市,都斛镇,,,0,,,admin_unmatched_or_ambiguous
3745,江门,都斛镇,沙冈行政村,有庆村,江门市,都斛镇,,,0,,,admin_unmatched_or_ambiguous
7740,江门,都斛镇,沙冈行政村,沙冈村,江门市,都斛镇,,,0,,,admin_unmatched_or_ambiguous
3743,江门,都斛镇,沙冈行政村,沙湾村,江门市,都斛镇,,,0,,,admin_unmatched_or_ambiguous
41166,河源,下车镇,雪峰行政村,丰梅村,河源市,下车镇,,,0,,,admin_unmatched_or_ambiguous
41165,河源,下车镇,雪峰行政村,雪二村,河源市,下车镇,,,0,,,admin_unmatched_or_ambiguous
41291,河源,东水镇,云星行政村,一二村,河源市,东水镇,,,0,,,admin_unmatched_or_ambiguous
41292,河源,东水镇,云星行政村,三四村,河源市,东水镇,,,0,,,admin_unmatched_or_ambiguous
41300,河源,东水镇,澄村行政村,成村,河源市,东水镇,,,0,,,admin_unmatched_or_ambiguous
41301,河源,东水镇,澄村行政村,罗营村,河源市,东水镇,,,0,,,admin_unmatched_or_ambiguous
37814,河源,全丰稔镇,莲风行政村,下村,河源市,丰稔镇,,,0,,,admin_unmatched_or_ambiguous
37812,河源,全丰稔镇,莲风行政村,凤头围村,河源市,丰稔镇,,,0,,,admin_unmatched_or_ambiguous
37811,河源,全丰稔镇,莲风行政村,凤头坪村,河源市,丰稔镇,,,0,,,admin_unmatched_or_ambiguous
37815,河源,全丰稔镇,莲风行政村,新塘尾村,河源市,丰稔镇,,,0,,,admin_unmatched_or_ambiguous
37813,河源,全丰稔镇,莲风行政村,高岑村,河源市,丰稔镇,,,0,,,admin_unmatched_or_ambiguous
38834,河源,全曾田镇,万和行政村,围顶村,河源市,曾田镇,,,0,,,admin_unmatched_or_ambiguous
38830,河源,全曾田镇,万和行政村,坑口村,河源市,曾田镇,,,0,,,admin_unmatched_or_ambiguous
38835,河源,全曾田镇,万和行政村,新屋村,河源市,曾田镇,,,0,,,admin_unmatched_or_ambiguous
38831,河源,全曾田镇,万和行政村,楼下村,河源市,曾田镇,,,0,,,admin_unmatched_or_ambiguous
38829,河源,全曾田镇,万和行政村,江屋村,河源市,曾田镇,,,0,,,admin_unmatched_or_ambiguous
38836,河源,全曾田镇,万和行政村,游屋村,河源市,曾田镇,,,0,,,admin_unmatched_or_ambiguous
38833,河源,全曾田镇,万和行政村,潭面村,河源市,曾田镇,,,0,,,admin_unmatched_or_ambiguous
38828,河源,全曾田镇,万和行政村,缎心村,河源市,曾田镇,,,0,,,admin_unmatched_or_ambiguous
38832,河源,全曾田镇,万和行政村,鹿坑村,河源市,曾田镇,,,0,,,admin_unmatched_or_ambiguous
38814,河源,全曾田镇,三洞行政村,三洞一村,河源市,曾田镇,,,0,,,admin_unmatched_or_ambiguous
38820,河源,全曾田镇,三洞行政村,三洞七村,河源市,曾田镇,,,0,,,admin_unmatched_or_ambiguous
38816,河源,全曾田镇,三洞行政村,三洞三村,河源市,曾田镇,,,0,,,admin_unmatched_or_ambiguous
38822,河源,全曾田镇,三洞行政村,三洞九村,河源市,曾田镇,,,0,,,admin_unmatched_or_ambiguous
38815,河源,全曾田镇,三洞行政村,三洞二村,河源市,曾田镇,,,0,,,admin_unmatched_or_ambiguous
38818,河源,全曾田镇,三洞行政村,三洞五村,河源市,曾田镇,,,0,,,admin_unmatched_or_ambiguous
38821,河源,全曾田镇,三洞行政村,三洞八村,河源市,曾田镇,,,0,,,admin_unmatched_or_ambiguous
38819,河源,全曾田镇,三洞行政村,三洞六村,河源市,曾田镇,,,0,,,admin_unmatched_or_ambiguous
38817,河源,全曾田镇,三洞行政村,三洞四村,河源市,曾田镇,,,0,,,admin_unmatched_or_ambiguous
38761,河源,全曾田镇,上漆行政村,上漆八村,河源市,曾田镇,,,0,,,admin_unmatched_or_ambiguous
38760,河源,全曾田镇,上漆行政村,上漆四村,河源市,曾田镇,,,0,,,admin_unmatched_or_ambiguous
38893,河源,全曾田镇,下寨行政村,下寨村,河源市,曾田镇,,,0,,,admin_unmatched_or_ambiguous
38892,河源,全曾田镇,下寨行政村,下罗村,河源市,曾田镇,,,0,,,admin_unmatched_or_ambiguous
38894,河源,全曾田镇,下寨行政村,叶屋村,河源市,曾田镇,,,0,,,admin_unmatched_or_ambiguous
38891,河源,全曾田镇,下寨行政村,田心村,河源市,曾田镇,,,0,,,admin_unmatched_or_ambiguous
38890,河源,全曾田镇,下寨行政村,积龙径村,河源市,曾田镇,,,0,,,admin_unmatched_or_ambiguous
38762,河源,全曾田镇,下漆行政村,下漆一村,河源市,曾田镇,,,0,,,admin_unmatched_or_ambiguous
38764,河源,全曾田镇,下漆行政村,下漆三村,河源市,曾田镇,,,0,,,admin_unmatched_or_ambiguous
38765,河源,全曾田镇,下漆行政村,下漆九村,河源市,曾田镇,,,0,,,admin_unmatched_or_ambiguous
38763,河源,全曾田镇,下漆行政村,下漆二村,河源市,曾田镇,,,0,,,admin_unmatched_or_ambiguous
38882,河源,全曾田镇,两行政村,两联村,河源市,曾田镇,,,0,,,admin_unmatched_or_ambiguous
38878,河源,全曾田镇,两行政村,中兴村,河源市,曾田镇,,,0,,,admin_unmatched_or_ambiguous
38883,河源,全曾田镇,两行政村,会溢村,河源市,曾田镇,,,0,,,admin_unmatched_or_ambiguous
38880,河源,全曾田镇,两行政村,塘下村,河源市,曾田镇,,,0,,,admin_unmatched_or_ambiguous
38879,河源,全曾田镇,两行政村,田心村,河源市,曾田镇,,,0,,,admin_unmatched_or_ambiguous
38881,河源,全曾田镇,两行政村,石蓝村,河源市,曾田镇,,,0,,,admin_unmatched_or_ambiguous
38884,河源,全曾田镇,两行政村,陈刁村,河源市,曾田镇,,,0,,,admin_unmatched_or_ambiguous
38895,河源,全曾田镇,仙湖行政村,三塘村,河源市,曾田镇,,,0,,,admin_unmatched_or_ambiguous
38896,河源,全曾田镇,仙湖行政村,上湖村,河源市,曾田镇,,,0,,,admin_unmatched_or_ambiguous
38898,河源,全曾田镇,仙湖行政村,仙湖村,河源市,曾田镇,,,0,,,admin_unmatched_or_ambiguous
38897,河源,全曾田镇,仙湖行政村,峡下村,河源市,曾田镇,,,0,,,admin_unmatched_or_ambiguous
38902,河源,全曾田镇,冼村行政村,下坝村,河源市,曾田镇,,,0,,,admin_unmatched_or_ambiguous
38900,河源,全曾田镇,冼村行政村,井头村,河源市,曾田镇,,,0,,,admin_unmatched_or_ambiguous
38901,河源,全曾田镇,冼村行政村,天月村,河源市,曾田镇,,,0,,,admin_unmatched_or_ambiguous
38899,河源,全曾田镇,冼村行政村,学塘村,河源市,曾田镇,,,0,,,admin_unmatched_or_ambiguous
38888,河源,全曾田镇,太阳行政村,北村,河源市,曾田镇,,,0,,,admin_unmatched_or_ambiguous
38889,河源,全曾田镇,太阳行政村,墩下村,河源市,曾田镇,,,0,,,admin_unmatched_or_ambiguous
38887,河源,全曾田镇,太阳行政村,新围龙村,河源市,曾田镇,,,0,,,admin_unmatched_or_ambiguous
38808,河源,全曾田镇,宁山行政村,下围村,河源市,曾田镇,,,0,,,admin_unmatched_or_ambiguous
38805,河源,全曾田镇,宁山行政村,横坑村,河源市,曾田镇,,,0,,,admin_unmatched_or_ambiguous
38803,河源,全曾田镇,宁山行政村,白云嶂村,河源市,曾田镇,,,0,,,admin_unmatched_or_ambiguous
38804,河源,全曾田镇,宁山行政村,禾坪岗村,河源市,曾田镇,,,0,,,admin_unmatched_or_ambiguous
38807,河源,全曾田镇,宁山行政村,老龙斗村,河源市,曾田镇,,,0,,,admin_unmatched_or_ambiguous
38806,河源,全曾田镇,宁山行政村,苦竹凹村,河源市,曾田镇,,,0,,,admin_unmatched_or_ambiguous
38801,河源,全曾田镇,宁山行政村,营场村,河源市,曾田镇,,,0,,,admin_unmatched_or_ambiguous
38802,河源,全曾田镇,宁山行政村,龙潭村,河源市,曾田镇,,,0,,,admin_unmatched_or_ambiguous
38872,河源,全曾田镇,常美行政村,坪围村,河源市,曾田镇,,,0,,,admin_unmatched_or_ambiguous
38870,河源,全曾田镇,常美行政村,塱背村,河源市,曾田镇,,,0,,,admin_unmatched_or_ambiguous
38871,河源,全曾田镇,常美行政村,广下村,河源市,曾田镇,,,0,,,admin_unmatched_or_ambiguous
38909,河源,全曾田镇,新民行政村,下江村,河源市,曾田镇,,,0,,,admin_unmatched_or_ambiguous
38906,河源,全曾田镇,新民行政村,八斗种村,河源市,曾田镇,,,0,,,admin_unmatched_or_ambiguous
38908,河源,全曾田镇,新民行政村,围龙村,河源市,曾田镇,,,0,,,admin_unmatched_or_ambiguous
38907,河源,全曾田镇,新民行政村,楼角村,河源市,曾田镇,,,0,,,admin_unmatched_or_ambiguous
38911,河源,全曾田镇,新轮行政村,墩头村,河源市,曾田镇,,,0,,,admin_unmatched_or_ambiguous
38910,河源,全曾田镇,新轮行政村,陈公寨村,河源市,曾田镇,,,0,,,admin_unmatched_or_ambiguous
38904,河源,全曾田镇,李白行政村,四角楼村,河源市,曾田镇,,,0,,,admin_unmatched_or_ambiguous
38905,河源,全曾田镇,李白行政村,田内村,河源市,曾田镇,,,0,,,admin_unmatched_or_ambiguous
38903,河源,全曾田镇,李白行政村,黄泥堂村,河源市,曾田镇,,,0,,,admin_unmatched_or_ambiguous
38770,河源,全曾田镇,板仓行政村,上围村,河源市,曾田镇,,,0,,,admin_unmatched_or_ambiguous
38771,河源,全曾田镇,板仓行政村,上寨村,河源市,曾田镇,,,0,,,admin_unmatched_or_ambiguous
38773,河源,全曾田镇,板仓行政村,下围村,河源市,曾田镇,,,0,,,admin_unmatched_or_ambiguous
38767,河源,全曾田镇,板仓行政村,河背村,河源市,曾田镇,,,0,,,admin_unmatched_or_ambiguous
38769,河源,全曾田镇,板仓行政村,流水径村,河源市,曾田镇,,,0,,,admin_unmatched_or_ambiguous
38772,河源,全曾田镇,板仓行政村,社背村,河源市,曾田镇,,,0,,,admin_unmatched_or_ambiguous
38766,河源,全曾田镇,板仓行政村,邓塘村,河源市,曾田镇,,,0,,,admin_unmatched_or_ambiguous
38768,河源,全曾田镇,板仓行政村,黄竹沥村,河源市,曾田镇,,,0,,,admin_unmatched_or_ambiguous
38795,河源,全曾田镇,梅龙行政村,梅龙一村,河源市,曾田镇,,,0,,,admin_unmatched_or_ambiguous
38800,河源,全曾田镇,梅龙行政村,梅龙七村,河源市,曾田镇,,,0,,,admin_unmatched_or_ambiguous
38797,河源,全曾田镇,梅龙行政村,梅龙三村,河源市,曾田镇,,,0,,,admin_unmatched_or_ambiguous
38796,河源,全曾田镇,梅龙行政村,梅龙二村,河源市,曾田镇,,,0,,,admin_unmatched_or_ambiguous
38799,河源,全曾田镇,梅龙行政村,梅龙六村,河源市,曾田镇,,,0,,,admin_unmatched_or_ambiguous
38798,河源,全曾田镇,梅龙行政村,梅龙四村,河源市,曾田镇,,,0,,,admin_unmatched_or_ambiguous
38812,河源,全曾田镇,欧屋行政村,园墩村,河源市,曾田镇,,,0,,,admin_unmatched_or_ambiguous
38811,河源,全曾田镇,欧屋行政村,社屯村,河源市,曾田镇,,,0,,,admin_unmatched_or_ambiguous
38813,河源,全曾田镇,欧屋行政村,竹脚下村,河源市,曾田镇,,,0,,,admin_unmatched_or_ambiguous
38809,河源,全曾田镇,欧屋行政村,黄谷田村,河源市,曾田镇,,,0,,,admin_unmatched_or_ambiguous
38810,河源,全曾田镇,欧屋行政村,龙塘村,河源市,曾田镇,,,0,,,admin_unmatched_or_ambiguous
38854,河源,全曾田镇,正昌行政村,上圾村,河源市,曾田镇,,,0,,,admin_unmatched_or_ambiguous
38851,河源,全曾田镇,正昌行政村,九曲水村,河源市,曾田镇,,,0,,,admin_unmatched_or_ambiguous
38853,河源,全曾田镇,正昌行政村,坪田村,河源市,曾田镇,,,0,,,admin_unmatched_or_ambiguous
38855,河源,全曾田镇,正昌行政村,正下村,河源市,曾田镇,,,0,,,admin_unmatched_or_ambiguous
38852,河源,全曾田镇,正昌行政村,罗洞村,河源市,曾田镇,,,0,,,admin_unmatched_or_ambiguous
38850,河源,全曾田镇,永新行政村,中村,河源市,曾田镇,,,0,,,admin_unmatched_or_ambiguous
38848,河源,全曾田镇,永新行政村,九龙尾村,河源市,曾田镇,,,0,,,admin_unmatched_or_ambiguous
38847,河源,全曾田镇,永新行政村,公告村,河源市,曾田镇,,,0,,,admin_unmatched_or_ambiguous
38849,河源,全曾田镇,永新行政村,六湖村,河源市,曾田镇,,,0,,,admin_unmatched_or_ambiguous
38846,河源,全曾田镇,永新行政村,分水坳村,河源市,曾田镇,,,0,,,admin_unmatched_or_ambiguous
38845,河源,全曾田镇,永新行政村,文秀塘村,河源市,曾田镇,,,0,,,admin_unmatched_or_ambiguous
38876,河源,全曾田镇,江田行政村,上田村,河源市,曾田镇,,,0,,,admin_unmatched_or_ambiguous
38877,河源,全曾田镇,江田行政村,下田村,河源市,曾田镇,,,0,,,admin_unmatched_or_ambiguous
38875,河源,全曾田镇,江田行政村,山区村,河源市,曾田镇,,,0,,,admin_unmatched_or_ambiguous
38873,河源,全曾田镇,江田行政村,段心村,河源市,曾田镇,,,0,,,admin_unmatched_or_ambiguous
38874,河源,全曾田镇,江田行政村,江屋村,河源市,曾田镇,,,0,,,admin_unmatched_or_ambiguous
38866,河源,全曾田镇,百坝行政村,上下坝村,河源市,曾田镇,,,0,,,admin_unmatched_or_ambiguous
38868,河源,全曾田镇,百坝行政村,应和村,河源市,曾田镇,,,0,,,admin_unmatched_or_ambiguous
38867,河源,全曾田镇,百坝行政村,新联村,河源市,曾田镇,,,0,,,admin_unmatched_or_ambiguous
38869,河源,全曾田镇,百坝行政村,朱屋村,河源市,曾田镇,,,0,,,admin_unmatched_or_ambiguous
38865,河源,全曾田镇,百坝行政村,聚德堂村,河源市,曾田镇,,,0,,,admin_unmatched_or_ambiguous
38862,河源,全曾田镇,祝岗行政村,上新屋村,河源市,曾田镇,,,0,,,admin_unmatched_or_ambiguous
38857,河源,全曾田镇,祝岗行政村,横江凹四角楼村,河源市,曾田镇,,,0,,,admin_unmatched_or_ambiguous
38858,河源,全曾田镇,祝岗行政村,河口队村,河源市,曾田镇,,,0,,,admin_unmatched_or_ambiguous
38863,河源,全曾田镇,祝岗行政村,石子头村,河源市,曾田镇,,,0,,,admin_unmatched_or_ambiguous
38864,河源,全曾田镇,祝岗行政村,祝岗排村,河源市,曾田镇,,,0,,,admin_unmatched_or_ambiguous
38856,河源,全曾田镇,祝岗行政村,营头排村,河源市,曾田镇,,,0,,,admin_unmatched_or_ambiguous
38859,河源,全曾田镇,祝岗行政村,虎竹嶂村,河源市,曾田镇,,,0,,,admin_unmatched_or_ambiguous
38861,河源,全曾田镇,祝岗行政村,黄田村,河源市,曾田镇,,,0,,,admin_unmatched_or_ambiguous
38860,河源,全曾田镇,祝岗行政村,黄肚坑村,河源市,曾田镇,,,0,,,admin_unmatched_or_ambiguous
38778,河源,全曾田镇,红十月行政村,上坝村,河源市,曾田镇,,,0,,,admin_unmatched_or_ambiguous
38780,河源,全曾田镇,红十月行政村,下坝村,河源市,曾田镇,,,0,,,admin_unmatched_or_ambiguous
38779,河源,全曾田镇,红十月行政村,圩背村,河源市,曾田镇,,,0,,,admin_unmatched_or_ambiguous
38774,河源,全曾田镇,红十月行政村,墩心村,河源市,曾田镇,,,0,,,admin_unmatched_or_ambiguous
38775,河源,全曾田镇,红十月行政村,富丽岗村,河源市,曾田镇,,,0,,,admin_unmatched_or_ambiguous
38776,河源,全曾田镇,红十月行政村,排子村,河源市,曾田镇,,,0,,,admin_unmatched_or_ambiguous
38777,河源,全曾田镇,红十月行政村,热水村,河源市,曾田镇,,,0,,,admin_unmatched_or_ambiguous
38886,河源,全曾田镇,苏杨行政村,杨坑村,河源市,曾田镇,,,0,,,admin_unmatched_or_ambiguous
38885,河源,全曾田镇,苏杨行政村,苏坑村,河源市,曾田镇,,,0,,,admin_unmatched_or_ambiguous
38843,河源,全曾田镇,邬洞行政村,中心村,河源市,曾田镇,,,0,,,admin_unmatched_or_ambiguous
38841,河源,全曾田镇,邬洞行政村,伍队村,河源市,曾田镇,,,0,,,admin_unmatched_or_ambiguous
38837,河源,全曾田镇,邬洞行政村,坳头村,河源市,曾田镇,,,0,,,admin_unmatched_or_ambiguous
38838,河源,全曾田镇,邬洞行政村,旱塘村,河源市,曾田镇,,,0,,,admin_unmatched_or_ambiguous
38844,河源,全曾田镇,邬洞行政村,朱屋村,河源市,曾田镇,,,0,,,admin_unmatched_or_ambiguous
38839,河源,全曾田镇,邬洞行政村,横坂村,河源市,曾田镇,,,0,,,admin_unmatched_or_ambiguous
38840,河源,全曾田镇,邬洞行政村,湖洋村,河源市,曾田镇,,,0,,,admin_unmatched_or_ambiguous
38842,河源,全曾田镇,邬洞行政村,谢屋村,河源市,曾田镇,,,0,,,admin_unmatched_or_ambiguous
38824,河源,全曾田镇,铁岗行政村,井下村,河源市,曾田镇,,,0,,,admin_unmatched_or_ambiguous
38826,河源,全曾田镇,铁岗行政村,响环村,河源市,曾田镇,,,0,,,admin_unmatched_or_ambiguous
38827,河源,全曾田镇,铁岗行政村,小溪村,河源市,曾田镇,,,0,,,admin_unmatched_or_ambiguous
38823,河源,全曾田镇,铁岗行政村,河背村,河源市,曾田镇,,,0,,,admin_unmatched_or_ambiguous
38825,河源,全曾田镇,铁岗行政村,田心村,河源市,曾田镇,,,0,,,admin_unmatched_or_ambiguous
38785,河源,全曾田镇,黄村坳行政村,三联村,河源市,曾田镇,,,0,,,admin_unmatched_or_ambiguous
38782,河源,全曾田镇,黄村坳行政村,东门村,河源市,曾田镇,,,0,,,admin_unmatched_or_ambiguous
38788,河源,全曾田镇,黄村坳行政村,中心村,河源市,曾田镇,,,0,,,admin_unmatched_or_ambiguous
38786,河源,全曾田镇,黄村坳行政村,勿子村,河源市,曾田镇,,,0,,,admin_unmatched_or_ambiguous
38781,河源,全曾田镇,黄村坳行政村,坳头村,河源市,曾田镇,,,0,,,admin_unmatched_or_ambiguous
38787,河源,全曾田镇,黄村坳行政村,张朱罗屋村,河源市,曾田镇,,,0,,,admin_unmatched_or_ambiguous
38784,河源,全曾田镇,黄村坳行政村,楼下村,河源市,曾田镇,,,0,,,admin_unmatched_or_ambiguous
38783,河源,全曾田镇,黄村坳行政村,瑕心村,河源市,曾田镇,,,0,,,admin_unmatched_or_ambiguous
38792,河源,全曾田镇,黄村行政村,上坪村,河源市,曾田镇,,,0,,,admin_unmatched_or_ambiguous
38791,河源,全曾田镇,黄村行政村,前头村,河源市,曾田镇,,,0,,,admin_unmatched_or_ambiguous
38794,河源,全曾田镇,黄村行政村,增心角村,河源市,曾田镇,,,0,,,admin_unmatched_or_ambiguous
38793,河源,全曾田镇,黄村行政村,学堂坝村,河源市,曾田镇,,,0,,,admin_unmatched_or_ambiguous
38789,河源,全曾田镇,黄村行政村,岭背村,河源市,曾田镇,,,0,,,admin_unmatched_or_ambiguous
38790,河源,全曾田镇,黄村行政村,龙湖村,河源市,曾田镇,,,0,,,admin_unmatched_or_ambiguous
38657,河源,全粤仙塘镇,堤坑行政村,堤坑村,河源市,仙塘镇,,,0,,,admin_unmatched_or_ambiguous
38654,河源,全粤仙塘镇,龙利行政村,龙利村,河源市,仙塘镇,,,0,,,admin_unmatched_or_ambiguous
38575,河源,全粤蓝口镇,新圩行政村,新圩村,河源市,蓝口镇,,,0,,,admin_unmatched_or_ambiguous
38598,河源,全粤蓝口镇,碟头行政村,刘排村,河源市,蓝口镇,,,0,,,admin_unmatched_or_ambiguous
38599,河源,全粤蓝口镇,碟头行政村,老罗坑村,河源市,蓝口镇,,,0,,,admin_unmatched_or_ambiguous
38597,河源,全粤蓝口镇,碟头行政村,老马山村,河源市,蓝口镇,,,0,,,admin_unmatched_or_ambiguous
38590,河源,全粤蓝口镇,礫下行政村,三联村,河源市,蓝口镇,,,0,,,admin_unmatched_or_ambiguous
38586,河源,全粤蓝口镇,礫下行政村,东凤村,河源市,蓝口镇,,,0,,,admin_unmatched_or_ambiguous
38587,河源,全粤蓝口镇,礫下行政村,光明村,河源市,蓝口镇,,,0,,,admin_unmatched_or_ambiguous
38591,河源,全粤蓝口镇,礫下行政村,响水村,河源市,蓝口镇,,,0,,,admin_unmatched_or_ambiguous
38589,河源,全粤蓝口镇,礫下行政村,明星村,河源市,蓝口镇,,,0,,,admin_unmatched_or_ambiguous
38588,河源,全粤蓝口镇,礫下行政村,红旗村,河源市,蓝口镇,,,0,,,admin_unmatched_or_ambiguous
38585,河源,全粤蓝口镇,礫下行政村,草坪村,河源市,蓝口镇,,,0,,,admin_unmatched_or_ambiguous
39618,河源,凤安镇,双全行政村,仓下村,河源市,凤安镇,,,0,,,admin_unmatched_or_ambiguous
39621,河源,凤安镇,双全行政村,坑口村,河源市,凤安镇,,,0,,,admin_unmatched_or_ambiguous
39620,河源,凤安镇,双全行政村,康围村,河源市,凤安镇,,,0,,,admin_unmatched_or_ambiguous
39622,河源,凤安镇,双全行政村,楼新村,河源市,凤安镇,,,0,,,admin_unmatched_or_ambiguous
39624,河源,凤安镇,双全行政村,水口村,河源市,凤安镇,,,0,,,admin_unmatched_or_ambiguous
39625,河源,凤安镇,双全行政村,王坑村,河源市,凤安镇,,,0,,,admin_unmatched_or_ambiguous
39623,河源,凤安镇,双全行政村,石塘村,河源市,凤安镇,,,0,,,admin_unmatched_or_ambiguous
39627,河源,凤安镇,双全行政村,竹湖村,河源市,凤安镇,,,0,,,admin_unmatched_or_ambiguous
39626,河源,凤安镇,双全行政村,长排村,河源市,凤安镇,,,0,,,admin_unmatched_or_ambiguous
39619,河源,凤安镇,双全行政村,高渡村,河源市,凤安镇,,,0,,,admin_unmatched_or_ambiguous
39608,河源,凤安镇,吉田行政村,上围村,河源市,凤安镇,,,0,,,admin_unmatched_or_ambiguous
39607,河源,凤安镇,吉田行政村,上坪村,河源市,凤安镇,,,0,,,admin_unmatched_or_ambiguous
39605,河源,凤安镇,吉田行政村,禾光村,河源市,凤安镇,,,0,,,admin_unmatched_or_ambiguous
39606,河源,凤安镇,吉田行政村,金屋村,河源市,凤安镇,,,0,,,admin_unmatched_or_ambiguous
39601,河源,凤安镇,宜良行政村,前光村,河源市,凤安镇,,,0,,,admin_unmatched_or_ambiguous
39600,河源,凤安镇,宜良行政村,加村,河源市,凤安镇,,,0,,,admin_unmatched_or_ambiguous
39604,河源,凤安镇,宜良行政村,增田村,河源市,凤安镇,,,0,,,admin_unmatched_or_ambiguous
39602,河源,凤安镇,宜良行政村,山下村,河源市,凤安镇,,,0,,,admin_unmatched_or_ambiguous
39599,河源,凤安镇,宜良行政村,禾宜村,河源市,凤安镇,,,0,,,admin_unmatched_or_ambiguous
39603,河源,凤安镇,宜良行政村,羊坡村,河源市,凤安镇,,,0,,,admin_unmatched_or_ambiguous
39575,河源,凤安镇,小古行政村,塘面村,河源市,凤安镇,,,0,,,admin_unmatched_or_ambiguous
39574,河源,凤安镇,小古行政村,排顶村,河源市,凤安镇,,,0,,,admin_unmatched_or_ambiguous
39577,河源,凤安镇,小古行政村,新屋村,河源市,凤安镇,,,0,,,admin_unmatched_or_ambiguous
39578,河源,凤安镇,小古行政村,樟田村,河源市,凤安镇,,,0,,,admin_unmatched_or_ambiguous
39576,河源,凤安镇,小古行政村,田心村,河源市,凤安镇,,,0,,,admin_unmatched_or_ambiguous
39573,河源,凤安镇,小古行政村,红旗村,河源市,凤安镇,,,0,,,admin_unmatched_or_ambiguous
39572,河源,凤安镇,小古行政村,高不村,河源市,凤安镇,,,0,,,admin_unmatched_or_ambiguous
39591,河源,凤安镇,积良行政村,下径村,河源市,凤安镇,,,0,,,admin_unmatched_or_ambiguous
39580,河源,凤安镇,积良行政村,东坑村,河源市,凤安镇,,,0,,,admin_unmatched_or_ambiguous
39581,河源,凤安镇,积良行政村,东坪村,河源市,凤安镇,,,0,,,admin_unmatched_or_ambiguous
39588,河源,凤安镇,积良行政村,塘肚村,河源市,凤安镇,,,0,,,admin_unmatched_or_ambiguous
39582,河源,凤安镇,积良行政村,岗岭村,河源市,凤安镇,,,0,,,admin_unmatched_or_ambiguous
39579,河源,凤安镇,积良行政村,店前村,河源市,凤安镇,,,0,,,admin_unmatched_or_ambiguous
39587,河源,凤安镇,积良行政村,桥窝村,河源市,凤安镇,,,0,,,admin_unmatched_or_ambiguous
39585,河源,凤安镇,积良行政村,梅坑村,河源市,凤安镇,,,0,,,admin_unmatched_or_ambiguous
39586,河源,凤安镇,积良行政村,棉坪村,河源市,凤安镇,,,0,,,admin_unmatched_or_ambiguous
39590,河源,凤安镇,积良行政村,细窝村,河源市,凤安镇,,,0,,,admin_unmatched_or_ambiguous
39589,河源,凤安镇,积良行政村,铁厂村,河源市,凤安镇,,,0,,,admin_unmatched_or_ambiguous
39584,河源,凤安镇,积良行政村,马道村,河源市,凤安镇,,,0,,,admin_unmatched_or_ambiguous
39583,河源,凤安镇,积良行政村,高潭村,河源市,凤安镇,,,0,,,admin_unmatched_or_ambiguous
39615,河源,凤安镇,远光行政村,上排村,河源市,凤安镇,,,0,,,admin_unmatched_or_ambiguous
39616,河源,凤安镇,远光行政村,下排村,河源市,凤安镇,,,0,,,admin_unmatched_or_ambiguous
39617,河源,凤安镇,远光行政村,新营村,河源市,凤安镇,,,0,,,admin_unmatched_or_ambiguous
39614,河源,凤安镇,远光行政村,罗塘村,河源市,凤安镇,,,0,,,admin_unmatched_or_ambiguous
39613,河源,凤安镇,远光行政村,高兴村,河源市,凤安镇,,,0,,,admin_unmatched_or_ambiguous
39612,河源,凤安镇,高尚行政村,上村,河源市,凤安镇,,,0,,,admin_unmatched_or_ambiguous
39611,河源,凤安镇,高尚行政村,米糊村,河源市,凤安镇,,,0,,,admin_unmatched_or_ambiguous
39610,河源,凤安镇,高尚行政村,马王村,河源市,凤安镇,,,0,,,admin_unmatched_or_ambiguous
39609,河源,凤安镇,高尚行政村,高博村,河源市,凤安镇,,,0,,,admin_unmatched_or_ambiguous
39597,河源,凤安镇,鹿塘行政村,下坳村,河源市,凤安镇,,,0,,,admin_unmatched_or_ambiguous
39598,河源,凤安镇,鹿塘行政村,新墩村,河源市,凤安镇,,,0,,,admin_unmatched_or_ambiguous
39596,河源,凤安镇,鹿塘行政村,松林村,河源市,凤安镇,,,0,,,admin_unmatched_or_ambiguous
39594,河源,凤安镇,鹿塘行政村,梅塘村,河源市,凤安镇,,,0,,,admin_unmatched_or_ambiguous
39595,河源,凤安镇,鹿塘行政村,石下村,河源市,凤安镇,,,0,,,admin_unmatched_or_ambiguous
39592,河源,凤安镇,鹿塘行政村,石塘村,河源市,凤安镇,,,0,,,admin_unmatched_or_ambiguous
39593,河源,凤安镇,鹿塘行政村,鹿鸣村,河源市,凤安镇,,,0,,,admin_unmatched_or_ambiguous
38521,河源,半江镇,横轝行政村,大方拳村,河源市,半江镇,,,0,,,admin_unmatched_or_ambiguous
38520,河源,半江镇,横轝行政村,新村,河源市,半江镇,,,0,,,admin_unmatched_or_ambiguous
38524,河源,半江镇,横轝行政村,新联村,河源市,半江镇,,,0,,,admin_unmatched_or_ambiguous
38523,河源,半江镇,横轝行政村,桐坑村,河源市,半江镇,,,0,,,admin_unmatched_or_ambiguous
38522,河源,半江镇,横轝行政村,梅花村,河源市,半江镇,,,0,,,admin_unmatched_or_ambiguous
38519,河源,半江镇,横轝行政村,横轝坪村,河源市,半江镇,,,0,,,admin_unmatched_or_ambiguous
40689,河源,大湖镇,活水行政村,寨内村,河源市,大湖镇,,,0,,,admin_unmatched_or_ambiguous
40686,河源,大湖镇,罗经行政村,刘屋村,河源市,大湖镇,,,0,,,admin_unmatched_or_ambiguous
40688,河源,大湖镇,罗经行政村,曾陂围村,河源市,大湖镇,,,0,,,admin_unmatched_or_ambiguous
40685,河源,大湖镇,罗经行政村,来子下村,河源市,大湖镇,,,0,,,admin_unmatched_or_ambiguous
40687,河源,大湖镇,罗经行政村,罗经岭村,河源市,大湖镇,,,0,,,admin_unmatched_or_ambiguous
40683,河源,大湖镇,罗经行政村,郭围村,河源市,大湖镇,,,0,,,admin_unmatched_or_ambiguous
40684,河源,大湖镇,罗经行政村,黄屋村,河源市,大湖镇,,,0,,,admin_unmatched_or_ambiguous
40698,河源,宝内莞镇,蓝洲行政村,周陂村,河源市,内莞镇,,,0,,,admin_unmatched_or_ambiguous
40697,河源,宝内莞镇,蓝洲行政村,墩头村,河源市,内莞镇,,,0,,,admin_unmatched_or_ambiguous
41018,河源,宝古竹镇,孔埔行政村,上围村,河源市,古竹镇,,,0,,,admin_unmatched_or_ambiguous
41020,河源,宝古竹镇,孔埔行政村,下元村,河源市,古竹镇,,,0,,,admin_unmatched_or_ambiguous
41019,河源,宝古竹镇,孔埔行政村,下围村,河源市,古竹镇,,,0,,,admin_unmatched_or_ambiguous
41021,河源,宝古竹镇,孔埔行政村,作新村,河源市,古竹镇,,,0,,,admin_unmatched_or_ambiguous
41017,河源,宝古竹镇,孔埔行政村,建新村,河源市,古竹镇,,,0,,,admin_unmatched_or_ambiguous
38066,河源,宝老隆镇,莲塘行政村,幸福村,河源市,老隆镇,,,0,,,admin_unmatched_or_ambiguous
38065,河源,宝老隆镇,莲塘行政村,群辉村,河源市,老隆镇,,,0,,,admin_unmatched_or_ambiguous
40509,河源,忠信镇,上堂行政村,上寮村,河源市,忠信镇,,,0,,,admin_unmatched_or_ambiguous
40511,河源,忠信镇,上堂行政村,上新屋村,河源市,忠信镇,,,0,,,admin_unmatched_or_ambiguous
40512,河源,忠信镇,上堂行政村,上楼阁村,河源市,忠信镇,,,0,,,admin_unmatched_or_ambiguous
40510,河源,忠信镇,上堂行政村,上门村,河源市,忠信镇,,,0,,,admin_unmatched_or_ambiguous
40514,河源,忠信镇,上堂行政村,下堂村,河源市,忠信镇,,,0,,,admin_unmatched_or_ambiguous
40513,河源,忠信镇,上堂行政村,下楼阁村,河源市,忠信镇,,,0,,,admin_unmatched_or_ambiguous
40515,河源,忠信镇,上堂行政村,水背村,河源市,忠信镇,,,0,,,admin_unmatched_or_ambiguous
40508,河源,忠信镇,上堂行政村,蓝楼村,河源市,忠信镇,,,0,,,admin_unmatched_or_ambiguous
40543,河源,忠信镇,水澹行政村,上墩村,河源市,忠信镇,,,0,,,admin_unmatched_or_ambiguous
40546,河源,忠信镇,水澹行政村,下门二村,河源市,忠信镇,,,0,,,admin_unmatched_or_ambiguous
40545,河源,忠信镇,水澹行政村,卫东村,河源市,忠信镇,,,0,,,admin_unmatched_or_ambiguous
40541,河源,忠信镇,水澹行政村,坪塘村,河源市,忠信镇,,,0,,,admin_unmatched_or_ambiguous
40544,河源,忠信镇,水澹行政村,水潞寨村,河源市,忠信镇,,,0,,,admin_unmatched_or_ambiguous
40540,河源,忠信镇,水澹行政村,海角村,河源市,忠信镇,,,0,,,admin_unmatched_or_ambiguous
40542,河源,忠信镇,水澹行政村,群星村,河源市,忠信镇,,,0,,,admin_unmatched_or_ambiguous
39116,河源,新回龙镇,上蓝行政村,何树排村,河源市,新回龙镇,,,0,,,admin_unmatched_or_ambiguous
39121,河源,新回龙镇,上蓝行政村,冷水坑村,河源市,新回龙镇,,,0,,,admin_unmatched_or_ambiguous
39115,河源,新回龙镇,上蓝行政村,四联村,河源市,新回龙镇,,,0,,,admin_unmatched_or_ambiguous
39119,河源,新回龙镇,上蓝行政村,瑕心村,河源市,新回龙镇,,,0,,,admin_unmatched_or_ambiguous
39122,河源,新回龙镇,上蓝行政村,石岗村,河源市,新回龙镇,,,0,,,admin_unmatched_or_ambiguous
39120,河源,新回龙镇,上蓝行政村,老排村,河源市,新回龙镇,,,0,,,admin_unmatched_or_ambiguous
39118,河源,新回龙镇,上蓝行政村,赖屋村,河源市,新回龙镇,,,0,,,admin_unmatched_or_ambiguous
39117,河源,新回龙镇,上蓝行政村,邱屋村,河源市,新回龙镇,,,0,,,admin_unmatched_or_ambiguous
39124,河源,新回龙镇,下蓝行政村,新楼村,河源市,新回龙镇,,,0,,,admin_unmatched_or_ambiguous
39123,河源,新回龙镇,下蓝行政村,老寨村,河源市,新回龙镇,,,0,,,admin_unmatched_or_ambiguous
39140,河源,新回龙镇,东华行政村,坪寨村,河源市,新回龙镇,,,0,,,admin_unmatched_or_ambiguous
39142,河源,新回龙镇,东华行政村,洞尾村,河源市,新回龙镇,,,0,,,admin_unmatched_or_ambiguous
39141,河源,新回龙镇,东华行政村,禄田围村,河源市,新回龙镇,,,0,,,admin_unmatched_or_ambiguous
39135,河源,新回龙镇,中联行政村,中信围村,河源市,新回龙镇,,,0,,,admin_unmatched_or_ambiguous
39133,河源,新回龙镇,中联行政村,中心屋村,河源市,新回龙镇,,,0,,,admin_unmatched_or_ambiguous
39137,河源,新回龙镇,中联行政村,塘美村,河源市,新回龙镇,,,0,,,admin_unmatched_or_ambiguous
39131,河源,新回龙镇,中联行政村,油房村,河源市,新回龙镇,,,0,,,admin_unmatched_or_ambiguous
39132,河源,新回龙镇,中联行政村,湖洋头村,河源市,新回龙镇,,,0,,,admin_unmatched_or_ambiguous
39134,河源,新回龙镇,中联行政村,火连塘村,河源市,新回龙镇,,,0,,,admin_unmatched_or_ambiguous
39136,河源,新回龙镇,中联行政村,石坝村,河源市,新回龙镇,,,0,,,admin_unmatched_or_ambiguous
39145,河源,新回龙镇,井口行政村,井围村,河源市,新回龙镇,,,0,,,admin_unmatched_or_ambiguous
39144,河源,新回龙镇,井口行政村,河东村,河源市,新回龙镇,,,0,,,admin_unmatched_or_ambiguous
39143,河源,新回龙镇,井口行政村,长盛村,河源市,新回龙镇,,,0,,,admin_unmatched_or_ambiguous
39138,河源,新回龙镇,井贝行政村,井贝寨村,河源市,新回龙镇,,,0,,,admin_unmatched_or_ambiguous
39139,河源,新回龙镇,井贝行政村,水口寨村,河源市,新回龙镇,,,0,,,admin_unmatched_or_ambiguous
39146,河源,新回龙镇,日光行政村,大安村,河源市,新回龙镇,,,0,,,admin_unmatched_or_ambiguous
39148,河源,新回龙镇,日光行政村,新塘村,河源市,新回龙镇,,,0,,,admin_unmatched_or_ambiguous
39149,河源,新回龙镇,日光行政村,水沥村,河源市,新回龙镇,,,0,,,admin_unmatched_or_ambiguous
39147,河源,新回龙镇,日光行政村,高义村,河源市,新回龙镇,,,0,,,admin_unmatched_or_ambiguous
39127,河源,新回龙镇,群星行政村,上坳村,河源市,新回龙镇,,,0,,,admin_unmatched_or_ambiguous
39125,河源,新回龙镇,群星行政村,古田村,河源市,新回龙镇,,,0,,,admin_unmatched_or_ambiguous
39129,河源,新回龙镇,群星行政村,坛下村,河源市,新回龙镇,,,0,,,admin_unmatched_or_ambiguous
39128,河源,新回龙镇,群星行政村,尖美角村,河源市,新回龙镇,,,0,,,admin_unmatched_or_ambiguous
39126,河源,新回龙镇,群星行政村,白屋村,河源市,新回龙镇,,,0,,,admin_unmatched_or_ambiguous
39130,河源,新回龙镇,群星行政村,简咀村,河源市,新回龙镇,,,0,,,admin_unmatched_or_ambiguous
39156,河源,新回龙镇,鹊田行政村,下新屋村,河源市,新回龙镇,,,0,,,admin_unmatched_or_ambiguous
39151,河源,新回龙镇,鹊田行政村,东升村,河源市,新回龙镇,,,0,,,admin_unmatched_or_ambiguous
39150,河源,新回龙镇,鹊田行政村,佰公缎村,河源市,新回龙镇,,,0,,,admin_unmatched_or_ambiguous
39152,河源,新回龙镇,鹊田行政村,刚德围村,河源市,新回龙镇,,,0,,,admin_unmatched_or_ambiguous
39155,河源,新回龙镇,鹊田行政村,司马第村,河源市,新回龙镇,,,0,,,admin_unmatched_or_ambiguous
39160,河源,新回龙镇,鹊田行政村,寨内村,河源市,新回龙镇,,,0,,,admin_unmatched_or_ambiguous
39157,河源,新回龙镇,鹊田行政村,新坑村,河源市,新回龙镇,,,0,,,admin_unmatched_or_ambiguous
39158,河源,新回龙镇,鹊田行政村,新田村,河源市,新回龙镇,,,0,,,admin_unmatched_or_ambiguous
39154,河源,新回龙镇,鹊田行政村,社排村,河源市,新回龙镇,,,0,,,admin_unmatched_or_ambiguous
39153,河源,新回龙镇,鹊田行政村,禾丰坑村,河源市,新回龙镇,,,0,,,admin_unmatched_or_ambiguous
39159,河源,新回龙镇,鹊田行政村,移民新村,河源市,新回龙镇,,,0,,,admin_unmatched_or_ambiguous
39243,河源,新港镇,安源社区行政村,安源村,河源市,新港镇,,,0,,,admin_unmatched_or_ambiguous
39242,河源,新港镇,泮坑行政村,泮坑村,河源市,新港镇,,,0,,,admin_unmatched_or_ambiguous
38350,河源,柳城镇,街镇行政村,柳城村,河源市,柳城镇,,,0,,,admin_unmatched_or_ambiguous
40015,河源,水墩镇,黄轝行政村,呈坑村,河源市,水墩镇,,,0,,,admin_unmatched_or_ambiguous
40014,河源,水墩镇,黄轝行政村,黄拳村,河源市,水墩镇,,,0,,,admin_unmatched_or_ambiguous
38506,河源,涧头镇,礫娥行政村,举溪村,河源市,涧头镇,,,0,,,admin_unmatched_or_ambiguous
38504,河源,涧头镇,礫娥行政村,到洞村,河源市,涧头镇,,,0,,,admin_unmatched_or_ambiguous
38507,河源,涧头镇,礫娥行政村,塘四背村,河源市,涧头镇,,,0,,,admin_unmatched_or_ambiguous
38505,河源,涧头镇,礫娥行政村,蔡下村,河源市,涧头镇,,,0,,,admin_unmatched_or_ambiguous
41363,河源,澜源镇,洪淛行政村,洪涮村,河源市,浰源镇,,,0,,,admin_unmatched_or_ambiguous
41362,河源,澜源镇,洪淛行政村,眼坑水村,河源市,浰源镇,,,0,,,admin_unmatched_or_ambiguous
39199,河源,灯塔镇,连塘行政村,塘东塘西村,河源市,灯塔镇,,,0,,,admin_unmatched_or_ambiguous
40234,河源,粤元善镇,留潭行政村,井头村,河源市,元善镇,,,0,,,admin_unmatched_or_ambiguous
40235,河源,粤元善镇,留潭行政村,鱼潭村,河源市,元善镇,,,0,,,admin_unmatched_or_ambiguous
40903,河源,粤埔前镇,泥金行政村,上下湖村,河源市,埔前镇,,,0,,,admin_unmatched_or_ambiguous
40902,河源,粤埔前镇,泥金行政村,上围村,河源市,埔前镇,,,0,,,admin_unmatched_or_ambiguous
40901,河源,粤埔前镇,泥金行政村,上林村,河源市,埔前镇,,,0,,,admin_unmatched_or_ambiguous
40906,河源,粤埔前镇,泥金行政村,下林村,河源市,埔前镇,,,0,,,admin_unmatched_or_ambiguous
40908,河源,粤埔前镇,泥金行政村,中围村,河源市,埔前镇,,,0,,,admin_unmatched_or_ambiguous
40897,河源,粤埔前镇,泥金行政村,南北门村,河源市,埔前镇,,,0,,,admin_unmatched_or_ambiguous
40907,河源,粤埔前镇,泥金行政村,向阳村,河源市,埔前镇,,,0,,,admin_unmatched_or_ambiguous
40894,河源,粤埔前镇,泥金行政村,坝心村,河源市,埔前镇,,,0,,,admin_unmatched_or_ambiguous
40904,河源,粤埔前镇,泥金行政村,天湖村,河源市,埔前镇,,,0,,,admin_unmatched_or_ambiguous
40905,河源,粤埔前镇,泥金行政村,天街村,河源市,埔前镇,,,0,,,admin_unmatched_or_ambiguous
40900,河源,粤埔前镇,泥金行政村,榕树一村,河源市,埔前镇,,,0,,,admin_unmatched_or_ambiguous
40899,河源,粤埔前镇,泥金行政村,榕树村,河源市,埔前镇,,,0,,,admin_unmatched_or_ambiguous
40895,河源,粤埔前镇,泥金行政村,红旗村,河源市,埔前镇,,,0,,,admin_unmatched_or_ambiguous
40898,河源,粤埔前镇,泥金行政村,群星村,河源市,埔前镇,,,0,,,admin_unmatched_or_ambiguous
40896,河源,粤埔前镇,泥金行政村,龙腰村,河源市,埔前镇,,,0,,,admin_unmatched_or_ambiguous
39421,河源,粤蓝塘镇,嘉元行政村,下圩村,河源市,蓝塘镇,,,0,,,admin_unmatched_or_ambiguous
39424,河源,粤蓝塘镇,嘉元行政村,学墩村,河源市,蓝塘镇,,,0,,,admin_unmatched_or_ambiguous
39419,河源,粤蓝塘镇,嘉元行政村,楼下村,河源市,蓝塘镇,,,0,,,admin_unmatched_or_ambiguous
39422,河源,粤蓝塘镇,嘉元行政村,榕树村,河源市,蓝塘镇,,,0,,,admin_unmatched_or_ambiguous
39420,河源,粤蓝塘镇,嘉元行政村,竹凹村,河源市,蓝塘镇,,,0,,,admin_unmatched_or_ambiguous
39418,河源,粤蓝塘镇,嘉元行政村,竹园心村,河源市,蓝塘镇,,,0,,,admin_unmatched_or_ambiguous
39423,河源,粤蓝塘镇,嘉元行政村,高塘村,河源市,蓝塘镇,,,0,,,admin_unmatched_or_ambiguous
38934,河源,粤骆湖镇,峰木行政村,尖峰村,河源市,骆湖镇,,,0,,,admin_unmatched_or_ambiguous
38933,河源,粤骆湖镇,峰木行政村,峰木村,河源市,骆湖镇,,,0,,,admin_unmatched_or_ambiguous
39901,河源,紫城镇,上黄塘行政村,三中村,河源市,紫城镇,,,0,,,admin_unmatched_or_ambiguous
39900,河源,紫城镇,上黄塘行政村,大成村,河源市,紫城镇,,,0,,,admin_unmatched_or_ambiguous
39898,河源,紫城镇,上黄塘行政村,杜屋村,河源市,紫城镇,,,0,,,admin_unmatched_or_ambiguous
39899,河源,紫城镇,上黄塘行政村,河湾村,河源市,紫城镇,,,0,,,admin_unmatched_or_ambiguous
39815,河源,紫城镇,下告行政村,米沥村,河源市,紫城镇,,,0,,,admin_unmatched_or_ambiguous
39817,河源,紫城镇,下告行政村,陂下村,河源市,紫城镇,,,0,,,admin_unmatched_or_ambiguous
39816,河源,紫城镇,下告行政村,黄京村,河源市,紫城镇,,,0,,,admin_unmatched_or_ambiguous
39829,河源,紫城镇,下青溪行政村,再下村,河源市,紫城镇,,,0,,,admin_unmatched_or_ambiguous
39828,河源,紫城镇,下青溪行政村,新田村,河源市,紫城镇,,,0,,,admin_unmatched_or_ambiguous
39827,河源,紫城镇,下青溪行政村,白石村,河源市,紫城镇,,,0,,,admin_unmatched_or_ambiguous
39910,河源,紫城镇,下黄塘行政村,上双村,河源市,紫城镇,,,0,,,admin_unmatched_or_ambiguous
39912,河源,紫城镇,下黄塘行政村,围龙村,河源市,紫城镇,,,0,,,admin_unmatched_or_ambiguous
39913,河源,紫城镇,下黄塘行政村,圩下村,河源市,紫城镇,,,0,,,admin_unmatched_or_ambiguous
39914,河源,紫城镇,下黄塘行政村,竹墨村,河源市,紫城镇,,,0,,,admin_unmatched_or_ambiguous
39911,河源,紫城镇,下黄塘行政村,连坪村,河源市,紫城镇,,,0,,,admin_unmatched_or_ambiguous
39878,河源,紫城镇,东升行政村,立新村,河源市,紫城镇,,,0,,,admin_unmatched_or_ambiguous
39879,河源,紫城镇,东升行政村,高桥村,河源市,紫城镇,,,0,,,admin_unmatched_or_ambiguous
39766,河源,紫城镇,东平行政村,上合村,河源市,紫城镇,,,0,,,admin_unmatched_or_ambiguous
39765,河源,紫城镇,东平行政村,上珑村,河源市,紫城镇,,,0,,,admin_unmatched_or_ambiguous
39769,河源,紫城镇,东平行政村,哉塘村,河源市,紫城镇,,,0,,,admin_unmatched_or_ambiguous
39767,河源,紫城镇,东平行政村,圩头村,河源市,紫城镇,,,0,,,admin_unmatched_or_ambiguous
39764,河源,紫城镇,东平行政村,沙坑村,河源市,紫城镇,,,0,,,admin_unmatched_or_ambiguous
39768,河源,紫城镇,东平行政村,瓦角村,河源市,紫城镇,,,0,,,admin_unmatched_or_ambiguous
39877,河源,紫城镇,东方行政村,杨屋村,河源市,紫城镇,,,0,,,admin_unmatched_or_ambiguous
39876,河源,紫城镇,东方行政村,沥头村,河源市,紫城镇,,,0,,,admin_unmatched_or_ambiguous
39875,河源,紫城镇,东方行政村,花乾村,河源市,紫城镇,,,0,,,admin_unmatched_or_ambiguous
39771,河源,紫城镇,中兴行政村,上缎村,河源市,紫城镇,,,0,,,admin_unmatched_or_ambiguous
39773,河源,紫城镇,中兴行政村,中联村,河源市,紫城镇,,,0,,,admin_unmatched_or_ambiguous
39770,河源,紫城镇,中兴行政村,岭下村,河源市,紫城镇,,,0,,,admin_unmatched_or_ambiguous
39772,河源,紫城镇,中兴行政村,蕉坑村,河源市,紫城镇,,,0,,,admin_unmatched_or_ambiguous
39760,河源,紫城镇,义容社区,东公路村,河源市,紫城镇,,,0,,,admin_unmatched_or_ambiguous
39758,河源,紫城镇,义容社区,前进路村,河源市,紫城镇,,,0,,,admin_unmatched_or_ambiguous
39759,河源,紫城镇,义容社区,大街村,河源市,紫城镇,,,0,,,admin_unmatched_or_ambiguous
39865,河源,紫城镇,利民行政村,圩坝村,河源市,紫城镇,,,0,,,admin_unmatched_or_ambiguous
39864,河源,紫城镇,利民行政村,墩头村,河源市,紫城镇,,,0,,,admin_unmatched_or_ambiguous
39863,河源,紫城镇,利民行政村,深塘村,河源市,紫城镇,,,0,,,admin_unmatched_or_ambiguous
39778,河源,紫城镇,华星行政村,三栋屋村,河源市,紫城镇,,,0,,,admin_unmatched_or_ambiguous
39777,河源,紫城镇,华星行政村,上甲村,河源市,紫城镇,,,0,,,admin_unmatched_or_ambiguous
39779,河源,紫城镇,华星行政村,刘坝村,河源市,紫城镇,,,0,,,admin_unmatched_or_ambiguous
39780,河源,紫城镇,华星行政村,围龙村,河源市,紫城镇,,,0,,,admin_unmatched_or_ambiguous
39819,河源,紫城镇,南坑行政村,东方村,河源市,紫城镇,,,0,,,admin_unmatched_or_ambiguous
39818,河源,紫城镇,南坑行政村,向明村,河源市,紫城镇,,,0,,,admin_unmatched_or_ambiguous
39820,河源,紫城镇,南坑行政村,向阳村,河源市,紫城镇,,,0,,,admin_unmatched_or_ambiguous
39702,河源,紫城镇,南岗行政村,南岗村,河源市,紫城镇,,,0,,,admin_unmatched_or_ambiguous
39703,河源,紫城镇,南岗行政村,荷树排村,河源市,紫城镇,,,0,,,admin_unmatched_or_ambiguous
39701,河源,紫城镇,南岗行政村,裕光村,河源市,紫城镇,,,0,,,admin_unmatched_or_ambiguous
39868,河源,紫城镇,南昌行政村,井头村,河源市,紫城镇,,,0,,,admin_unmatched_or_ambiguous
39867,河源,紫城镇,南昌行政村,水口村,河源市,紫城镇,,,0,,,admin_unmatched_or_ambiguous
39866,河源,紫城镇,南昌行政村,风径村,河源市,紫城镇,,,0,,,admin_unmatched_or_ambiguous
39797,河源,紫城镇,南洋行政村,咸水村,河源市,紫城镇,,,0,,,admin_unmatched_or_ambiguous
39798,河源,紫城镇,南洋行政村,塘下村,河源市,紫城镇,,,0,,,admin_unmatched_or_ambiguous
39796,河源,紫城镇,南洋行政村,蓝坑村,河源市,紫城镇,,,0,,,admin_unmatched_or_ambiguous
39761,河源,紫城镇,和平行政村,坪山塘村,河源市,紫城镇,,,0,,,admin_unmatched_or_ambiguous
39762,河源,紫城镇,和平行政村,松柏浪村,河源市,紫城镇,,,0,,,admin_unmatched_or_ambiguous
39763,河源,紫城镇,和平行政村,神前围村,河源市,紫城镇,,,0,,,admin_unmatched_or_ambiguous
39795,河源,紫城镇,均安行政村,再坑村,河源市,紫城镇,,,0,,,admin_unmatched_or_ambiguous
39793,河源,紫城镇,均安行政村,梨树村,河源市,紫城镇,,,0,,,admin_unmatched_or_ambiguous
39794,河源,紫城镇,均安行政村,永红村,河源市,紫城镇,,,0,,,admin_unmatched_or_ambiguous
39792,河源,紫城镇,均安行政村,锡田村,河源市,紫城镇,,,0,,,admin_unmatched_or_ambiguous
39811,河源,紫城镇,坪轝行政村,坪轝村,河源市,紫城镇,,,0,,,admin_unmatched_or_ambiguous
39812,河源,紫城镇,坪轝行政村,塘坐村,河源市,紫城镇,,,0,,,admin_unmatched_or_ambiguous
39810,河源,紫城镇,坪轝行政村,汀村围村,河源市,紫城镇,,,0,,,admin_unmatched_or_ambiguous
39805,河源,紫城镇,塘面行政村,博爱村,河源市,紫城镇,,,0,,,admin_unmatched_or_ambiguous
39804,河源,紫城镇,塘面行政村,塘面村,河源市,紫城镇,,,0,,,admin_unmatched_or_ambiguous
39806,河源,紫城镇,塘面行政村,米坑村,河源市,紫城镇,,,0,,,admin_unmatched_or_ambiguous
39799,河源,紫城镇,夏棠行政村,长布村,河源市,紫城镇,,,0,,,admin_unmatched_or_ambiguous
39774,河源,紫城镇,大同行政村,第一村,河源市,紫城镇,,,0,,,admin_unmatched_or_ambiguous
39775,河源,紫城镇,大同行政村,第二村,河源市,紫城镇,,,0,,,admin_unmatched_or_ambiguous
39776,河源,紫城镇,大同行政村,第四村,河源市,紫城镇,,,0,,,admin_unmatched_or_ambiguous
39790,河源,紫城镇,大新行政村,下横村,河源市,紫城镇,,,0,,,admin_unmatched_or_ambiguous
39789,河源,紫城镇,大新行政村,墩心村,河源市,紫城镇,,,0,,,admin_unmatched_or_ambiguous
39788,河源,紫城镇,大新行政村,浮岗村,河源市,紫城镇,,,0,,,admin_unmatched_or_ambiguous
39871,河源,紫城镇,大鲁行政村,中心村,河源市,紫城镇,,,0,,,admin_unmatched_or_ambiguous
39872,河源,紫城镇,大鲁行政村,小鲁村,河源市,紫城镇,,,0,,,admin_unmatched_or_ambiguous
39873,河源,紫城镇,大鲁行政村,格塘村,河源市,紫城镇,,,0,,,admin_unmatched_or_ambiguous
39874,河源,紫城镇,大鲁行政村,红光村,河源市,紫城镇,,,0,,,admin_unmatched_or_ambiguous
39802,河源,紫城镇,安全行政村,上围村,河源市,紫城镇,,,0,,,admin_unmatched_or_ambiguous
39803,河源,紫城镇,安全行政村,下围村,河源市,紫城镇,,,0,,,admin_unmatched_or_ambiguous
39800,河源,紫城镇,安全行政村,庄子村,河源市,紫城镇,,,0,,,admin_unmatched_or_ambiguous
39801,河源,紫城镇,安全行政村,水尾村,河源市,紫城镇,,,0,,,admin_unmatched_or_ambiguous
39831,河源,紫城镇,宝山行政村,先水村,河源市,紫城镇,,,0,,,admin_unmatched_or_ambiguous
39832,河源,紫城镇,宝山行政村,南山村,河源市,紫城镇,,,0,,,admin_unmatched_or_ambiguous
39830,河源,紫城镇,宝山行政村,宝山村,河源市,紫城镇,,,0,,,admin_unmatched_or_ambiguous
39834,河源,紫城镇,宝山行政村,横坑村,河源市,紫城镇,,,0,,,admin_unmatched_or_ambiguous
39833,河源,紫城镇,宝山行政村,社湾村,河源市,紫城镇,,,0,,,admin_unmatched_or_ambiguous
39887,河源,紫城镇,嶂拔行政村,下坪村,河源市,紫城镇,,,0,,,admin_unmatched_or_ambiguous
39886,河源,紫城镇,嶂拔行政村,下角村,河源市,紫城镇,,,0,,,admin_unmatched_or_ambiguous
39888,河源,紫城镇,嶂拔行政村,水口村,河源市,紫城镇,,,0,,,admin_unmatched_or_ambiguous
39889,河源,紫城镇,嶂拔行政村,福兴村,河源市,紫城镇,,,0,,,admin_unmatched_or_ambiguous
39883,河源,紫城镇,庙前行政村,上楼村,河源市,紫城镇,,,0,,,admin_unmatched_or_ambiguous
39884,河源,紫城镇,庙前行政村,定方村,河源市,紫城镇,,,0,,,admin_unmatched_or_ambiguous
39885,河源,紫城镇,庙前行政村,梅坑村,河源市,紫城镇,,,0,,,admin_unmatched_or_ambiguous
39890,河源,紫城镇,拱桥行政村,增村,河源市,紫城镇,,,0,,,admin_unmatched_or_ambiguous
39892,河源,紫城镇,拱桥行政村,拱桥村,河源市,紫城镇,,,0,,,admin_unmatched_or_ambiguous
39891,河源,紫城镇,拱桥行政村,鱼塘村,河源市,紫城镇,,,0,,,admin_unmatched_or_ambiguous
39893,河源,紫城镇,拱桥行政村,龙一村,河源市,紫城镇,,,0,,,admin_unmatched_or_ambiguous
39870,河源,紫城镇,新丰行政村,寨下村,河源市,紫城镇,,,0,,,admin_unmatched_or_ambiguous
39869,河源,紫城镇,新丰行政村,长岭村,河源市,紫城镇,,,0,,,admin_unmatched_or_ambiguous
39783,河源,紫城镇,新民行政村,书房村,河源市,紫城镇,,,0,,,admin_unmatched_or_ambiguous
39782,河源,紫城镇,新民行政村,井头村,河源市,紫城镇,,,0,,,admin_unmatched_or_ambiguous
39781,河源,紫城镇,新民行政村,石陂村,河源市,紫城镇,,,0,,,admin_unmatched_or_ambiguous
39854,河源,紫城镇,方湖行政村,下坝村,河源市,紫城镇,,,0,,,admin_unmatched_or_ambiguous
39853,河源,紫城镇,方湖行政村,大屋村,河源市,紫城镇,,,0,,,admin_unmatched_or_ambiguous
39894,河源,紫城镇,曹坑行政村,下留村,河源市,紫城镇,,,0,,,admin_unmatched_or_ambiguous
39897,河源,紫城镇,曹坑行政村,吉路村,河源市,紫城镇,,,0,,,admin_unmatched_or_ambiguous
39895,河源,紫城镇,曹坑行政村,在角村,河源市,紫城镇,,,0,,,admin_unmatched_or_ambiguous
39896,河源,紫城镇,曹坑行政村,完角村,河源市,紫城镇,,,0,,,admin_unmatched_or_ambiguous
39882,河源,紫城镇,柏埔社区,仓下村,河源市,紫城镇,,,0,,,admin_unmatched_or_ambiguous
39881,河源,紫城镇,柏埔社区,坪围村,河源市,紫城镇,,,0,,,admin_unmatched_or_ambiguous
39880,河源,紫城镇,柏埔社区,靛房下村,河源市,紫城镇,,,0,,,admin_unmatched_or_ambiguous
39786,河源,紫城镇,桥田行政村,下排村,河源市,紫城镇,,,0,,,admin_unmatched_or_ambiguous
39785,河源,紫城镇,桥田行政村,塘心村,河源市,紫城镇,,,0,,,admin_unmatched_or_ambiguous
39784,河源,紫城镇,桥田行政村,红星村,河源市,紫城镇,,,0,,,admin_unmatched_or_ambiguous
39787,河源,紫城镇,桥田行政村,陂尾村,河源市,紫城镇,,,0,,,admin_unmatched_or_ambiguous
39847,河源,紫城镇,梅中行政村,光头村,河源市,紫城镇,,,0,,,admin_unmatched_or_ambiguous
39845,河源,紫城镇,梅中行政村,周屋楼村,河源市,紫城镇,,,0,,,admin_unmatched_or_ambiguous
39846,河源,紫城镇,梅中行政村,梅村,河源市,紫城镇,,,0,,,admin_unmatched_or_ambiguous
39838,河源,紫城镇,永丰行政村,中心村,河源市,紫城镇,,,0,,,admin_unmatched_or_ambiguous
39839,河源,紫城镇,永丰行政村,留金村,河源市,紫城镇,,,0,,,admin_unmatched_or_ambiguous
39649,河源,紫城镇,永安社区,第一街道小组,河源市,紫城镇,,,0,,,admin_unmatched_or_ambiguous
39650,河源,紫城镇,永安社区,第二街道小组,河源市,紫城镇,,,0,,,admin_unmatched_or_ambiguous
39807,河源,紫城镇,汀村行政村,中田村,河源市,紫城镇,,,0,,,admin_unmatched_or_ambiguous
39808,河源,紫城镇,汀村行政村,径尾村,河源市,紫城镇,,,0,,,admin_unmatched_or_ambiguous
39809,河源,紫城镇,汀村行政村,禾上田村,河源市,紫城镇,,,0,,,admin_unmatched_or_ambiguous
39843,河源,紫城镇,洋坑行政村,均田村,河源市,紫城镇,,,0,,,admin_unmatched_or_ambiguous
39840,河源,紫城镇,洋坑行政村,坑口村,河源市,紫城镇,,,0,,,admin_unmatched_or_ambiguous
39844,河源,紫城镇,洋坑行政村,坑尾村,河源市,紫城镇,,,0,,,admin_unmatched_or_ambiguous
39841,河源,紫城镇,洋坑行政村,大水坑村,河源市,紫城镇,,,0,,,admin_unmatched_or_ambiguous
39842,河源,紫城镇,洋坑行政村,连塘村,河源市,紫城镇,,,0,,,admin_unmatched_or_ambiguous
39926,河源,紫城镇,澄田行政村,先锋村,河源市,紫城镇,,,0,,,admin_unmatched_or_ambiguous
39925,河源,紫城镇,澄田行政村,大光村,河源市,紫城镇,,,0,,,admin_unmatched_or_ambiguous
39928,河源,紫城镇,澄田行政村,太平村,河源市,紫城镇,,,0,,,admin_unmatched_or_ambiguous
39927,河源,紫城镇,澄田行政村,红光村,河源市,紫城镇,,,0,,,admin_unmatched_or_ambiguous
39850,河源,紫城镇,福田行政村,下魁田村,河源市,紫城镇,,,0,,,admin_unmatched_or_ambiguous
39849,河源,紫城镇,福田行政村,山下桥头村,河源市,紫城镇,,,0,,,admin_unmatched_or_ambiguous
39848,河源,紫城镇,福田行政村,排巷高顿村,河源市,紫城镇,,,0,,,admin_unmatched_or_ambiguous
39852,河源,紫城镇,福田行政村,瓦厂上坪村,河源市,紫城镇,,,0,,,admin_unmatched_or_ambiguous
39851,河源,紫城镇,福田行政村,老一队村,河源市,紫城镇,,,0,,,admin_unmatched_or_ambiguous
39856,河源,紫城镇,群星行政村,上庄村,河源市,紫城镇,,,0,,,admin_unmatched_or_ambiguous
39855,河源,紫城镇,群星行政村,下庄村,河源市,紫城镇,,,0,,,admin_unmatched_or_ambiguous
39857,河源,紫城镇,群星行政村,官田村,河源市,紫城镇,,,0,,,admin_unmatched_or_ambiguous
39858,河源,紫城镇,群星行政村,水背村,河源市,紫城镇,,,0,,,admin_unmatched_or_ambiguous
39824,河源,紫城镇,联光行政村,善光村,河源市,紫城镇,,,0,,,admin_unmatched_or_ambiguous
39825,河源,紫城镇,联光行政村,田心村,河源市,紫城镇,,,0,,,admin_unmatched_or_ambiguous
39826,河源,紫城镇,联光行政村,联和村,河源市,紫城镇,,,0,,,admin_unmatched_or_ambiguous
39823,河源,紫城镇,联光行政村,蒋洞村,河源市,紫城镇,,,0,,,admin_unmatched_or_ambiguous
39919,河源,紫城镇,腊石行政村,中心村,河源市,紫城镇,,,0,,,admin_unmatched_or_ambiguous
39915,河源,紫城镇,腊石行政村,刁坑村,河源市,紫城镇,,,0,,,admin_unmatched_or_ambiguous
39916,河源,紫城镇,腊石行政村,大新村,河源市,紫城镇,,,0,,,admin_unmatched_or_ambiguous
39918,河源,紫城镇,腊石行政村,杨梅村,河源市,紫城镇,,,0,,,admin_unmatched_or_ambiguous
39917,河源,紫城镇,腊石行政村,福田村,河源市,紫城镇,,,0,,,admin_unmatched_or_ambiguous
39859,河源,紫城镇,良洞行政村,墩头村,河源市,紫城镇,,,0,,,admin_unmatched_or_ambiguous
39860,河源,紫城镇,良洞行政村,立新村,河源市,紫城镇,,,0,,,admin_unmatched_or_ambiguous
39861,河源,紫城镇,良洞行政村,红丰村,河源市,紫城镇,,,0,,,admin_unmatched_or_ambiguous
39862,河源,紫城镇,良洞行政村,群丰村,河源市,紫城镇,,,0,,,admin_unmatched_or_ambiguous
39835,河源,紫城镇,西平行政村,公田村,河源市,紫城镇,,,0,,,admin_unmatched_or_ambiguous
39837,河源,紫城镇,西平行政村,暗径村,河源市,紫城镇,,,0,,,admin_unmatched_or_ambiguous
39836,河源,紫城镇,西平行政村,石下排村,河源市,紫城镇,,,0,,,admin_unmatched_or_ambiguous
39904,河源,紫城镇,车前行政村,合水村,河源市,紫城镇,,,0,,,admin_unmatched_or_ambiguous
39903,河源,紫城镇,车前行政村,围洞村,河源市,紫城镇,,,0,,,admin_unmatched_or_ambiguous
39905,河源,紫城镇,车前行政村,小水村,河源市,紫城镇,,,0,,,admin_unmatched_or_ambiguous
39902,河源,紫城镇,车前行政村,水口村,河源市,紫城镇,,,0,,,admin_unmatched_or_ambiguous
39651,河源,紫城镇,通惠社区,米行街小组,河源市,紫城镇,,,0,,,admin_unmatched_or_ambiguous
39924,河源,紫城镇,锦口行政村,下坝村,河源市,紫城镇,,,0,,,admin_unmatched_or_ambiguous
39920,河源,紫城镇,锦口行政村,吉水村,河源市,紫城镇,,,0,,,admin_unmatched_or_ambiguous
39923,河源,紫城镇,锦口行政村,宝胜村,河源市,紫城镇,,,0,,,admin_unmatched_or_ambiguous
39921,河源,紫城镇,锦口行政村,湾塘村,河源市,紫城镇,,,0,,,admin_unmatched_or_ambiguous
39922,河源,紫城镇,锦口行政村,青围村,河源市,紫城镇,,,0,,,admin_unmatched_or_ambiguous
39908,河源,紫城镇,长岌行政村,大全村,河源市,紫城镇,,,0,,,admin_unmatched_or_ambiguous
39909,河源,紫城镇,长岌行政村,柏田村,河源市,紫城镇,,,0,,,admin_unmatched_or_ambiguous
39907,河源,紫城镇,长岌行政村,河背村,河源市,紫城镇,,,0,,,admin_unmatched_or_ambiguous
39906,河源,紫城镇,长岌行政村,泗平村,河源市,紫城镇,,,0,,,admin_unmatched_or_ambiguous
39663,河源,紫城镇,附城社区,杨西居民小组,河源市,紫城镇,,,0,,,admin_unmatched_or_ambiguous
39822,河源,紫城镇,青水行政村,瓦角村,河源市,紫城镇,,,0,,,admin_unmatched_or_ambiguous
39821,河源,紫城镇,青水行政村,石岭村,河源市,紫城镇,,,0,,,admin_unmatched_or_ambiguous
39791,河源,紫城镇,黄洞行政村,黄洞村,河源市,紫城镇,,,0,,,admin_unmatched_or_ambiguous
39814,河源,紫城镇,龙腾行政村,中心村,河源市,紫城镇,,,0,,,admin_unmatched_or_ambiguous
39813,河源,紫城镇,龙腾行政村,学联村,河源市,紫城镇,,,0,,,admin_unmatched_or_ambiguous
38100,河源,紫市镇,民乐东行政村,博丰村,河源市,紫市镇,,,0,,,admin_unmatched_or_ambiguous
38102,河源,紫市镇,民乐东行政村,塘角村,河源市,紫市镇,,,0,,,admin_unmatched_or_ambiguous
38101,河源,紫市镇,民乐东行政村,黎光村,河源市,紫市镇,,,0,,,admin_unmatched_or_ambiguous
38103,河源,紫市镇,民乐西行政村,船亨村,河源市,紫市镇,,,0,,,admin_unmatched_or_ambiguous
40293,河源,绣缎镇,塔岭行政村,上正村,河源市,绣缎镇,,,0,,,admin_unmatched_or_ambiguous
40291,河源,绣缎镇,塔岭行政村,大田村,河源市,绣缎镇,,,0,,,admin_unmatched_or_ambiguous
40292,河源,绣缎镇,塔岭行政村,湖尾呂村,河源市,绣缎镇,,,0,,,admin_unmatched_or_ambiguous
38158,河源,超全廻龙镇,罗西行政村,上篮村,河源市,廻龙镇,,,0,,,admin_unmatched_or_ambiguous
38156,河源,超全廻龙镇,罗西行政村,吉仙村,河源市,廻龙镇,,,0,,,admin_unmatched_or_ambiguous
38157,河源,超全廻龙镇,罗西行政村,坑尾村,河源市,廻龙镇,,,0,,,admin_unmatched_or_ambiguous
38434,河源,超全粤叶潭镇,儒轝行政村,上坑村,河源市,叶潭镇,,,0,,,admin_unmatched_or_ambiguous
38438,河源,超全粤叶潭镇,儒轝行政村,下围村,河源市,叶潭镇,,,0,,,admin_unmatched_or_ambiguous
38437,河源,超全粤叶潭镇,儒轝行政村,下坑村,河源市,叶潭镇,,,0,,,admin_unmatched_or_ambiguous
38439,河源,超全粤叶潭镇,儒轝行政村,余墩村,河源市,叶潭镇,,,0,,,admin_unmatched_or_ambiguous
38435,河源,超全粤叶潭镇,儒轝行政村,水口村,河源市,叶潭镇,,,0,,,admin_unmatched_or_ambiguous
38433,河源,超全粤叶潭镇,儒轝行政村,福星村,河源市,叶潭镇,,,0,,,admin_unmatched_or_ambiguous
38436,河源,超全粤叶潭镇,儒轝行政村,黄龙坑村,河源市,叶潭镇,,,0,,,admin_unmatched_or_ambiguous
38488,河源,超全粤叶潭镇,街镇社区,仙客洞村,河源市,叶潭镇,,,0,,,admin_unmatched_or_ambiguous
38489,河源,超全粤叶潭镇,街镇社区,小坑村,河源市,叶潭镇,,,0,,,admin_unmatched_or_ambiguous
38491,河源,超全粤叶潭镇,街镇社区,崎嶂中心村,河源市,叶潭镇,,,0,,,admin_unmatched_or_ambiguous
38485,河源,超全粤叶潭镇,街镇社区,格坑村,河源市,叶潭镇,,,0,,,admin_unmatched_or_ambiguous
38487,河源,超全粤叶潭镇,街镇社区,泮塘村,河源市,叶潭镇,,,0,,,admin_unmatched_or_ambiguous
38490,河源,超全粤叶潭镇,街镇社区,移民村,河源市,叶潭镇,,,0,,,admin_unmatched_or_ambiguous
38486,河源,超全粤叶潭镇,街镇社区,箭坑村,河源市,叶潭镇,,,0,,,admin_unmatched_or_ambiguous
38187,河源,超全黎咀镇,和轝行政村,和一村,河源市,黎咀镇,,,0,,,admin_unmatched_or_ambiguous
38186,河源,超全黎咀镇,和轝行政村,和三村,河源市,黎咀镇,,,0,,,admin_unmatched_or_ambiguous
38185,河源,超全黎咀镇,和轝行政村,和二村,河源市,黎咀镇,,,0,,,admin_unmatched_or_ambiguous
39244,河源,锡场镇,锡场街镇社区,横石村,河源市,锡场镇,,,0,,,admin_unmatched_or_ambiguous
41349,河源,青州镇,船埠行政村,上围村,河源市,青州镇,,,0,,,admin_unmatched_or_ambiguous
41350,河源,青州镇,船埠行政村,对门九队村,河源市,青州镇,,,0,,,admin_unmatched_or_ambiguous
23532,清远,三坑镇,泣塘行政村,上村,清远市,三坑镇,,,0,,,admin_unmatched_or_ambiguous
23533,清远,三坑镇,泣塘行政村,土元村,清远市,三坑镇,,,0,,,admin_unmatched_or_ambiguous
23531,清远,三坑镇,泣塘行政村,大路村,清远市,三坑镇,,,0,,,admin_unmatched_or_ambiguous
23534,清远,三坑镇,泣塘行政村,实口街,清远市,三坑镇,,,0,,,admin_unmatched_or_ambiguous
23538,清远,三坑镇,泣塘行政村,庙仔村,清远市,三坑镇,,,0,,,admin_unmatched_or_ambiguous
23539,清远,三坑镇,泣塘行政村,新一村,清远市,三坑镇,,,0,,,admin_unmatched_or_ambiguous
23540,清远,三坑镇,泣塘行政村,新二村,清远市,三坑镇,,,0,,,admin_unmatched_or_ambiguous
23542,清远,三坑镇,泣塘行政村,新五村,清远市,三坑镇,,,0,,,admin_unmatched_or_ambiguous
23541,清远,三坑镇,泣塘行政村,新四村,清远市,三坑镇,,,0,,,admin_unmatched_or_ambiguous
23535,清远,三坑镇,泣塘行政村,松岗村,清远市,三坑镇,,,0,,,admin_unmatched_or_ambiguous
23537,清远,三坑镇,泣塘行政村,河汾村,清远市,三坑镇,,,0,,,admin_unmatched_or_ambiguous
23536,清远,三坑镇,泣塘行政村,白沙村,清远市,三坑镇,,,0,,,admin_unmatched_or_ambiguous
23530,清远,三坑镇,泣塘行政村,竹林村,清远市,三坑镇,,,0,,,admin_unmatched_or_ambiguous
23399,清远,三坑镇,泣崑行政村,大成村,清远市,三坑镇,,,0,,,admin_unmatched_or_ambiguous
23402,清远,三坑镇,泣崑行政村,姓范村,清远市,三坑镇,,,0,,,admin_unmatched_or_ambiguous
23407,清远,三坑镇,泣崑行政村,新屋村,清远市,三坑镇,,,0,,,admin_unmatched_or_ambiguous
23403,清远,三坑镇,泣崑行政村,新禾寮村,清远市,三坑镇,,,0,,,admin_unmatched_or_ambiguous
23406,清远,三坑镇,泣崑行政村,杨梅坑村,清远市,三坑镇,,,0,,,admin_unmatched_or_ambiguous
23404,清远,三坑镇,泣崑行政村,湖秋崑村,清远市,三坑镇,,,0,,,admin_unmatched_or_ambiguous
23405,清远,三坑镇,泣崑行政村,灌崑村,清远市,三坑镇,,,0,,,admin_unmatched_or_ambiguous
23397,清远,三坑镇,泣崑行政村,田寮岗村,清远市,三坑镇,,,0,,,admin_unmatched_or_ambiguous
23400,清远,三坑镇,泣崑行政村,红岗村,清远市,三坑镇,,,0,,,admin_unmatched_or_ambiguous
23408,清远,三坑镇,泣崑行政村,红星村,清远市,三坑镇,,,0,,,admin_unmatched_or_ambiguous
23401,清远,三坑镇,泣崑行政村,花三村,清远市,三坑镇,,,0,,,admin_unmatched_or_ambiguous
23398,清远,三坑镇,泣崑行政村,马头村,清远市,三坑镇,,,0,,,admin_unmatched_or_ambiguous
23409,清远,三坑镇,泣崑行政村,黄坑村,清远市,三坑镇,,,0,,,admin_unmatched_or_ambiguous
30314,清远,上帅镇,香寮行政村,中龙村,清远市,上帅镇,,,0,,,admin_unmatched_or_ambiguous
30307,清远,上帅镇,香寮行政村,国冲村,清远市,上帅镇,,,0,,,admin_unmatched_or_ambiguous
30308,清远,上帅镇,香寮行政村,墩头村,清远市,上帅镇,,,0,,,admin_unmatched_or_ambiguous
30306,清远,上帅镇,香寮行政村,岭坪村,清远市,上帅镇,,,0,,,admin_unmatched_or_ambiguous
30312,清远,上帅镇,香寮行政村,新兴村,清远市,上帅镇,,,0,,,admin_unmatched_or_ambiguous
30315,清远,上帅镇,香寮行政村,木椀村,清远市,上帅镇,,,0,,,admin_unmatched_or_ambiguous
30310,清远,上帅镇,香寮行政村,河背村,清远市,上帅镇,,,0,,,admin_unmatched_or_ambiguous
30313,清远,上帅镇,香寮行政村,洞仔村,清远市,上帅镇,,,0,,,admin_unmatched_or_ambiguous
30316,清远,上帅镇,香寮行政村,田心村,清远市,上帅镇,,,0,,,admin_unmatched_or_ambiguous
30309,清远,上帅镇,香寮行政村,长冲村,清远市,上帅镇,,,0,,,admin_unmatched_or_ambiguous
30311,清远,上帅镇,香寮行政村,香寮村,清远市,上帅镇,,,0,,,admin_unmatched_or_ambiguous
28992,清远,下钛镇,上行政村,南屋村,清远市,,,,0,,,town_unmatched
28994,清远,下钛镇,上行政村,石屋村,清远市,,,,0,,,town_unmatched
28990,清远,下钛镇,上行政村,碓子垄村,清远市,,,,0,,,town_unmatched
28993,清远,下钛镇,上行政村,稔坑村,清远市,,,,0,,,town_unmatched
28991,清远,下钛镇,上行政村,老围村,清远市,,,,0,,,town_unmatched
28997,清远,下钛镇,下社区,下硕围村,清远市,,,,0,,,town_unmatched
28995,清远,下钛镇,下社区,白芒冲村,清远市,,,,0,,,town_unmatched
28996,清远,下钛镇,下社区,细墩村,清远市,,,,0,,,town_unmatched
28981,清远,下钛镇,沙岗行政村,上流村,清远市,,,,0,,,town_unmatched
28985,清远,下钛镇,沙岗行政村,下围村,清远市,,,,0,,,town_unmatched
28984,清远,下钛镇,沙岗行政村,下流村,清远市,,,,0,,,town_unmatched
28974,清远,下钛镇,沙岗行政村,何屋村,清远市,,,,0,,,town_unmatched
28987,清远,下钛镇,沙岗行政村,园长坑村,清远市,,,,0,,,town_unmatched
28980,清远,下钛镇,沙岗行政村,坪石村,清远市,,,,0,,,town_unmatched
28986,清远,下钛镇,沙岗行政村,新屋村,清远市,,,,0,,,town_unmatched
28988,清远,下钛镇,沙岗行政村,正顺田村,清远市,,,,0,,,town_unmatched
28983,清远,下钛镇,沙岗行政村,瓦子丘村,清远市,,,,0,,,town_unmatched
28982,清远,下钛镇,沙岗行政村,田心村,清远市,,,,0,,,town_unmatched
28989,清远,下钛镇,沙岗行政村,竹头下村,清远市,,,,0,,,town_unmatched
28975,清远,下钛镇,沙岗行政村,红光村,清远市,,,,0,,,town_unmatched
28976,清远,下钛镇,沙岗行政村,红楼村,清远市,,,,0,,,town_unmatched
28973,清远,下钛镇,沙岗行政村,赤岭村,清远市,,,,0,,,town_unmatched
28978,清远,下钛镇,沙岗行政村,迳子村,清远市,,,,0,,,town_unmatched
28979,清远,下钛镇,沙岗行政村,马子石村,清远市,,,,0,,,town_unmatched
28977,清远,下钛镇,沙岗行政村,鸡岭村,清远市,,,,0,,,town_unmatched
28961,清远,下钛镇,灯塔行政村,坪仔村,清远市,,,,0,,,town_unmatched
28965,清远,下钛镇,灯塔行政村,小迳村,清远市,,,,0,,,town_unmatched
28960,清远,下钛镇,灯塔行政村,楼下村,清远市,,,,0,,,town_unmatched
28962,清远,下钛镇,灯塔行政村,石角村,清远市,,,,0,,,town_unmatched
28963,清远,下钛镇,灯塔行政村,石颈村,清远市,,,,0,,,town_unmatched
28964,清远,下钛镇,灯塔行政村,窝仔村,清远市,,,,0,,,town_unmatched
28959,清远,下钛镇,灯塔行政村,蕉坝村,清远市,,,,0,,,town_unmatched
28970,清远,下钛镇,高洞行政村,岭排村,清远市,,,,0,,,town_unmatched
28972,清远,下钛镇,高洞行政村,新车村,清远市,,,,0,,,town_unmatched
28968,清远,下钛镇,高洞行政村,湖洞村,清远市,,,,0,,,town_unmatched
28966,清远,下钛镇,高洞行政村,白石村,清远市,,,,0,,,town_unmatched
28971,清远,下钛镇,高洞行政村,石猪斗村,清远市,,,,0,,,town_unmatched
28969,清远,下钛镇,高洞行政村,苦竹村,清远市,,,,0,,,town_unmatched
28967,清远,下钛镇,高洞行政村,茶坑村,清远市,,,,0,,,town_unmatched
26273,清远,九陂镇,双塘行政村,下杨村,清远市,九陂镇,,,0,,,admin_unmatched_or_ambiguous
26274,清远,九陂镇,双塘行政村,中心村,清远市,九陂镇,,,0,,,admin_unmatched_or_ambiguous
26272,清远,九陂镇,双塘行政村,大窝村,清远市,九陂镇,,,0,,,admin_unmatched_or_ambiguous
26276,清远,九陂镇,双塘行政村,烟厂村,清远市,九陂镇,,,0,,,admin_unmatched_or_ambiguous
26278,清远,九陂镇,双塘行政村,石龙村,清远市,九陂镇,,,0,,,admin_unmatched_or_ambiguous
26277,清远,九陂镇,双塘行政村,老厂村,清远市,九陂镇,,,0,,,admin_unmatched_or_ambiguous
26275,清远,九陂镇,双塘行政村,陈屋村,清远市,九陂镇,,,0,,,admin_unmatched_or_ambiguous
29162,清远,储粤大站镇,景头行政村,上巫村,清远市,大站镇,,,0,,,admin_unmatched_or_ambiguous
29161,清远,储粤大站镇,景头行政村,上莫村,清远市,大站镇,,,0,,,admin_unmatched_or_ambiguous
29168,清远,储粤大站镇,景头行政村,下巫村,清远市,大站镇,,,0,,,admin_unmatched_or_ambiguous
29167,清远,储粤大站镇,景头行政村,下莫村,清远市,大站镇,,,0,,,admin_unmatched_or_ambiguous
29164,清远,储粤大站镇,景头行政村,书房村,清远市,大站镇,,,0,,,admin_unmatched_or_ambiguous
29147,清远,储粤大站镇,景头行政村,佰公坛村,清远市,大站镇,,,0,,,admin_unmatched_or_ambiguous
29158,清远,储粤大站镇,景头行政村,卢屋村,清远市,大站镇,,,0,,,admin_unmatched_or_ambiguous
29152,清远,储粤大站镇,景头行政村,古楼村,清远市,大站镇,,,0,,,admin_unmatched_or_ambiguous
29151,清远,储粤大站镇,景头行政村,大塘边村,清远市,大站镇,,,0,,,admin_unmatched_or_ambiguous
29150,清远,储粤大站镇,景头行政村,大楼村,清远市,大站镇,,,0,,,admin_unmatched_or_ambiguous
29149,清远,储粤大站镇,景头行政村,大角村,清远市,大站镇,,,0,,,admin_unmatched_or_ambiguous
29166,清远,储粤大站镇,景头行政村,太屋元村,清远市,大站镇,,,0,,,admin_unmatched_or_ambiguous
29160,清远,储粤大站镇,景头行政村,平公村,清远市,大站镇,,,0,,,admin_unmatched_or_ambiguous
29169,清远,储粤大站镇,景头行政村,新屋村,清远市,大站镇,,,0,,,admin_unmatched_or_ambiguous
29155,清远,储粤大站镇,景头行政村,旧屋村,清远市,大站镇,,,0,,,admin_unmatched_or_ambiguous
29156,清远,储粤大站镇,景头行政村,榄树下村,清远市,大站镇,,,0,,,admin_unmatched_or_ambiguous
29163,清远,储粤大站镇,景头行政村,石桥元村,清远市,大站镇,,,0,,,admin_unmatched_or_ambiguous
29157,清远,储粤大站镇,景头行政村,笋竹塘村,清远市,大站镇,,,0,,,admin_unmatched_or_ambiguous
29148,清远,储粤大站镇,景头行政村,背底门村,清远市,大站镇,,,0,,,admin_unmatched_or_ambiguous
29165,清远,储粤大站镇,景头行政村,苏屋村,清远市,大站镇,,,0,,,admin_unmatched_or_ambiguous
29153,清远,储粤大站镇,景头行政村,虎头岭村,清远市,大站镇,,,0,,,admin_unmatched_or_ambiguous
29159,清远,储粤大站镇,景头行政村,那边园村,清远市,大站镇,,,0,,,admin_unmatched_or_ambiguous
29154,清远,储粤大站镇,景头行政村,黄珠塘村,清远市,大站镇,,,0,,,admin_unmatched_or_ambiguous
29017,清远,储粤大站镇,莱洲行政村,上围村,清远市,大站镇,,,0,,,admin_unmatched_or_ambiguous
29016,清远,储粤大站镇,莱洲行政村,上塘仔村,清远市,大站镇,,,0,,,admin_unmatched_or_ambiguous
29015,清远,储粤大站镇,莱洲行政村,上楼村,清远市,大站镇,,,0,,,admin_unmatched_or_ambiguous
29024,清远,储粤大站镇,莱洲行政村,下围村,清远市,大站镇,,,0,,,admin_unmatched_or_ambiguous
29022,清远,储粤大站镇,莱洲行政村,下圾村,清远市,大站镇,,,0,,,admin_unmatched_or_ambiguous
29023,清远,储粤大站镇,莱洲行政村,下寮村,清远市,大站镇,,,0,,,admin_unmatched_or_ambiguous
29025,清远,储粤大站镇,莱洲行政村,仙塘角一村,清远市,大站镇,,,0,,,admin_unmatched_or_ambiguous
29026,清远,储粤大站镇,莱洲行政村,仙塘角二村,清远市,大站镇,,,0,,,admin_unmatched_or_ambiguous
29010,清远,储粤大站镇,莱洲行政村,古亩村,清远市,大站镇,,,0,,,admin_unmatched_or_ambiguous
29027,清远,储粤大站镇,莱洲行政村,巷口村,清远市,大站镇,,,0,,,admin_unmatched_or_ambiguous
29028,清远,储粤大站镇,莱洲行政村,新塘村,清远市,大站镇,,,0,,,admin_unmatched_or_ambiguous
29018,清远,储粤大站镇,莱洲行政村,松树孔村,清远市,大站镇,,,0,,,admin_unmatched_or_ambiguous
29014,清远,储粤大站镇,莱洲行政村,欧村,清远市,大站镇,,,0,,,admin_unmatched_or_ambiguous
29020,清远,储粤大站镇,莱洲行政村,獭塘村,清远市,大站镇,,,0,,,admin_unmatched_or_ambiguous
29021,清远,储粤大站镇,莱洲行政村,田心村,清远市,大站镇,,,0,,,admin_unmatched_or_ambiguous
29030,清远,储粤大站镇,莱洲行政村,竹厂村,清远市,大站镇,,,0,,,admin_unmatched_or_ambiguous
29009,清远,储粤大站镇,莱洲行政村,肥鱼塘村,清远市,大站镇,,,0,,,admin_unmatched_or_ambiguous
29011,清远,储粤大站镇,莱洲行政村,胡屋村,清远市,大站镇,,,0,,,admin_unmatched_or_ambiguous
29019,清远,储粤大站镇,莱洲行政村,苏屋村,清远市,大站镇,,,0,,,admin_unmatched_or_ambiguous
29012,清远,储粤大站镇,莱洲行政村,蓝屋村,清远市,大站镇,,,0,,,admin_unmatched_or_ambiguous
29029,清远,储粤大站镇,莱洲行政村,钟屋村,清远市,大站镇,,,0,,,admin_unmatched_or_ambiguous
29013,清远,储粤大站镇,莱洲行政村,门口湾村,清远市,大站镇,,,0,,,admin_unmatched_or_ambiguous
22943,清远,全太和镇,滘星行政村,滘星三村,清远市,太和镇,,,0,,,admin_unmatched_or_ambiguous
22942,清远,全太和镇,滘星行政村,滘星二村,清远市,太和镇,,,0,,,admin_unmatched_or_ambiguous
22944,清远,全太和镇,滘星行政村,滘星四村,清远市,太和镇,,,0,,,admin_unmatched_or_ambiguous
22946,清远,全太和镇,滘星行政村,罗白湾村,清远市,太和镇,,,0,,,admin_unmatched_or_ambiguous
22945,清远,全太和镇,滘星行政村,金钗岗村,清远市,太和镇,,,0,,,admin_unmatched_or_ambiguous
24409,清远,全浸潭镇,丁坑行政村,丁坑村,清远市,浸潭镇,,,0,,,admin_unmatched_or_ambiguous
24410,清远,全浸潭镇,丁坑行政村,桥头村,清远市,浸潭镇,,,0,,,admin_unmatched_or_ambiguous
24408,清远,全浸潭镇,丁坑行政村,陂头村,清远市,浸潭镇,,,0,,,admin_unmatched_or_ambiguous
24411,清远,全浸潭镇,崑口行政村,大堤村,清远市,浸潭镇,,,0,,,admin_unmatched_or_ambiguous
24412,清远,全浸潭镇,崑口行政村,大塘村,清远市,浸潭镇,,,0,,,admin_unmatched_or_ambiguous
24415,清远,全浸潭镇,崑口行政村,松柏肖村,清远市,浸潭镇,,,0,,,admin_unmatched_or_ambiguous
24414,清远,全浸潭镇,崑口行政村,肖口村,清远市,浸潭镇,,,0,,,admin_unmatched_or_ambiguous
24413,清远,全浸潭镇,崑口行政村,高洞控村,清远市,浸潭镇,,,0,,,admin_unmatched_or_ambiguous
24379,清远,全浸潭镇,龙须带水库移民行政村,新建村,清远市,浸潭镇,,,0,,,admin_unmatched_or_ambiguous
24378,清远,全浸潭镇,龙须带水库移民行政村,新村,清远市,浸潭镇,,,0,,,admin_unmatched_or_ambiguous
24370,清远,全浸潭镇,龙须带水库移民行政村,枫树松村,清远市,浸潭镇,,,0,,,admin_unmatched_or_ambiguous
24369,清远,全浸潭镇,龙须带水库移民行政村,枫树连村,清远市,浸潭镇,,,0,,,admin_unmatched_or_ambiguous
24371,清远,全浸潭镇,龙须带水库移民行政村,柑仔塘村,清远市,浸潭镇,,,0,,,admin_unmatched_or_ambiguous
24372,清远,全浸潭镇,龙须带水库移民行政村,横畔村,清远市,浸潭镇,,,0,,,admin_unmatched_or_ambiguous
24373,清远,全浸潭镇,龙须带水库移民行政村,湖地坪村,清远市,浸潭镇,,,0,,,admin_unmatched_or_ambiguous
24376,清远,全浸潭镇,龙须带水库移民行政村,牛一村,清远市,浸潭镇,,,0,,,admin_unmatched_or_ambiguous
24374,清远,全浸潭镇,龙须带水库移民行政村,牛二村,清远市,浸潭镇,,,0,,,admin_unmatched_or_ambiguous
24375,清远,全浸潭镇,龙须带水库移民行政村,牛迳村,清远市,浸潭镇,,,0,,,admin_unmatched_or_ambiguous
24377,清远,全浸潭镇,龙须带水库移民行政村,田夫仔村,清远市,浸潭镇,,,0,,,admin_unmatched_or_ambiguous
26833,清远,全精粤龙坪镇,元璧行政村,东门口村,清远市,龙坪镇,,,0,,,admin_unmatched_or_ambiguous
26832,清远,全精粤龙坪镇,元璧行政村,塘基头村,清远市,龙坪镇,,,0,,,admin_unmatched_or_ambiguous
26831,清远,全精粤龙坪镇,元璧行政村,新门楼村,清远市,龙坪镇,,,0,,,admin_unmatched_or_ambiguous
26835,清远,全精粤龙坪镇,元璧行政村,蔡屋村,清远市,龙坪镇,,,0,,,admin_unmatched_or_ambiguous
26834,清远,全精粤龙坪镇,元璧行政村,镇龙门村,清远市,龙坪镇,,,0,,,admin_unmatched_or_ambiguous
25532,清远,全龙塘镇,凤城街道古城社区,东岗村,清远市,龙塘镇,,,0,,,admin_unmatched_or_ambiguous
25538,清远,全龙塘镇,凤城街道古城社区,周欧围村,清远市,龙塘镇,,,0,,,admin_unmatched_or_ambiguous
25536,清远,全龙塘镇,凤城街道古城社区,团结村,清远市,龙塘镇,,,0,,,admin_unmatched_or_ambiguous
25537,清远,全龙塘镇,凤城街道古城社区,新围村,清远市,龙塘镇,,,0,,,admin_unmatched_or_ambiguous
25533,清远,全龙塘镇,凤城街道古城社区,梁围村,清远市,龙塘镇,,,0,,,admin_unmatched_or_ambiguous
25534,清远,全龙塘镇,凤城街道古城社区,罗宅刘园村,清远市,龙塘镇,,,0,,,admin_unmatched_or_ambiguous
25535,清远,全龙塘镇,凤城街道古城社区,麦围村,清远市,龙塘镇,,,0,,,admin_unmatched_or_ambiguous
25548,清远,全龙塘镇,清郊社区,后岗一村,清远市,龙塘镇,,,0,,,admin_unmatched_or_ambiguous
25550,清远,全龙塘镇,清郊社区,后岗三村,清远市,龙塘镇,,,0,,,admin_unmatched_or_ambiguous
25549,清远,全龙塘镇,清郊社区,后岗二村,清远市,龙塘镇,,,0,,,admin_unmatched_or_ambiguous
25547,清远,全龙塘镇,清郊社区,岗背村,清远市,龙塘镇,,,0,,,admin_unmatched_or_ambiguous
25552,清远,全龙塘镇,清郊社区,朱围一村,清远市,龙塘镇,,,0,,,admin_unmatched_or_ambiguous
25553,清远,全龙塘镇,清郊社区,朱围二村,清远市,龙塘镇,,,0,,,admin_unmatched_or_ambiguous
25551,清远,全龙塘镇,清郊社区,石坑村,清远市,龙塘镇,,,0,,,admin_unmatched_or_ambiguous
25545,清远,全龙塘镇,田龙社区,上高寮村,清远市,龙塘镇,,,0,,,admin_unmatched_or_ambiguous
25542,清远,全龙塘镇,田龙社区,南屋围一村,清远市,龙塘镇,,,0,,,admin_unmatched_or_ambiguous
25544,清远,全龙塘镇,田龙社区,南屋围三村,清远市,龙塘镇,,,0,,,admin_unmatched_or_ambiguous
25543,清远,全龙塘镇,田龙社区,南屋围二村,清远市,龙塘镇,,,0,,,admin_unmatched_or_ambiguous
25539,清远,全龙塘镇,田龙社区,大围村,清远市,龙塘镇,,,0,,,admin_unmatched_or_ambiguous
25540,清远,全龙塘镇,田龙社区,开低围一村,清远市,龙塘镇,,,0,,,admin_unmatched_or_ambiguous
25541,清远,全龙塘镇,田龙社区,开低围二村,清远市,龙塘镇,,,0,,,admin_unmatched_or_ambiguous
25546,清远,全龙塘镇,田龙社区,望天狮村,清远市,龙塘镇,,,0,,,admin_unmatched_or_ambiguous
29879,清远,大崑镇,东坑行政村,东坑村,清远市,大崀镇,,,0,,,admin_unmatched_or_ambiguous
29882,清远,大崑镇,东坑行政村,保耳洞村,清远市,大崀镇,,,0,,,admin_unmatched_or_ambiguous
29881,清远,大崑镇,东坑行政村,党仔坑村,清远市,大崀镇,,,0,,,admin_unmatched_or_ambiguous
29883,清远,大崑镇,东坑行政村,大禾洞村,清远市,大崀镇,,,0,,,admin_unmatched_or_ambiguous
29885,清远,大崑镇,东坑行政村,深坑村,清远市,大崀镇,,,0,,,admin_unmatched_or_ambiguous
29880,清远,大崑镇,东坑行政村,田洞村,清远市,大崀镇,,,0,,,admin_unmatched_or_ambiguous
29878,清远,大崑镇,东坑行政村,石离磅村,清远市,大崀镇,,,0,,,admin_unmatched_or_ambiguous
29884,清远,大崑镇,东坑行政村,黄姜坪村,清远市,大崀镇,,,0,,,admin_unmatched_or_ambiguous
29868,清远,大崑镇,五元行政村,上洞一村,清远市,大崀镇,,,0,,,admin_unmatched_or_ambiguous
29869,清远,大崑镇,五元行政村,上洞二村,清远市,大崀镇,,,0,,,admin_unmatched_or_ambiguous
29874,清远,大崑镇,五元行政村,大水冲村,清远市,大崀镇,,,0,,,admin_unmatched_or_ambiguous
29870,清远,大崑镇,五元行政村,打铁墩村,清远市,大崀镇,,,0,,,admin_unmatched_or_ambiguous
29872,清远,大崑镇,五元行政村,楼角村,清远市,大崀镇,,,0,,,admin_unmatched_or_ambiguous
29871,清远,大崑镇,五元行政村,横路田村,清远市,大崀镇,,,0,,,admin_unmatched_or_ambiguous
29877,清远,大崑镇,五元行政村,沙坪村,清远市,大崀镇,,,0,,,admin_unmatched_or_ambiguous
29875,清远,大崑镇,五元行政村,清水村,清远市,大崀镇,,,0,,,admin_unmatched_or_ambiguous
29876,清远,大崑镇,五元行政村,蛤仔村,清远市,大崀镇,,,0,,,admin_unmatched_or_ambiguous
29873,清远,大崑镇,五元行政村,黄屋村,清远市,大崀镇,,,0,,,admin_unmatched_or_ambiguous
29859,清远,大崑镇,大坳行政村,大坳村,清远市,大崀镇,,,0,,,admin_unmatched_or_ambiguous
29862,清远,大崑镇,大坳行政村,安家水村,清远市,大崀镇,,,0,,,admin_unmatched_or_ambiguous
29860,清远,大崑镇,大坳行政村,桥坑村,清远市,大崀镇,,,0,,,admin_unmatched_or_ambiguous
29861,清远,大崑镇,大坳行政村,江坪村,清远市,大崀镇,,,0,,,admin_unmatched_or_ambiguous
29774,清远,大崑镇,大崑行政村,大崑围村,清远市,大崀镇,,,0,,,admin_unmatched_or_ambiguous
29772,清远,大崑镇,大崑行政村,大龙村,清远市,大崀镇,,,0,,,admin_unmatched_or_ambiguous
29773,清远,大崑镇,大崑行政村,横崑村,清远市,大崀镇,,,0,,,admin_unmatched_or_ambiguous
29771,清远,大崑镇,大崑行政村,石塘村,清远市,大崀镇,,,0,,,admin_unmatched_or_ambiguous
29835,清远,大崑镇,大陂行政村,利市坪村,清远市,大崀镇,,,0,,,admin_unmatched_or_ambiguous
29836,清远,大崑镇,大陂行政村,利新村,清远市,大崀镇,,,0,,,admin_unmatched_or_ambiguous
29831,清远,大崑镇,大陂行政村,大陂村,清远市,大崀镇,,,0,,,admin_unmatched_or_ambiguous
29830,清远,大崑镇,大陂行政村,太平水村,清远市,大崀镇,,,0,,,admin_unmatched_or_ambiguous
29839,清远,大崑镇,大陂行政村,奖加岸村,清远市,大崀镇,,,0,,,admin_unmatched_or_ambiguous
29832,清远,大崑镇,大陂行政村,将军坪村,清远市,大崀镇,,,0,,,admin_unmatched_or_ambiguous
29833,清远,大崑镇,大陂行政村,横洞村,清远市,大崀镇,,,0,,,admin_unmatched_or_ambiguous
29837,清远,大崑镇,大陂行政村,河颈村,清远市,大崀镇,,,0,,,admin_unmatched_or_ambiguous
29840,清远,大崑镇,大陂行政村,牛坪村,清远市,大崀镇,,,0,,,admin_unmatched_or_ambiguous
29838,清远,大崑镇,大陂行政村,田寮村,清远市,大崀镇,,,0,,,admin_unmatched_or_ambiguous
29834,清远,大崑镇,大陂行政村,砖头坪村,清远市,大崀镇,,,0,,,admin_unmatched_or_ambiguous
29841,清远,大崑镇,大陂行政村,立新一村,清远市,大崀镇,,,0,,,admin_unmatched_or_ambiguous
29843,清远,大崑镇,大陂行政村,立新三村,清远市,大崀镇,,,0,,,admin_unmatched_or_ambiguous
29842,清远,大崑镇,大陂行政村,立新二村,清远市,大崀镇,,,0,,,admin_unmatched_or_ambiguous
29866,清远,大崑镇,太平洞行政村,上洞村,清远市,大崀镇,,,0,,,admin_unmatched_or_ambiguous
29863,清远,大崑镇,太平洞行政村,下洞村,清远市,大崀镇,,,0,,,admin_unmatched_or_ambiguous
29864,清远,大崑镇,太平洞行政村,南木村,清远市,大崀镇,,,0,,,admin_unmatched_or_ambiguous
29865,清远,大崑镇,太平洞行政村,太平洞村,清远市,大崀镇,,,0,,,admin_unmatched_or_ambiguous
29867,清远,大崑镇,太平洞行政村,梨坪村,清远市,大崀镇,,,0,,,admin_unmatched_or_ambiguous
29845,清远,大崑镇,杜菜行政村,七车村,清远市,大崀镇,,,0,,,admin_unmatched_or_ambiguous
29847,清远,大崑镇,杜菜行政村,坝尾村,清远市,大崀镇,,,0,,,admin_unmatched_or_ambiguous
29844,清远,大崑镇,杜菜行政村,杜菜村,清远市,大崀镇,,,0,,,admin_unmatched_or_ambiguous
29846,清远,大崑镇,杜菜行政村,百坝村,清远市,大崀镇,,,0,,,admin_unmatched_or_ambiguous
29848,清远,大崑镇,杜菜行政村,鸡公坪村,清远市,大崀镇,,,0,,,admin_unmatched_or_ambiguous
29898,清远,大崑镇,漏水坪行政村,同古坑村,清远市,大崀镇,,,0,,,admin_unmatched_or_ambiguous
29888,清远,大崑镇,漏水坪行政村,大塘控村,清远市,大崀镇,,,0,,,admin_unmatched_or_ambiguous
29890,清远,大崑镇,漏水坪行政村,大氹村,清远市,大崀镇,,,0,,,admin_unmatched_or_ambiguous
29901,清远,大崑镇,漏水坪行政村,大苍控村,清远市,大崀镇,,,0,,,admin_unmatched_or_ambiguous
29886,清远,大崑镇,漏水坪行政村,崩头寮村,清远市,大崀镇,,,0,,,admin_unmatched_or_ambiguous
29891,清远,大崑镇,漏水坪行政村,更下村,清远市,大崀镇,,,0,,,admin_unmatched_or_ambiguous
29894,清远,大崑镇,漏水坪行政村,水浸坪村,清远市,大崀镇,,,0,,,admin_unmatched_or_ambiguous
29893,清远,大崑镇,漏水坪行政村,氹湖村,清远市,大崀镇,,,0,,,admin_unmatched_or_ambiguous
29889,清远,大崑镇,漏水坪行政村,漏水坪村,清远市,大崀镇,,,0,,,admin_unmatched_or_ambiguous
29899,清远,大崑镇,漏水坪行政村,田仔坳村,清远市,大崀镇,,,0,,,admin_unmatched_or_ambiguous
29895,清远,大崑镇,漏水坪行政村,田冲岭村,清远市,大崀镇,,,0,,,admin_unmatched_or_ambiguous
29896,清远,大崑镇,漏水坪行政村,白石脚村,清远市,大崀镇,,,0,,,admin_unmatched_or_ambiguous
29892,清远,大崑镇,漏水坪行政村,白竹塘村,清远市,大崀镇,,,0,,,admin_unmatched_or_ambiguous
29900,清远,大崑镇,漏水坪行政村,禾苍控村,清远市,大崀镇,,,0,,,admin_unmatched_or_ambiguous
29887,清远,大崑镇,漏水坪行政村,老熊坪村,清远市,大崀镇,,,0,,,admin_unmatched_or_ambiguous
29897,清远,大崑镇,漏水坪行政村,茶控村,清远市,大崀镇,,,0,,,admin_unmatched_or_ambiguous
29849,清远,大崑镇,炉田行政村,三湾村,清远市,大崀镇,,,0,,,admin_unmatched_or_ambiguous
29854,清远,大崑镇,炉田行政村,冲口村,清远市,大崀镇,,,0,,,admin_unmatched_or_ambiguous
29850,清远,大崑镇,炉田行政村,大屋村,清远市,大崀镇,,,0,,,admin_unmatched_or_ambiguous
29857,清远,大崑镇,炉田行政村,大洞村,清远市,大崀镇,,,0,,,admin_unmatched_or_ambiguous
29852,清远,大崑镇,炉田行政村,新屋村,清远市,大崀镇,,,0,,,admin_unmatched_or_ambiguous
29855,清远,大崑镇,炉田行政村,牛控村,清远市,大崀镇,,,0,,,admin_unmatched_or_ambiguous
29858,清远,大崑镇,炉田行政村,白水寨村,清远市,大崀镇,,,0,,,admin_unmatched_or_ambiguous
29853,清远,大崑镇,炉田行政村,青洞村,清远市,大崀镇,,,0,,,admin_unmatched_or_ambiguous
29856,清远,大崑镇,炉田行政村,鷓鸪坌村,清远市,大崀镇,,,0,,,admin_unmatched_or_ambiguous
29851,清远,大崑镇,炉田行政村,麻元村,清远市,大崀镇,,,0,,,admin_unmatched_or_ambiguous
29829,清远,大崑镇,秤架行政村,五山埂村,清远市,大崀镇,,,0,,,admin_unmatched_or_ambiguous
29828,清远,大崑镇,秤架行政村,干坑村,清远市,大崀镇,,,0,,,admin_unmatched_or_ambiguous
29826,清远,大崑镇,秤架行政村,江脚村,清远市,大崀镇,,,0,,,admin_unmatched_or_ambiguous
29827,清远,大崑镇,秤架行政村,牛尾坌村,清远市,大崀镇,,,0,,,admin_unmatched_or_ambiguous
29824,清远,大崑镇,秤架行政村,英明村,清远市,大崀镇,,,0,,,admin_unmatched_or_ambiguous
29825,清远,大崑镇,秤架行政村,茅山岭移民新村,清远市,大崀镇,,,0,,,admin_unmatched_or_ambiguous
27434,清远,大湾镇,垮脚行政村,乌丘塘村,清远市,大湾镇,,,0,,,admin_unmatched_or_ambiguous
27433,清远,大湾镇,垮脚行政村,乌坡村,清远市,大湾镇,,,0,,,admin_unmatched_or_ambiguous
27428,清远,大湾镇,垮脚行政村,九斤洞村,清远市,大湾镇,,,0,,,admin_unmatched_or_ambiguous
27432,清远,大湾镇,垮脚行政村,水浸洞村,清远市,大湾镇,,,0,,,admin_unmatched_or_ambiguous
27436,清远,大湾镇,垮脚行政村,游鱼江村,清远市,大湾镇,,,0,,,admin_unmatched_or_ambiguous
27431,清远,大湾镇,垮脚行政村,牛寮村,清远市,大湾镇,,,0,,,admin_unmatched_or_ambiguous
27430,清远,大湾镇,垮脚行政村,牛轭寮村,清远市,大湾镇,,,0,,,admin_unmatched_or_ambiguous
27426,清远,大湾镇,垮脚行政村,螃脚村,清远市,大湾镇,,,0,,,admin_unmatched_or_ambiguous
27435,清远,大湾镇,垮脚行政村,西瓜顶村,清远市,大湾镇,,,0,,,admin_unmatched_or_ambiguous
27429,清远,大湾镇,垮脚行政村,马留坳村,清远市,大湾镇,,,0,,,admin_unmatched_or_ambiguous
27427,清远,大湾镇,垮脚行政村,黄狮洞村,清远市,大湾镇,,,0,,,admin_unmatched_or_ambiguous
26592,清远,大路边镇,东联行政村,三村,清远市,大路边镇,,,0,,,admin_unmatched_or_ambiguous
26593,清远,大路边镇,东联行政村,五里亭村,清远市,大路边镇,,,0,,,admin_unmatched_or_ambiguous
26594,清远,大路边镇,东联行政村,半边铺村,清远市,大路边镇,,,0,,,admin_unmatched_or_ambiguous
26591,清远,大路边镇,东联行政村,易家村,清远市,大路边镇,,,0,,,admin_unmatched_or_ambiguous
26572,清远,大路边镇,寒鸭行政村,大冲头村,清远市,大路边镇,,,0,,,admin_unmatched_or_ambiguous
26567,清远,大路边镇,寒鸭行政村,寒水村,清远市,大路边镇,,,0,,,admin_unmatched_or_ambiguous
26571,清远,大路边镇,寒鸭行政村,新建村,清远市,大路边镇,,,0,,,admin_unmatched_or_ambiguous
26570,清远,大路边镇,寒鸭行政村,新立村,清远市,大路边镇,,,0,,,admin_unmatched_or_ambiguous
26568,清远,大路边镇,寒鸭行政村,枫冲村,清远市,大路边镇,,,0,,,admin_unmatched_or_ambiguous
26569,清远,大路边镇,寒鸭行政村,白路口村,清远市,大路边镇,,,0,,,admin_unmatched_or_ambiguous
26566,清远,大路边镇,寒鸭行政村,蕉冲村,清远市,大路边镇,,,0,,,admin_unmatched_or_ambiguous
26565,清远,大路边镇,寒鸭行政村,鸭婆磊新村,清远市,大路边镇,,,0,,,admin_unmatched_or_ambiguous
26564,清远,大路边镇,寒鸭行政村,鸭婆磊老村,清远市,大路边镇,,,0,,,admin_unmatched_or_ambiguous
30277,清远,小三江镇,太平行政村,东联村,清远市,小三江镇,,,0,,,admin_unmatched_or_ambiguous
30280,清远,小三江镇,太平行政村,京州村,清远市,小三江镇,,,0,,,admin_unmatched_or_ambiguous
30276,清远,小三江镇,太平行政村,元庆村,清远市,小三江镇,,,0,,,admin_unmatched_or_ambiguous
30279,清远,小三江镇,太平行政村,坡头村,清远市,小三江镇,,,0,,,admin_unmatched_or_ambiguous
30278,清远,小三江镇,太平行政村,山华村,清远市,小三江镇,,,0,,,admin_unmatched_or_ambiguous
30274,清远,小三江镇,太平行政村,文明村,清远市,小三江镇,,,0,,,admin_unmatched_or_ambiguous
30273,清远,小三江镇,太平行政村,洞心村,清远市,小三江镇,,,0,,,admin_unmatched_or_ambiguous
30275,清远,小三江镇,太平行政村,贤良村,清远市,小三江镇,,,0,,,admin_unmatched_or_ambiguous
30272,清远,小三江镇,太平行政村,金龟村,清远市,小三江镇,,,0,,,admin_unmatched_or_ambiguous
30271,清远,小三江镇,太平行政村,马良村,清远市,小三江镇,,,0,,,admin_unmatched_or_ambiguous
30256,清远,小三江镇,新溪行政村,东源村,清远市,小三江镇,,,0,,,admin_unmatched_or_ambiguous
30253,清远,小三江镇,新溪行政村,中央寨村,清远市,小三江镇,,,0,,,admin_unmatched_or_ambiguous
30262,清远,小三江镇,新溪行政村,六利村,清远市,小三江镇,,,0,,,admin_unmatched_or_ambiguous
30263,清远,小三江镇,新溪行政村,六芦村,清远市,小三江镇,,,0,,,admin_unmatched_or_ambiguous
30258,清远,小三江镇,新溪行政村,北夫村,清远市,小三江镇,,,0,,,admin_unmatched_or_ambiguous
30260,清远,小三江镇,新溪行政村,唐屋村,清远市,小三江镇,,,0,,,admin_unmatched_or_ambiguous
30254,清远,小三江镇,新溪行政村,坪山村,清远市,小三江镇,,,0,,,admin_unmatched_or_ambiguous
30259,清远,小三江镇,新溪行政村,塘基村,清远市,小三江镇,,,0,,,admin_unmatched_or_ambiguous
30252,清远,小三江镇,新溪行政村,寨美村,清远市,小三江镇,,,0,,,admin_unmatched_or_ambiguous
30261,清远,小三江镇,新溪行政村,文屋村,清远市,小三江镇,,,0,,,admin_unmatched_or_ambiguous
30264,清远,小三江镇,新溪行政村,新屋村,清远市,小三江镇,,,0,,,admin_unmatched_or_ambiguous
30251,清远,小三江镇,新溪行政村,横岗村,清远市,小三江镇,,,0,,,admin_unmatched_or_ambiguous
30255,清远,小三江镇,新溪行政村,洞佛村,清远市,小三江镇,,,0,,,admin_unmatched_or_ambiguous
30257,清远,小三江镇,新溪行政村,龙头村,清远市,小三江镇,,,0,,,admin_unmatched_or_ambiguous
30232,清远,小三江镇,新联行政村,墩园村,清远市,小三江镇,,,0,,,admin_unmatched_or_ambiguous
30231,清远,小三江镇,新联行政村,文彪村,清远市,小三江镇,,,0,,,admin_unmatched_or_ambiguous
30233,清远,小三江镇,新联行政村,新寨村,清远市,小三江镇,,,0,,,admin_unmatched_or_ambiguous
30234,清远,小三江镇,新联行政村,洞心村,清远市,小三江镇,,,0,,,admin_unmatched_or_ambiguous
30230,清远,小三江镇,新联行政村,班瓦村,清远市,小三江镇,,,0,,,admin_unmatched_or_ambiguous
30235,清远,小三江镇,新联行政村,石板村,清远市,小三江镇,,,0,,,admin_unmatched_or_ambiguous
30238,清远,小三江镇,新联行政村,陆屋村,清远市,小三江镇,,,0,,,admin_unmatched_or_ambiguous
30237,清远,小三江镇,新联行政村,韦屋村,清远市,小三江镇,,,0,,,admin_unmatched_or_ambiguous
30236,清远,小三江镇,新联行政村,黄屋村,清远市,小三江镇,,,0,,,admin_unmatched_or_ambiguous
30268,清远,小三江镇,梅洞行政村,塘凤村,清远市,小三江镇,,,0,,,admin_unmatched_or_ambiguous
30270,清远,小三江镇,梅洞行政村,杨屋村,清远市,小三江镇,,,0,,,admin_unmatched_or_ambiguous
30265,清远,小三江镇,梅洞行政村,覃屋村,清远市,小三江镇,,,0,,,admin_unmatched_or_ambiguous
30267,清远,小三江镇,梅洞行政村,谢屋村,清远市,小三江镇,,,0,,,admin_unmatched_or_ambiguous
30266,清远,小三江镇,梅洞行政村,贤屋村,清远市,小三江镇,,,0,,,admin_unmatched_or_ambiguous
30269,清远,小三江镇,梅洞行政村,韦屋村,清远市,小三江镇,,,0,,,admin_unmatched_or_ambiguous
30220,清远,小三江镇,永丰行政村,上元珠村,清远市,小三江镇,,,0,,,admin_unmatched_or_ambiguous
30221,清远,小三江镇,永丰行政村,下元珠村,清远市,小三江镇,,,0,,,admin_unmatched_or_ambiguous
30209,清远,小三江镇,永丰行政村,丰洞村,清远市,小三江镇,,,0,,,admin_unmatched_or_ambiguous
30217,清远,小三江镇,永丰行政村,司城村,清远市,小三江镇,,,0,,,admin_unmatched_or_ambiguous
30226,清远,小三江镇,永丰行政村,文屋村,清远市,小三江镇,,,0,,,admin_unmatched_or_ambiguous
30210,清远,小三江镇,永丰行政村,文池村,清远市,小三江镇,,,0,,,admin_unmatched_or_ambiguous
30216,清远,小三江镇,永丰行政村,旱塘村,清远市,小三江镇,,,0,,,admin_unmatched_or_ambiguous
30208,清远,小三江镇,永丰行政村,木联村,清远市,小三江镇,,,0,,,admin_unmatched_or_ambiguous
30218,清远,小三江镇,永丰行政村,水井村,清远市,小三江镇,,,0,,,admin_unmatched_or_ambiguous
30211,清远,小三江镇,永丰行政村,永丰圩,清远市,小三江镇,,,0,,,admin_unmatched_or_ambiguous
30219,清远,小三江镇,永丰行政村,湾岛村,清远市,小三江镇,,,0,,,admin_unmatched_or_ambiguous
30213,清远,小三江镇,永丰行政村,竹径村,清远市,小三江镇,,,0,,,admin_unmatched_or_ambiguous
30223,清远,小三江镇,永丰行政村,联和村,清远市,小三江镇,,,0,,,admin_unmatched_or_ambiguous
30215,清远,小三江镇,永丰行政村,花罗冲村,清远市,小三江镇,,,0,,,admin_unmatched_or_ambiguous
30214,清远,小三江镇,永丰行政村,花罗村,清远市,小三江镇,,,0,,,admin_unmatched_or_ambiguous
30227,清远,小三江镇,永丰行政村,蒋屋村,清远市,小三江镇,,,0,,,admin_unmatched_or_ambiguous
30224,清远,小三江镇,永丰行政村,西联村,清远市,小三江镇,,,0,,,admin_unmatched_or_ambiguous
30225,清远,小三江镇,永丰行政村,覃屋村,清远市,小三江镇,,,0,,,admin_unmatched_or_ambiguous
30229,清远,小三江镇,永丰行政村,高文村,清远市,小三江镇,,,0,,,admin_unmatched_or_ambiguous
30222,清远,小三江镇,永丰行政村,高新村,清远市,小三江镇,,,0,,,admin_unmatched_or_ambiguous
30212,清远,小三江镇,永丰行政村,高椅村,清远市,小三江镇,,,0,,,admin_unmatched_or_ambiguous
30228,清远,小三江镇,永丰行政村,高联村,清远市,小三江镇,,,0,,,admin_unmatched_or_ambiguous
30248,清远,小三江镇,荣丽行政村,六杓新村,清远市,小三江镇,,,0,,,admin_unmatched_or_ambiguous
30240,清远,小三江镇,荣丽行政村,华丽村,清远市,小三江镇,,,0,,,admin_unmatched_or_ambiguous
30243,清远,小三江镇,荣丽行政村,文土村,清远市,小三江镇,,,0,,,admin_unmatched_or_ambiguous
30246,清远,小三江镇,荣丽行政村,新屋村,清远市,小三江镇,,,0,,,admin_unmatched_or_ambiguous
30242,清远,小三江镇,荣丽行政村,旧圩,清远市,小三江镇,,,0,,,admin_unmatched_or_ambiguous
30247,清远,小三江镇,荣丽行政村,旧屋村,清远市,小三江镇,,,0,,,admin_unmatched_or_ambiguous
30244,清远,小三江镇,荣丽行政村,福堂寨村,清远市,小三江镇,,,0,,,admin_unmatched_or_ambiguous
30239,清远,小三江镇,荣丽行政村,荣贵村,清远市,小三江镇,,,0,,,admin_unmatched_or_ambiguous
30241,清远,小三江镇,荣丽行政村,贤庆村,清远市,小三江镇,,,0,,,admin_unmatched_or_ambiguous
30250,清远,小三江镇,荣丽行政村,贤洞村,清远市,小三江镇,,,0,,,admin_unmatched_or_ambiguous
30249,清远,小三江镇,荣丽行政村,马屋村,清远市,小三江镇,,,0,,,admin_unmatched_or_ambiguous
30245,清远,小三江镇,荣丽行政村,龙口村,清远市,小三江镇,,,0,,,admin_unmatched_or_ambiguous
30285,清远,小三江镇,读楼行政村,东水村,清远市,小三江镇,,,0,,,admin_unmatched_or_ambiguous
30282,清远,小三江镇,读楼行政村,付竹村,清远市,小三江镇,,,0,,,admin_unmatched_or_ambiguous
30288,清远,小三江镇,读楼行政村,喇叭口村,清远市,小三江镇,,,0,,,admin_unmatched_or_ambiguous
30287,清远,小三江镇,读楼行政村,天鹅村,清远市,小三江镇,,,0,,,admin_unmatched_or_ambiguous
30283,清远,小三江镇,读楼行政村,新安村,清远市,小三江镇,,,0,,,admin_unmatched_or_ambiguous
30289,清远,小三江镇,读楼行政村,新村,清远市,小三江镇,,,0,,,admin_unmatched_or_ambiguous
30281,清远,小三江镇,读楼行政村,班局村,清远市,小三江镇,,,0,,,admin_unmatched_or_ambiguous
30284,清远,小三江镇,读楼行政村,石寨村,清远市,小三江镇,,,0,,,admin_unmatched_or_ambiguous
30286,清远,小三江镇,读楼行政村,西水村,清远市,小三江镇,,,0,,,admin_unmatched_or_ambiguous
23146,清远,山塘镇,中山行政村,大窝坝村,清远市,山塘镇,,,0,,,admin_unmatched_or_ambiguous
23145,清远,山塘镇,中山行政村,柴坝村,清远市,山塘镇,,,0,,,admin_unmatched_or_ambiguous
23143,清远,山塘镇,中山行政村,磨刀坑村,清远市,山塘镇,,,0,,,admin_unmatched_or_ambiguous
23147,清远,山塘镇,中山行政村,蒲竹窝村,清远市,山塘镇,,,0,,,admin_unmatched_or_ambiguous
23148,清远,山塘镇,中山行政村,铜古坑村,清远市,山塘镇,,,0,,,admin_unmatched_or_ambiguous
23144,清远,山塘镇,中山行政村,鸭仔坑村,清远市,山塘镇,,,0,,,admin_unmatched_or_ambiguous
23155,清远,山塘镇,坑口行政村,企坑村,清远市,山塘镇,,,0,,,admin_unmatched_or_ambiguous
23150,清远,山塘镇,坑口行政村,坑口村,清远市,山塘镇,,,0,,,admin_unmatched_or_ambiguous
23153,清远,山塘镇,坑口行政村,新田村,清远市,山塘镇,,,0,,,admin_unmatched_or_ambiguous
23149,清远,山塘镇,坑口行政村,杨桃窿村,清远市,山塘镇,,,0,,,admin_unmatched_or_ambiguous
23154,清远,山塘镇,坑口行政村,根竹坪村,清远市,山塘镇,,,0,,,admin_unmatched_or_ambiguous
23151,清远,山塘镇,坑口行政村,毛坪村,清远市,山塘镇,,,0,,,admin_unmatched_or_ambiguous
23152,清远,山塘镇,坑口行政村,水盆坑村,清远市,山塘镇,,,0,,,admin_unmatched_or_ambiguous
23156,清远,山塘镇,坑口行政村,蝉眉坑村,清远市,山塘镇,,,0,,,admin_unmatched_or_ambiguous
23161,清远,山塘镇,坑尾行政村,上吊丝村,清远市,山塘镇,,,0,,,admin_unmatched_or_ambiguous
23160,清远,山塘镇,坑尾行政村,下吊丝村,清远市,山塘镇,,,0,,,admin_unmatched_or_ambiguous
23162,清远,山塘镇,坑尾行政村,公坪村,清远市,山塘镇,,,0,,,admin_unmatched_or_ambiguous
23157,清远,山塘镇,坑尾行政村,山草坪村,清远市,山塘镇,,,0,,,admin_unmatched_or_ambiguous
23159,清远,山塘镇,坑尾行政村,往坑村,清远市,山塘镇,,,0,,,admin_unmatched_or_ambiguous
23158,清远,山塘镇,坑尾行政村,湾坑村,清远市,山塘镇,,,0,,,admin_unmatched_or_ambiguous
23164,清远,山塘镇,坑尾行政村,石辣达村,清远市,山塘镇,,,0,,,admin_unmatched_or_ambiguous
23163,清远,山塘镇,坑尾行政村,艾婆坑村,清远市,山塘镇,,,0,,,admin_unmatched_or_ambiguous
23027,清远,山塘镇,恒平行政村,恒平一村,清远市,山塘镇,,,0,,,admin_unmatched_or_ambiguous
23033,清远,山塘镇,恒平行政村,恒平七村,清远市,山塘镇,,,0,,,admin_unmatched_or_ambiguous
23029,清远,山塘镇,恒平行政村,恒平三村,清远市,山塘镇,,,0,,,admin_unmatched_or_ambiguous
23028,清远,山塘镇,恒平行政村,恒平二村,清远市,山塘镇,,,0,,,admin_unmatched_or_ambiguous
23031,清远,山塘镇,恒平行政村,恒平五村,清远市,山塘镇,,,0,,,admin_unmatched_or_ambiguous
23034,清远,山塘镇,恒平行政村,恒平八村,清远市,山塘镇,,,0,,,admin_unmatched_or_ambiguous
23032,清远,山塘镇,恒平行政村,恒平六村,清远市,山塘镇,,,0,,,admin_unmatched_or_ambiguous
23030,清远,山塘镇,恒平行政村,恒平四村,清远市,山塘镇,,,0,,,admin_unmatched_or_ambiguous
23167,清远,山塘镇,根竹园行政村,坑口村,清远市,山塘镇,,,0,,,admin_unmatched_or_ambiguous
23169,清远,山塘镇,根竹园行政村,坑坝村,清远市,山塘镇,,,0,,,admin_unmatched_or_ambiguous
23168,清远,山塘镇,根竹园行政村,石屋村,清远市,山塘镇,,,0,,,admin_unmatched_or_ambiguous
23165,清远,山塘镇,田边行政村,田边村,清远市,山塘镇,,,0,,,admin_unmatched_or_ambiguous
23166,清远,山塘镇,车头行政村,车头坝村,清远市,山塘镇,,,0,,,admin_unmatched_or_ambiguous
28780,清远,望埠镇,坪迳行政村,乌楼村,清远市,望埠镇,,,0,,,admin_unmatched_or_ambiguous
28777,清远,望埠镇,坪迳行政村,其坑尾村,清远市,望埠镇,,,0,,,admin_unmatched_or_ambiguous
28776,清远,望埠镇,坪迳行政村,埔江口村,清远市,望埠镇,,,0,,,admin_unmatched_or_ambiguous
28772,清远,望埠镇,坪迳行政村,大坑底村,清远市,望埠镇,,,0,,,admin_unmatched_or_ambiguous
28771,清远,望埠镇,坪迳行政村,大陂头村,清远市,望埠镇,,,0,,,admin_unmatched_or_ambiguous
28773,清远,望埠镇,坪迳行政村,官坑村,清远市,望埠镇,,,0,,,admin_unmatched_or_ambiguous
28784,清远,望埠镇,坪迳行政村,梅子斜村,清远市,望埠镇,,,0,,,admin_unmatched_or_ambiguous
28775,清远,望埠镇,坪迳行政村,楼子下村,清远市,望埠镇,,,0,,,admin_unmatched_or_ambiguous
28778,清远,望埠镇,坪迳行政村,狮子岗村,清远市,望埠镇,,,0,,,admin_unmatched_or_ambiguous
28779,清远,望埠镇,坪迳行政村,田心村,清远市,望埠镇,,,0,,,admin_unmatched_or_ambiguous
28781,清远,望埠镇,坪迳行政村,肖屋村,清远市,望埠镇,,,0,,,admin_unmatched_or_ambiguous
28783,清远,望埠镇,坪迳行政村,茅坪村,清远市,望埠镇,,,0,,,admin_unmatched_or_ambiguous
28770,清远,望埠镇,坪迳行政村,赤子坑村,清远市,望埠镇,,,0,,,admin_unmatched_or_ambiguous
28782,清远,望埠镇,坪迳行政村,麻竹坪村,清远市,望埠镇,,,0,,,admin_unmatched_or_ambiguous
28774,清远,望埠镇,坪迳行政村,黄竹垠村,清远市,望埠镇,,,0,,,admin_unmatched_or_ambiguous
28848,清远,望埠镇,崦山行政村,上窝村,清远市,望埠镇,,,0,,,admin_unmatched_or_ambiguous
28849,清远,望埠镇,崦山行政村,下窝村,清远市,望埠镇,,,0,,,admin_unmatched_or_ambiguous
28850,清远,望埠镇,崦山行政村,付屋村,清远市,望埠镇,,,0,,,admin_unmatched_or_ambiguous
28851,清远,望埠镇,崦山行政村,吴屋村,清远市,望埠镇,,,0,,,admin_unmatched_or_ambiguous
28852,清远,望埠镇,崦山行政村,坎下村,清远市,望埠镇,,,0,,,admin_unmatched_or_ambiguous
28853,清远,望埠镇,崦山行政村,大岩村,清远市,望埠镇,,,0,,,admin_unmatched_or_ambiguous
28854,清远,望埠镇,崦山行政村,大岭头村,清远市,望埠镇,,,0,,,admin_unmatched_or_ambiguous
28855,清远,望埠镇,崦山行政村,大引村,清远市,望埠镇,,,0,,,admin_unmatched_or_ambiguous
28856,清远,望埠镇,崦山行政村,旗山下村,清远市,望埠镇,,,0,,,admin_unmatched_or_ambiguous
28857,清远,望埠镇,崦山行政村,梅屋村,清远市,望埠镇,,,0,,,admin_unmatched_or_ambiguous
28858,清远,望埠镇,崦山行政村,游屋村,清远市,望埠镇,,,0,,,admin_unmatched_or_ambiguous
28859,清远,望埠镇,崦山行政村,田心村,清远市,望埠镇,,,0,,,admin_unmatched_or_ambiguous
28860,清远,望埠镇,崦山行政村,白石陂村,清远市,望埠镇,,,0,,,admin_unmatched_or_ambiguous
28861,清远,望埠镇,崦山行政村,石墩下村,清远市,望埠镇,,,0,,,admin_unmatched_or_ambiguous
28862,清远,望埠镇,崦山行政村,石寺前村,清远市,望埠镇,,,0,,,admin_unmatched_or_ambiguous
28863,清远,望埠镇,崦山行政村,脚锄头村,清远市,望埠镇,,,0,,,admin_unmatched_or_ambiguous
28864,清远,望埠镇,崦山行政村,陈屋村,清远市,望埠镇,,,0,,,admin_unmatched_or_ambiguous
28865,清远,望埠镇,望埠社区,望埠街村,清远市,望埠镇,,,0,,,admin_unmatched_or_ambiguous
28866,清远,望埠镇,望埠社区,河头村,清远市,望埠镇,,,0,,,admin_unmatched_or_ambiguous
28751,清远,望埠镇,萌新行政村,下村东一村,清远市,望埠镇,,,0,,,admin_unmatched_or_ambiguous
28750,清远,望埠镇,萌新行政村,下村东二村,清远市,望埠镇,,,0,,,admin_unmatched_or_ambiguous
28752,清远,望埠镇,萌新行政村,下村西村,清远市,望埠镇,,,0,,,admin_unmatched_or_ambiguous
28741,清远,望埠镇,萌新行政村,井头村,清远市,望埠镇,,,0,,,admin_unmatched_or_ambiguous
28749,清远,望埠镇,萌新行政村,塘子头村,清远市,望埠镇,,,0,,,admin_unmatched_or_ambiguous
28738,清远,望埠镇,萌新行政村,大元顶村,清远市,望埠镇,,,0,,,admin_unmatched_or_ambiguous
28737,清远,望埠镇,萌新行政村,大楼村,清远市,望埠镇,,,0,,,admin_unmatched_or_ambiguous
28740,清远,望埠镇,萌新行政村,官路塘村,清远市,望埠镇,,,0,,,admin_unmatched_or_ambiguous
28747,清远,望埠镇,萌新行政村,山边村,清远市,望埠镇,,,0,,,admin_unmatched_or_ambiguous
28754,清远,望埠镇,萌新行政村,岩英光村,清远市,望埠镇,,,0,,,admin_unmatched_or_ambiguous
28753,清远,望埠镇,萌新行政村,新厅村,清远市,望埠镇,,,0,,,admin_unmatched_or_ambiguous
28743,清远,望埠镇,萌新行政村,李屋村,清远市,望埠镇,,,0,,,admin_unmatched_or_ambiguous
28744,清远,望埠镇,萌新行政村,楼仔村,清远市,望埠镇,,,0,,,admin_unmatched_or_ambiguous
28742,清远,望埠镇,萌新行政村,榄树下村,清远市,望埠镇,,,0,,,admin_unmatched_or_ambiguous
28746,清远,望埠镇,萌新行政村,沙君塘村,清远市,望埠镇,,,0,,,admin_unmatched_or_ambiguous
28748,清远,望埠镇,萌新行政村,深塘村,清远市,望埠镇,,,0,,,admin_unmatched_or_ambiguous
28736,清远,望埠镇,萌新行政村,茶子园村,清远市,望埠镇,,,0,,,admin_unmatched_or_ambiguous
28745,清远,望埠镇,萌新行政村,骆屋村,清远市,望埠镇,,,0,,,admin_unmatched_or_ambiguous
28739,清远,望埠镇,萌新行政村,鹅公塘村,清远市,望埠镇,,,0,,,admin_unmatched_or_ambiguous
29911,清远,杨梅镇,坪洞行政村,岩口村,清远市,杨梅镇,,,0,,,admin_unmatched_or_ambiguous
29914,清远,杨梅镇,坪洞行政村,旧村,清远市,杨梅镇,,,0,,,admin_unmatched_or_ambiguous
29915,清远,杨梅镇,坪洞行政村,更口村,清远市,杨梅镇,,,0,,,admin_unmatched_or_ambiguous
29916,清远,杨梅镇,坪洞行政村,更背村,清远市,杨梅镇,,,0,,,admin_unmatched_or_ambiguous
29917,清远,杨梅镇,坪洞行政村,水浪村,清远市,杨梅镇,,,0,,,admin_unmatched_or_ambiguous
29912,清远,杨梅镇,坪洞行政村,沙坪村,清远市,杨梅镇,,,0,,,admin_unmatched_or_ambiguous
29913,清远,杨梅镇,坪洞行政村,石更村,清远市,杨梅镇,,,0,,,admin_unmatched_or_ambiguous
25342,清远,汤塘镇,泣江行政村,中心村,清远市,汤塘镇,,,0,,,admin_unmatched_or_ambiguous
25339,清远,汤塘镇,泣江行政村,久棉富村,清远市,汤塘镇,,,0,,,admin_unmatched_or_ambiguous
25336,清远,汤塘镇,泣江行政村,方田村,清远市,汤塘镇,,,0,,,admin_unmatched_or_ambiguous
25338,清远,汤塘镇,泣江行政村,横江村,清远市,汤塘镇,,,0,,,admin_unmatched_or_ambiguous
25341,清远,汤塘镇,泣江行政村,狮迳村,清远市,汤塘镇,,,0,,,admin_unmatched_or_ambiguous
25340,清远,汤塘镇,泣江行政村,菱船村,清远市,汤塘镇,,,0,,,admin_unmatched_or_ambiguous
25337,清远,汤塘镇,泣江行政村,高田村,清远市,汤塘镇,,,0,,,admin_unmatched_or_ambiguous
23904,清远,禾云镇,泣坑行政村,办坑围村,清远市,禾云镇,,,0,,,admin_unmatched_or_ambiguous
23907,清远,禾云镇,泣坑行政村,坑坝围村,清远市,禾云镇,,,0,,,admin_unmatched_or_ambiguous
23909,清远,禾云镇,泣坑行政村,松坑峡村,清远市,禾云镇,,,0,,,admin_unmatched_or_ambiguous
23908,清远,禾云镇,泣坑行政村,松坑村,清远市,禾云镇,,,0,,,admin_unmatched_or_ambiguous
23903,清远,禾云镇,泣坑行政村,百足口村,清远市,禾云镇,,,0,,,admin_unmatched_or_ambiguous
23905,清远,禾云镇,泣坑行政村,花蕉树村,清远市,禾云镇,,,0,,,admin_unmatched_or_ambiguous
23906,清远,禾云镇,泣坑行政村,进牛冲村,清远市,禾云镇,,,0,,,admin_unmatched_or_ambiguous
30027,清远,粤永和镇,永梅行政村,日落更村,清远市,永和镇,,,0,,,admin_unmatched_or_ambiguous
30028,清远,粤永和镇,永梅行政村,松木岭村,清远市,永和镇,,,0,,,admin_unmatched_or_ambiguous
30029,清远,粤永和镇,永梅行政村,蒙洞村,清远市,永和镇,,,0,,,admin_unmatched_or_ambiguous
24602,清远,粤石潭镇,大围行政村,下岭脚村,清远市,石潭镇,,,0,,,admin_unmatched_or_ambiguous
24600,清远,粤石潭镇,大围行政村,井塱村,清远市,石潭镇,,,0,,,admin_unmatched_or_ambiguous
24603,清远,粤石潭镇,大围行政村,仙鹤迳村,清远市,石潭镇,,,0,,,admin_unmatched_or_ambiguous
24606,清远,粤石潭镇,大围行政村,元岗脚村,清远市,石潭镇,,,0,,,admin_unmatched_or_ambiguous
24607,清远,粤石潭镇,大围行政村,圳口村,清远市,石潭镇,,,0,,,admin_unmatched_or_ambiguous
24598,清远,粤石潭镇,大围行政村,大围村,清远市,石潭镇,,,0,,,admin_unmatched_or_ambiguous
24604,清远,粤石潭镇,大围行政村,新兴村,清远市,石潭镇,,,0,,,admin_unmatched_or_ambiguous
24605,清远,粤石潭镇,大围行政村,杨二村,清远市,石潭镇,,,0,,,admin_unmatched_or_ambiguous
24599,清远,粤石潭镇,大围行政村,格圳村,清远市,石潭镇,,,0,,,admin_unmatched_or_ambiguous
24601,清远,粤石潭镇,大围行政村,桥头村,清远市,石潭镇,,,0,,,admin_unmatched_or_ambiguous
24528,清远,粤石潭镇,大洛行政村,军田村,清远市,石潭镇,,,0,,,admin_unmatched_or_ambiguous
24525,清远,粤石潭镇,大洛行政村,大洛村,清远市,石潭镇,,,0,,,admin_unmatched_or_ambiguous
24526,清远,粤石潭镇,大洛行政村,洞心一村,清远市,石潭镇,,,0,,,admin_unmatched_or_ambiguous
24527,清远,粤石潭镇,大洛行政村,洞心二村,清远市,石潭镇,,,0,,,admin_unmatched_or_ambiguous
24530,清远,粤石潭镇,大洛行政村,牛挨石村,清远市,石潭镇,,,0,,,admin_unmatched_or_ambiguous
24531,清远,粤石潭镇,大洛行政村,狮子围村,清远市,石潭镇,,,0,,,admin_unmatched_or_ambiguous
24532,清远,粤石潭镇,大洛行政村,田了村,清远市,石潭镇,,,0,,,admin_unmatched_or_ambiguous
24529,清远,粤石潭镇,大洛行政村,磨市村,清远市,石潭镇,,,0,,,admin_unmatched_or_ambiguous
24533,清远,粤石潭镇,大洛行政村,银定咀村,清远市,石潭镇,,,0,,,admin_unmatched_or_ambiguous
24594,清远,粤石潭镇,联滘行政村,塱仔村,清远市,石潭镇,,,0,,,admin_unmatched_or_ambiguous
24593,清远,粤石潭镇,联滘行政村,建庄村,清远市,石潭镇,,,0,,,admin_unmatched_or_ambiguous
24592,清远,粤石潭镇,联滘行政村,建福村,清远市,石潭镇,,,0,,,admin_unmatched_or_ambiguous
24596,清远,粤石潭镇,联滘行政村,文田村,清远市,石潭镇,,,0,,,admin_unmatched_or_ambiguous
24591,清远,粤石潭镇,联滘行政村,格河村,清远市,石潭镇,,,0,,,admin_unmatched_or_ambiguous
24595,清远,粤石潭镇,联滘行政村,水西村,清远市,石潭镇,,,0,,,admin_unmatched_or_ambiguous
24590,清远,粤石潭镇,联滘行政村,洞尾村,清远市,石潭镇,,,0,,,admin_unmatched_or_ambiguous
24597,清远,粤石潭镇,联滘行政村,竹兜垮村,清远市,石潭镇,,,0,,,admin_unmatched_or_ambiguous
27257,清远,英城街道,矮山坪行政村,六村,清远市,英城街道,,,0,,,admin_unmatched_or_ambiguous
27258,清远,英城街道,矮山坪行政村,塘底村,清远市,英城街道,,,0,,,admin_unmatched_or_ambiguous
27259,清远,英城街道,矮山坪行政村,莫屋村,清远市,英城街道,,,0,,,admin_unmatched_or_ambiguous
27260,清远,英城街道,矮山坪行政村,虎头围村,清远市,英城街道,,,0,,,admin_unmatched_or_ambiguous
27261,清远,英城街道,矮山坪行政村,谭屋村,清远市,英城街道,,,0,,,admin_unmatched_or_ambiguous
28365,清远,英红镇,云岭社区,云一云二组村,清远市,英红镇,,,0,,,admin_unmatched_or_ambiguous
28366,清远,英红镇,云岭社区,云山云河组村,清远市,英红镇,,,0,,,admin_unmatched_or_ambiguous
28364,清远,英红镇,云岭社区,云秀云丽组村,清远市,英红镇,,,0,,,admin_unmatched_or_ambiguous
28367,清远,英红镇,云岭社区,技校组村,清远市,英红镇,,,0,,,admin_unmatched_or_ambiguous
28290,清远,英红镇,坑口咀社区,农药厂小组村,清远市,英红镇,,,0,,,admin_unmatched_or_ambiguous
28291,清远,英红镇,坑口咀社区,唐屋村,清远市,英红镇,,,0,,,admin_unmatched_or_ambiguous
28292,清远,英红镇,坑口咀社区,坑口咀村,清远市,英红镇,,,0,,,admin_unmatched_or_ambiguous
28293,清远,英红镇,坑口咀社区,大塘尾村,清远市,英红镇,,,0,,,admin_unmatched_or_ambiguous
28294,清远,英红镇,坑口咀社区,新街村,清远市,英红镇,,,0,,,admin_unmatched_or_ambiguous
28295,清远,英红镇,坑口咀社区,机关小组村,清远市,英红镇,,,0,,,admin_unmatched_or_ambiguous
28296,清远,英红镇,坑口咀社区,水泥厂小组村,清远市,英红镇,,,0,,,admin_unmatched_or_ambiguous
28297,清远,英红镇,坑口咀社区,电力茶砖印刷小组村,清远市,英红镇,,,0,,,admin_unmatched_or_ambiguous
28298,清远,英红镇,坑口咀社区,航运小组村,清远市,英红镇,,,0,,,admin_unmatched_or_ambiguous
28299,清远,英红镇,坑口咀社区,茶机厂小组村,清远市,英红镇,,,0,,,admin_unmatched_or_ambiguous
28300,清远,英红镇,坑口咀社区,贸易商业小组村,清远市,英红镇,,,0,,,admin_unmatched_or_ambiguous
28301,清远,英红镇,坑口咀社区,运输供销小组村,清远市,英红镇,,,0,,,admin_unmatched_or_ambiguous
28302,清远,英红镇,坑口咀社区,隔坑村,清远市,英红镇,,,0,,,admin_unmatched_or_ambiguous
28303,清远,英红镇,坑口咀社区,麻步村,清远市,英红镇,,,0,,,admin_unmatched_or_ambiguous
28304,清远,英红镇,红光社区,红光一组村,清远市,英红镇,,,0,,,admin_unmatched_or_ambiguous
28306,清远,英红镇,红光社区,红光三组村,清远市,英红镇,,,0,,,admin_unmatched_or_ambiguous
28305,清远,英红镇,红光社区,红光二组村,清远市,英红镇,,,0,,,admin_unmatched_or_ambiguous
28308,清远,英红镇,红光社区,红光五组村,清远市,英红镇,,,0,,,admin_unmatched_or_ambiguous
28309,清远,英红镇,红光社区,红光六组村,清远市,英红镇,,,0,,,admin_unmatched_or_ambiguous
28307,清远,英红镇,红光社区,红光四组村,清远市,英红镇,,,0,,,admin_unmatched_or_ambiguous
28310,清远,英红镇,红卫社区,红卫一组村,清远市,英红镇,,,0,,,admin_unmatched_or_ambiguous
28316,清远,英红镇,红卫社区,红卫七组村,清远市,英红镇,,,0,,,admin_unmatched_or_ambiguous
28312,清远,英红镇,红卫社区,红卫三组村,清远市,英红镇,,,0,,,admin_unmatched_or_ambiguous
28318,清远,英红镇,红卫社区,红卫九组村,清远市,英红镇,,,0,,,admin_unmatched_or_ambiguous
28311,清远,英红镇,红卫社区,红卫二组村,清远市,英红镇,,,0,,,admin_unmatched_or_ambiguous
28314,清远,英红镇,红卫社区,红卫五组村,清远市,英红镇,,,0,,,admin_unmatched_or_ambiguous
28317,清远,英红镇,红卫社区,红卫八组村,清远市,英红镇,,,0,,,admin_unmatched_or_ambiguous
28315,清远,英红镇,红卫社区,红卫六组村,清远市,英红镇,,,0,,,admin_unmatched_or_ambiguous
28319,清远,英红镇,红卫社区,红卫十组村,清远市,英红镇,,,0,,,admin_unmatched_or_ambiguous
28313,清远,英红镇,红卫社区,红卫四组村,清远市,英红镇,,,0,,,admin_unmatched_or_ambiguous
26214,清远,连州镇,龙嘴行政村,三合塘村,清远市,连州镇,,,0,,,admin_unmatched_or_ambiguous
26217,清远,连州镇,龙嘴行政村,塘湾村,清远市,连州镇,,,0,,,admin_unmatched_or_ambiguous
26218,清远,连州镇,龙嘴行政村,塘湾肚村,清远市,连州镇,,,0,,,admin_unmatched_or_ambiguous
26220,清远,连州镇,龙嘴行政村,大布坪村,清远市,连州镇,,,0,,,admin_unmatched_or_ambiguous
26215,清远,连州镇,龙嘴行政村,新立寨村,清远市,连州镇,,,0,,,admin_unmatched_or_ambiguous
26219,清远,连州镇,龙嘴行政村,水岩村,清远市,连州镇,,,0,,,admin_unmatched_or_ambiguous
26216,清远,连州镇,龙嘴行政村,湟白水村,清远市,连州镇,,,0,,,admin_unmatched_or_ambiguous
25061,清远,迳头镇,井冈行政村,井前村,清远市,迳头镇,,,0,,,admin_unmatched_or_ambiguous
28646,清远,金沙口镇,平峰行政村,上黄村,清远市,沙口镇,,,0,,,admin_unmatched_or_ambiguous
28649,清远,金沙口镇,平峰行政村,下沟村,清远市,沙口镇,,,0,,,admin_unmatched_or_ambiguous
28650,清远,金沙口镇,平峰行政村,下黄村,清远市,沙口镇,,,0,,,admin_unmatched_or_ambiguous
28642,清远,金沙口镇,平峰行政村,卢屋村,清远市,沙口镇,,,0,,,admin_unmatched_or_ambiguous
28647,清远,金沙口镇,平峰行政村,塘基下村,清远市,沙口镇,,,0,,,admin_unmatched_or_ambiguous
28640,清远,金沙口镇,平峰行政村,大墩背村,清远市,沙口镇,,,0,,,admin_unmatched_or_ambiguous
28645,清远,金沙口镇,平峰行政村,山下新村,清远市,沙口镇,,,0,,,admin_unmatched_or_ambiguous
28644,清远,金沙口镇,平峰行政村,山下老村,清远市,沙口镇,,,0,,,admin_unmatched_or_ambiguous
28653,清远,金沙口镇,平峰行政村,岭背村,清远市,沙口镇,,,0,,,admin_unmatched_or_ambiguous
28652,清远,金沙口镇,平峰行政村,李元村,清远市,沙口镇,,,0,,,admin_unmatched_or_ambiguous
28641,清远,金沙口镇,平峰行政村,梁屋村,清远市,沙口镇,,,0,,,admin_unmatched_or_ambiguous
28648,清远,金沙口镇,平峰行政村,细楼村,清远市,沙口镇,,,0,,,admin_unmatched_or_ambiguous
28651,清远,金沙口镇,平峰行政村,袁屋村,清远市,沙口镇,,,0,,,admin_unmatched_or_ambiguous
28643,清远,金沙口镇,平峰行政村,马头寨村,清远市,沙口镇,,,0,,,admin_unmatched_or_ambiguous
28604,清远,金沙口镇,红峰行政村,上莲塘村,清远市,沙口镇,,,0,,,admin_unmatched_or_ambiguous
28605,清远,金沙口镇,红峰行政村,下莲塘村,清远市,沙口镇,,,0,,,admin_unmatched_or_ambiguous
24889,清远,金石角镇,附城社区,后龙村,清远市,石角镇,,,0,,,admin_unmatched_or_ambiguous
24890,清远,金石角镇,附城社区,邓宅村,清远市,石角镇,,,0,,,admin_unmatched_or_ambiguous
28072,清远,雪西牛镇,五石行政村,何屋村,清远市,西牛镇,,,0,,,admin_unmatched_or_ambiguous
28080,清远,雪西牛镇,五石行政村,余上坝村,清远市,西牛镇,,,0,,,admin_unmatched_or_ambiguous
28071,清远,雪西牛镇,五石行政村,垮子村,清远市,西牛镇,,,0,,,admin_unmatched_or_ambiguous
28077,清远,雪西牛镇,五石行政村,巫屋村,清远市,西牛镇,,,0,,,admin_unmatched_or_ambiguous
28074,清远,雪西牛镇,五石行政村,李屋村,清远市,西牛镇,,,0,,,admin_unmatched_or_ambiguous
28075,清远,雪西牛镇,五石行政村,泥黄坑村,清远市,西牛镇,,,0,,,admin_unmatched_or_ambiguous
28078,清远,雪西牛镇,五石行政村,熊屋村,清远市,西牛镇,,,0,,,admin_unmatched_or_ambiguous
28079,清远,雪西牛镇,五石行政村,秧地田村,清远市,西牛镇,,,0,,,admin_unmatched_or_ambiguous
28073,清远,雪西牛镇,五石行政村,赖屋村,清远市,西牛镇,,,0,,,admin_unmatched_or_ambiguous
28076,清远,雪西牛镇,五石行政村,饶屋村,清远市,西牛镇,,,0,,,admin_unmatched_or_ambiguous
28084,清远,雪西牛镇,仙蕉坑行政村,七星墩丘屋村,清远市,西牛镇,,,0,,,admin_unmatched_or_ambiguous
28083,清远,雪西牛镇,仙蕉坑行政村,七星墩村,清远市,西牛镇,,,0,,,admin_unmatched_or_ambiguous
28085,清远,雪西牛镇,仙蕉坑行政村,上洋坝村,清远市,西牛镇,,,0,,,admin_unmatched_or_ambiguous
28090,清远,雪西牛镇,仙蕉坑行政村,中陂村,清远市,西牛镇,,,0,,,admin_unmatched_or_ambiguous
28087,清远,雪西牛镇,仙蕉坑行政村,小水刘村,清远市,西牛镇,,,0,,,admin_unmatched_or_ambiguous
28088,清远,雪西牛镇,仙蕉坑行政村,小水李村,清远市,西牛镇,,,0,,,admin_unmatched_or_ambiguous
28086,清远,雪西牛镇,仙蕉坑行政村,林屋村,清远市,西牛镇,,,0,,,admin_unmatched_or_ambiguous
28081,清远,雪西牛镇,仙蕉坑行政村,花树下村,清远市,西牛镇,,,0,,,admin_unmatched_or_ambiguous
28082,清远,雪西牛镇,仙蕉坑行政村,马荠塘村,清远市,西牛镇,,,0,,,admin_unmatched_or_ambiguous
28089,清远,雪西牛镇,仙蕉坑行政村,鸭麻湖村,清远市,西牛镇,,,0,,,admin_unmatched_or_ambiguous
28024,清远,雪西牛镇,博下行政村,坝头村,清远市,西牛镇,,,0,,,admin_unmatched_or_ambiguous
28026,清远,雪西牛镇,博下行政村,岐山头村,清远市,西牛镇,,,0,,,admin_unmatched_or_ambiguous
28027,清远,雪西牛镇,博下行政村,清水湾村,清远市,西牛镇,,,0,,,admin_unmatched_or_ambiguous
28025,清远,雪西牛镇,博下行政村,茅岭村,清远市,西牛镇,,,0,,,admin_unmatched_or_ambiguous
28028,清远,雪西牛镇,博下行政村,长利店村,清远市,西牛镇,,,0,,,admin_unmatched_or_ambiguous
28098,清远,雪西牛镇,新益行政村,三岔塘村,清远市,西牛镇,,,0,,,admin_unmatched_or_ambiguous
28100,清远,雪西牛镇,新益行政村,上陈村,清远市,西牛镇,,,0,,,admin_unmatched_or_ambiguous
28107,清远,雪西牛镇,新益行政村,下陈村,清远市,西牛镇,,,0,,,admin_unmatched_or_ambiguous
28097,清远,雪西牛镇,新益行政村,丘屋村,清远市,西牛镇,,,0,,,admin_unmatched_or_ambiguous
28105,清远,雪西牛镇,新益行政村,外岭村,清远市,西牛镇,,,0,,,admin_unmatched_or_ambiguous
28092,清远,雪西牛镇,新益行政村,大坪村,清远市,西牛镇,,,0,,,admin_unmatched_or_ambiguous
28099,清远,雪西牛镇,新益行政村,山子下村,清远市,西牛镇,,,0,,,admin_unmatched_or_ambiguous
28094,清远,雪西牛镇,新益行政村,廖屋村,清远市,西牛镇,,,0,,,admin_unmatched_or_ambiguous
28096,清远,雪西牛镇,新益行政村,梅秀山村,清远市,西牛镇,,,0,,,admin_unmatched_or_ambiguous
28109,清远,雪西牛镇,新益行政村,樟树潭村,清远市,西牛镇,,,0,,,admin_unmatched_or_ambiguous
28101,清远,雪西牛镇,新益行政村,水背村,清远市,西牛镇,,,0,,,admin_unmatched_or_ambiguous
28102,清远,雪西牛镇,新益行政村,田一村,清远市,西牛镇,,,0,,,admin_unmatched_or_ambiguous
28104,清远,雪西牛镇,新益行政村,田三村,清远市,西牛镇,,,0,,,admin_unmatched_or_ambiguous
28103,清远,雪西牛镇,新益行政村,田二村,清远市,西牛镇,,,0,,,admin_unmatched_or_ambiguous
28106,清远,雪西牛镇,新益行政村,窝子村,清远市,西牛镇,,,0,,,admin_unmatched_or_ambiguous
28091,清远,雪西牛镇,新益行政村,车田村,清远市,西牛镇,,,0,,,admin_unmatched_or_ambiguous
28095,清远,雪西牛镇,新益行政村,马屋村,清远市,西牛镇,,,0,,,admin_unmatched_or_ambiguous
28093,清远,雪西牛镇,新益行政村,高树下村,清远市,西牛镇,,,0,,,admin_unmatched_or_ambiguous
28108,清远,雪西牛镇,新益行政村,鱼梁头村,清远市,西牛镇,,,0,,,admin_unmatched_or_ambiguous
28014,清远,雪西牛镇,板甫行政村,上四房村,清远市,西牛镇,,,0,,,admin_unmatched_or_ambiguous
28019,清远,雪西牛镇,板甫行政村,下四房村,清远市,西牛镇,,,0,,,admin_unmatched_or_ambiguous
28005,清远,雪西牛镇,板甫行政村,会星楼村,清远市,西牛镇,,,0,,,admin_unmatched_or_ambiguous
28007,清远,雪西牛镇,板甫行政村,六房村,清远市,西牛镇,,,0,,,admin_unmatched_or_ambiguous
28018,清远,雪西牛镇,板甫行政村,围楼村,清远市,西牛镇,,,0,,,admin_unmatched_or_ambiguous
28022,清远,雪西牛镇,板甫行政村,圳头围村,清远市,西牛镇,,,0,,,admin_unmatched_or_ambiguous
28012,清远,雪西牛镇,板甫行政村,堑下村,清远市,西牛镇,,,0,,,admin_unmatched_or_ambiguous
28017,清远,雪西牛镇,板甫行政村,塘下村,清远市,西牛镇,,,0,,,admin_unmatched_or_ambiguous
28020,清远,雪西牛镇,板甫行政村,徐屋村,清远市,西牛镇,,,0,,,admin_unmatched_or_ambiguous
28021,清远,雪西牛镇,板甫行政村,有和堂村,清远市,西牛镇,,,0,,,admin_unmatched_or_ambiguous
28015,清远,雪西牛镇,板甫行政村,树山村,清远市,西牛镇,,,0,,,admin_unmatched_or_ambiguous
28011,清远,雪西牛镇,板甫行政村,梅屋村,清远市,西牛镇,,,0,,,admin_unmatched_or_ambiguous
28013,清远,雪西牛镇,板甫行政村,榕树下村,清远市,西牛镇,,,0,,,admin_unmatched_or_ambiguous
28016,清远,雪西牛镇,板甫行政村,水尾张村,清远市,西牛镇,,,0,,,admin_unmatched_or_ambiguous
28023,清远,雪西牛镇,板甫行政村,竹子坝村,清远市,西牛镇,,,0,,,admin_unmatched_or_ambiguous
28009,清远,雪西牛镇,板甫行政村,罗庚围村,清远市,西牛镇,,,0,,,admin_unmatched_or_ambiguous
28004,清远,雪西牛镇,板甫行政村,背夫岭村,清远市,西牛镇,,,0,,,admin_unmatched_or_ambiguous
28006,清远,雪西牛镇,板甫行政村,鸡鸣镇村,清远市,西牛镇,,,0,,,admin_unmatched_or_ambiguous
28010,清远,雪西牛镇,板甫行政村,麻子园村,清远市,西牛镇,,,0,,,admin_unmatched_or_ambiguous
28008,清远,雪西牛镇,板甫行政村,龙口张村,清远市,西牛镇,,,0,,,admin_unmatched_or_ambiguous
28048,清远,雪西牛镇,桥头社区,上塘村,清远市,西牛镇,,,0,,,admin_unmatched_or_ambiguous
28047,清远,雪西牛镇,桥头社区,上街村,清远市,西牛镇,,,0,,,admin_unmatched_or_ambiguous
28049,清远,雪西牛镇,桥头社区,下街村,清远市,西牛镇,,,0,,,admin_unmatched_or_ambiguous
28046,清远,雪西牛镇,桥头社区,丘屋村,清远市,西牛镇,,,0,,,admin_unmatched_or_ambiguous
28051,清远,雪西牛镇,桥头社区,东坑村,清远市,西牛镇,,,0,,,admin_unmatched_or_ambiguous
28045,清远,雪西牛镇,桥头社区,坪山村,清远市,西牛镇,,,0,,,admin_unmatched_or_ambiguous
28042,清远,雪西牛镇,桥头社区,大塘尾村,清远市,西牛镇,,,0,,,admin_unmatched_or_ambiguous
28044,清远,雪西牛镇,桥头社区,宁屋村,清远市,西牛镇,,,0,,,admin_unmatched_or_ambiguous
28050,清远,雪西牛镇,桥头社区,新华村,清远市,西牛镇,,,0,,,admin_unmatched_or_ambiguous
28043,清远,雪西牛镇,桥头社区,黄屋村,清远市,西牛镇,,,0,,,admin_unmatched_or_ambiguous
28063,清远,雪西牛镇,潭坑行政村,上杨村,清远市,西牛镇,,,0,,,admin_unmatched_or_ambiguous
28066,清远,雪西牛镇,潭坑行政村,下陈村,清远市,西牛镇,,,0,,,admin_unmatched_or_ambiguous
28060,清远,雪西牛镇,潭坑行政村,大围村,清远市,西牛镇,,,0,,,admin_unmatched_or_ambiguous
28059,清远,雪西牛镇,潭坑行政村,大黄坑村,清远市,西牛镇,,,0,,,admin_unmatched_or_ambiguous
28067,清远,雪西牛镇,潭坑行政村,巷尾村,清远市,西牛镇,,,0,,,admin_unmatched_or_ambiguous
28070,清远,雪西牛镇,潭坑行政村,张屋村,清远市,西牛镇,,,0,,,admin_unmatched_or_ambiguous
28061,清远,雪西牛镇,潭坑行政村,李屋村,清远市,西牛镇,,,0,,,admin_unmatched_or_ambiguous
28069,清远,雪西牛镇,潭坑行政村,杨屋村,清远市,西牛镇,,,0,,,admin_unmatched_or_ambiguous
28065,清远,雪西牛镇,潭坑行政村,细黄坑村,清远市,西牛镇,,,0,,,admin_unmatched_or_ambiguous
28064,清远,雪西牛镇,潭坑行政村,翁屋村,清远市,西牛镇,,,0,,,admin_unmatched_or_ambiguous
28068,清远,雪西牛镇,潭坑行政村,许屋村,清远市,西牛镇,,,0,,,admin_unmatched_or_ambiguous
28062,清远,雪西牛镇,潭坑行政村,龙头围村,清远市,西牛镇,,,0,,,admin_unmatched_or_ambiguous
28056,清远,雪西牛镇,石角行政村,下塘村,清远市,西牛镇,,,0,,,admin_unmatched_or_ambiguous
28058,清远,雪西牛镇,石角行政村,张屋村,清远市,西牛镇,,,0,,,admin_unmatched_or_ambiguous
28054,清远,雪西牛镇,石角行政村,河唇廖村,清远市,西牛镇,,,0,,,admin_unmatched_or_ambiguous
28053,清远,雪西牛镇,石角行政村,渡头陈村,清远市,西牛镇,,,0,,,admin_unmatched_or_ambiguous
28055,清远,雪西牛镇,石角行政村,石屋村,清远市,西牛镇,,,0,,,admin_unmatched_or_ambiguous
28057,清远,雪西牛镇,石角行政村,肖屋村,清远市,西牛镇,,,0,,,admin_unmatched_or_ambiguous
28052,清远,雪西牛镇,石角行政村,陂尾村,清远市,西牛镇,,,0,,,admin_unmatched_or_ambiguous
28031,清远,雪西牛镇,红桥行政村,内围村,清远市,西牛镇,,,0,,,admin_unmatched_or_ambiguous
28034,清远,雪西牛镇,红桥行政村,塘窝围村,清远市,西牛镇,,,0,,,admin_unmatched_or_ambiguous
28032,清远,雪西牛镇,红桥行政村,外围村,清远市,西牛镇,,,0,,,admin_unmatched_or_ambiguous
28030,清远,雪西牛镇,红桥行政村,河背村,清远市,西牛镇,,,0,,,admin_unmatched_or_ambiguous
28029,清远,雪西牛镇,红桥行政村,草塘村,清远市,西牛镇,,,0,,,admin_unmatched_or_ambiguous
28033,清远,雪西牛镇,红桥行政村,莲塘村,清远市,西牛镇,,,0,,,admin_unmatched_or_ambiguous
28035,清远,雪西牛镇,红桥行政村,远前村,清远市,西牛镇,,,0,,,admin_unmatched_or_ambiguous
28040,清远,雪西牛镇,联群行政村,下杨村,清远市,西牛镇,,,0,,,admin_unmatched_or_ambiguous
28037,清远,雪西牛镇,联群行政村,丘屋村,清远市,西牛镇,,,0,,,admin_unmatched_or_ambiguous
28038,清远,雪西牛镇,联群行政村,塘尾头村,清远市,西牛镇,,,0,,,admin_unmatched_or_ambiguous
28039,清远,雪西牛镇,联群行政村,田寮下村,清远市,西牛镇,,,0,,,admin_unmatched_or_ambiguous
28041,清远,雪西牛镇,联群行政村,竹子坑村,清远市,西牛镇,,,0,,,admin_unmatched_or_ambiguous
28036,清远,雪西牛镇,联群行政村,郭屋村,清远市,西牛镇,,,0,,,admin_unmatched_or_ambiguous
26034,清远,飞来峡镇,清华社区,元一村,清远市,飞来峡镇,,,0,,,admin_unmatched_or_ambiguous
26035,清远,飞来峡镇,清华社区,元二村,清远市,飞来峡镇,,,0,,,admin_unmatched_or_ambiguous
26028,清远,飞来峡镇,清华社区,创新村,清远市,飞来峡镇,,,0,,,admin_unmatched_or_ambiguous
26029,清远,飞来峡镇,清华社区,带头村,清远市,飞来峡镇,,,0,,,admin_unmatched_or_ambiguous
26033,清远,飞来峡镇,清华社区,新华村,清远市,飞来峡镇,,,0,,,admin_unmatched_or_ambiguous
26032,清远,飞来峡镇,清华社区,立新村,清远市,飞来峡镇,,,0,,,admin_unmatched_or_ambiguous
26030,清远,飞来峡镇,清华社区,飞机场村,清远市,飞来峡镇,,,0,,,admin_unmatched_or_ambiguous
26031,清远,飞来峡镇,清华社区,黄金埔村,清远市,飞来峡镇,,,0,,,admin_unmatched_or_ambiguous
26049,清远,飞来峡镇,龙埗社区,上龙村,清远市,飞来峡镇,,,0,,,admin_unmatched_or_ambiguous
26050,清远,飞来峡镇,龙埗社区,下龙村,清远市,飞来峡镇,,,0,,,admin_unmatched_or_ambiguous
26041,清远,飞来峡镇,龙埗社区,大厂一村,清远市,飞来峡镇,,,0,,,admin_unmatched_or_ambiguous
26043,清远,飞来峡镇,龙埗社区,大厂三村,清远市,飞来峡镇,,,0,,,admin_unmatched_or_ambiguous
26042,清远,飞来峡镇,龙埗社区,大厂二村,清远市,飞来峡镇,,,0,,,admin_unmatched_or_ambiguous
26036,清远,飞来峡镇,龙埗社区,大布一村,清远市,飞来峡镇,,,0,,,admin_unmatched_or_ambiguous
26038,清远,飞来峡镇,龙埗社区,大布三村,清远市,飞来峡镇,,,0,,,admin_unmatched_or_ambiguous
26037,清远,飞来峡镇,龙埗社区,大布二村,清远市,飞来峡镇,,,0,,,admin_unmatched_or_ambiguous
26040,清远,飞来峡镇,龙埗社区,大布五村,清远市,飞来峡镇,,,0,,,admin_unmatched_or_ambiguous
26039,清远,飞来峡镇,龙埗社区,大布四村,清远市,飞来峡镇,,,0,,,admin_unmatched_or_ambiguous
26044,清远,飞来峡镇,龙埗社区,大路坳村,清远市,飞来峡镇,,,0,,,admin_unmatched_or_ambiguous
26052,清远,飞来峡镇,龙埗社区,新村,清远市,飞来峡镇,,,0,,,admin_unmatched_or_ambiguous
26045,清远,飞来峡镇,龙埗社区,横岗一村,清远市,飞来峡镇,,,0,,,admin_unmatched_or_ambiguous
26047,清远,飞来峡镇,龙埗社区,横岗三村,清远市,飞来峡镇,,,0,,,admin_unmatched_or_ambiguous
26046,清远,飞来峡镇,龙埗社区,横岗二村,清远市,飞来峡镇,,,0,,,admin_unmatched_or_ambiguous
26051,清远,飞来峡镇,龙埗社区,水闸村,清远市,飞来峡镇,,,0,,,admin_unmatched_or_ambiguous
26048,清远,飞来峡镇,龙埗社区,较杯村,清远市,飞来峡镇,,,0,,,admin_unmatched_or_ambiguous
26053,清远,飞来峡镇,龙埗社区,鱼龙岭一村,清远市,飞来峡镇,,,0,,,admin_unmatched_or_ambiguous
26054,清远,飞来峡镇,龙埗社区,鱼龙岭二村,清远市,飞来峡镇,,,0,,,admin_unmatched_or_ambiguous
29279,清远,黄花镇,孔迳行政村,乌泥坪村,清远市,黄花镇,,,0,,,admin_unmatched_or_ambiguous
29264,清远,黄花镇,孔迳行政村,佛仔坪村,清远市,黄花镇,,,0,,,admin_unmatched_or_ambiguous
29262,清远,黄花镇,孔迳行政村,办迳上村,清远市,黄花镇,,,0,,,admin_unmatched_or_ambiguous
29263,清远,黄花镇,孔迳行政村,办迳下村,清远市,黄花镇,,,0,,,admin_unmatched_or_ambiguous
29270,清远,黄花镇,孔迳行政村,加山村,清远市,黄花镇,,,0,,,admin_unmatched_or_ambiguous
29271,清远,黄花镇,孔迳行政村,坑口村,清远市,黄花镇,,,0,,,admin_unmatched_or_ambiguous
29272,清远,黄花镇,孔迳行政村,梅仔屈村,清远市,黄花镇,,,0,,,admin_unmatched_or_ambiguous
29275,清远,黄花镇,孔迳行政村,沙坪村,清远市,黄花镇,,,0,,,admin_unmatched_or_ambiguous
29274,清远,黄花镇,孔迳行政村,泣木树村,清远市,黄花镇,,,0,,,admin_unmatched_or_ambiguous
29276,清远,黄花镇,孔迳行政村,深洞村,清远市,黄花镇,,,0,,,admin_unmatched_or_ambiguous
29273,清远,黄花镇,孔迳行政村,牛力螃村,清远市,黄花镇,,,0,,,admin_unmatched_or_ambiguous
29278,清远,黄花镇,孔迳行政村,田下村,清远市,黄花镇,,,0,,,admin_unmatched_or_ambiguous
29277,清远,黄花镇,孔迳行政村,田了岗村,清远市,黄花镇,,,0,,,admin_unmatched_or_ambiguous
29280,清远,黄花镇,孔迳行政村,秧地郎村,清远市,黄花镇,,,0,,,admin_unmatched_or_ambiguous
29281,清远,黄花镇,孔迳行政村,竹刀垮村,清远市,黄花镇,,,0,,,admin_unmatched_or_ambiguous
29267,清远,黄花镇,孔迳行政村,红岩坪村,清远市,黄花镇,,,0,,,admin_unmatched_or_ambiguous
29265,清远,黄花镇,孔迳行政村,高郎村,清远市,黄花镇,,,0,,,admin_unmatched_or_ambiguous
29269,清远,黄花镇,孔迳行政村,鸡芹坪村,清远市,黄花镇,,,0,,,admin_unmatched_or_ambiguous
29268,清远,黄花镇,孔迳行政村,黄潮洞村,清远市,黄花镇,,,0,,,admin_unmatched_or_ambiguous
29266,清远,黄花镇,孔迳行政村,龟岗村,清远市,黄花镇,,,0,,,admin_unmatched_or_ambiguous
25214,清远,龙山镇,泣镇行政村,上村,清远市,龙山镇,,,0,,,admin_unmatched_or_ambiguous
25216,清远,龙山镇,泣镇行政村,下村,清远市,龙山镇,,,0,,,admin_unmatched_or_ambiguous
25215,清远,龙山镇,泣镇行政村,中村,清远市,龙山镇,,,0,,,admin_unmatched_or_ambiguous
23633,清远,龙颈镇,怖田行政村,东坑村,清远市,龙颈镇,,,0,,,admin_unmatched_or_ambiguous
23637,清远,龙颈镇,怖田行政村,大岭脚村,清远市,龙颈镇,,,0,,,admin_unmatched_or_ambiguous
23638,清远,龙颈镇,怖田行政村,小麻坑村,清远市,龙颈镇,,,0,,,admin_unmatched_or_ambiguous
23635,清远,龙颈镇,怖田行政村,庵田村,清远市,龙颈镇,,,0,,,admin_unmatched_or_ambiguous
23634,清远,龙颈镇,怖田行政村,怖田村,清远市,龙颈镇,,,0,,,admin_unmatched_or_ambiguous
23630,清远,龙颈镇,怖田行政村,正坑口村,清远市,龙颈镇,,,0,,,admin_unmatched_or_ambiguous
23629,清远,龙颈镇,怖田行政村,正坑尾村,清远市,龙颈镇,,,0,,,admin_unmatched_or_ambiguous
23632,清远,龙颈镇,怖田行政村,浦达塱村,清远市,龙颈镇,,,0,,,admin_unmatched_or_ambiguous
23636,清远,龙颈镇,怖田行政村,石角坳村,清远市,龙颈镇,,,0,,,admin_unmatched_or_ambiguous
23631,清远,龙颈镇,怖田行政村,鹪鸪坝村,清远市,龙颈镇,,,0,,,admin_unmatched_or_ambiguous
74433,湛江,下六圩社区,姓欧行政村,姓欧村,湛江市,草潭镇,,,0,,,admin_unmatched_or_ambiguous
74432,湛江,下六圩社区,姓毛行政村,姓毛村,湛江市,草潭镇,,,0,,,admin_unmatched_or_ambiguous
74411,湛江,下六圩社区,姓马行政村,姓许村,湛江市,草潭镇,,,0,,,admin_unmatched_or_ambiguous
74412,湛江,下六圩社区,姓马行政村,姓马村,湛江市,草潭镇,,,0,,,admin_unmatched_or_ambiguous
74429,湛江,下六圩社区,田头壳行政村,田头壳村,湛江市,草潭镇,,,0,,,admin_unmatched_or_ambiguous
74440,湛江,下六圩社区,红前地行政村,红薛地大村,湛江市,草潭镇,,,0,,,admin_unmatched_or_ambiguous
74441,湛江,下六圩社区,红前地行政村,红薛地小村,湛江市,草潭镇,,,0,,,admin_unmatched_or_ambiguous
74439,湛江,下六圩社区,艾仔寮行政村,艾仔寮村,湛江市,草潭镇,,,0,,,admin_unmatched_or_ambiguous
74431,湛江,下六圩社区,铺仔行政村,铺仔村,湛江市,草潭镇,,,0,,,admin_unmatched_or_ambiguous
80154,湛江,下桥镇,下桥行政村,下洋仔村,湛江市,下桥镇,,,0,,,admin_unmatched_or_ambiguous
80162,湛江,下桥镇,下桥行政村,六片田村,湛江市,下桥镇,,,0,,,admin_unmatched_or_ambiguous
80160,湛江,下桥镇,下桥行政村,加丁头村,湛江市,下桥镇,,,0,,,admin_unmatched_or_ambiguous
80155,湛江,下桥镇,下桥行政村,南园村,湛江市,下桥镇,,,0,,,admin_unmatched_or_ambiguous
80158,湛江,下桥镇,下桥行政村,后蜗村,湛江市,下桥镇,,,0,,,admin_unmatched_or_ambiguous
80156,湛江,下桥镇,下桥行政村,桥头村,湛江市,下桥镇,,,0,,,admin_unmatched_or_ambiguous
80153,湛江,下桥镇,下桥行政村,横都村,湛江市,下桥镇,,,0,,,admin_unmatched_or_ambiguous
80163,湛江,下桥镇,下桥行政村,长塌村,湛江市,下桥镇,,,0,,,admin_unmatched_or_ambiguous
80157,湛江,下桥镇,下桥行政村,陈宅村,湛江市,下桥镇,,,0,,,admin_unmatched_or_ambiguous
80159,湛江,下桥镇,下桥行政村,黄宅村,湛江市,下桥镇,,,0,,,admin_unmatched_or_ambiguous
80161,湛江,下桥镇,下桥行政村,黎宅村,湛江市,下桥镇,,,0,,,admin_unmatched_or_ambiguous
80126,湛江,下桥镇,迈蜗行政村,东安村,湛江市,下桥镇,,,0,,,admin_unmatched_or_ambiguous
80127,湛江,下桥镇,迈蜗行政村,二桥村,湛江市,下桥镇,,,0,,,admin_unmatched_or_ambiguous
80122,湛江,下桥镇,迈蜗行政村,八斗村,湛江市,下桥镇,,,0,,,admin_unmatched_or_ambiguous
80124,湛江,下桥镇,迈蜗行政村,北合村,湛江市,下桥镇,,,0,,,admin_unmatched_or_ambiguous
80123,湛江,下桥镇,迈蜗行政村,北沟村,湛江市,下桥镇,,,0,,,admin_unmatched_or_ambiguous
80129,湛江,下桥镇,迈蜗行政村,坑仔村,湛江市,下桥镇,,,0,,,admin_unmatched_or_ambiguous
80125,湛江,下桥镇,迈蜗行政村,本蜗村,湛江市,下桥镇,,,0,,,admin_unmatched_or_ambiguous
80128,湛江,下桥镇,迈蜗行政村,沟尾村,湛江市,下桥镇,,,0,,,admin_unmatched_or_ambiguous
80117,湛江,下桥镇,迈蜗行政村,百亩塘村,湛江市,下桥镇,,,0,,,admin_unmatched_or_ambiguous
80121,湛江,下桥镇,迈蜗行政村,竹林村,湛江市,下桥镇,,,0,,,admin_unmatched_or_ambiguous
80118,湛江,下桥镇,迈蜗行政村,迈佬上村,湛江市,下桥镇,,,0,,,admin_unmatched_or_ambiguous
80119,湛江,下桥镇,迈蜗行政村,迈佬下村,湛江市,下桥镇,,,0,,,admin_unmatched_or_ambiguous
80120,湛江,下桥镇,迈蜗行政村,迈佬新村,湛江市,下桥镇,,,0,,,admin_unmatched_or_ambiguous
80116,湛江,下桥镇,迈蜗行政村,迈蜗村,湛江市,下桥镇,,,0,,,admin_unmatched_or_ambiguous
81140,湛江,东简街道,三明行政村,三盆村,湛江市,东简街道,,,0,,,admin_unmatched_or_ambiguous
81141,湛江,东简街道,三明行政村,五花村,湛江市,东简街道,,,0,,,admin_unmatched_or_ambiguous
81144,湛江,东简街道,三星行政村,内林村,湛江市,东简街道,,,0,,,admin_unmatched_or_ambiguous
81145,湛江,东简街道,三星行政村,南坡村,湛江市,东简街道,,,0,,,admin_unmatched_or_ambiguous
81148,湛江,东简街道,三星行政村,小那尾村,湛江市,东简街道,,,0,,,admin_unmatched_or_ambiguous
81147,湛江,东简街道,三星行政村,尼山村,湛江市,东简街道,,,0,,,admin_unmatched_or_ambiguous
81143,湛江,东简街道,三星行政村,梁屋村,湛江市,东简街道,,,0,,,admin_unmatched_or_ambiguous
81146,湛江,东简街道,三星行政村,芒枞村,湛江市,东简街道,,,0,,,admin_unmatched_or_ambiguous
81142,湛江,东简街道,三星行政村,西姜村,湛江市,东简街道,,,0,,,admin_unmatched_or_ambiguous
81112,湛江,东简街道,中和行政村,合和村,湛江市,东简街道,,,0,,,admin_unmatched_or_ambiguous
81105,湛江,东简街道,中和行政村,吴屋村,湛江市,东简街道,,,0,,,admin_unmatched_or_ambiguous
81106,湛江,东简街道,中和行政村,客屋村,湛江市,东简街道,,,0,,,admin_unmatched_or_ambiguous
81113,湛江,东简街道,中和行政村,才坡村,湛江市,东简街道,,,0,,,admin_unmatched_or_ambiguous
81110,湛江,东简街道,中和行政村,文丹上村,湛江市,东简街道,,,0,,,admin_unmatched_or_ambiguous
81111,湛江,东简街道,中和行政村,文丹下村,湛江市,东简街道,,,0,,,admin_unmatched_or_ambiguous
81108,湛江,东简街道,中和行政村,田交仔村,湛江市,东简街道,,,0,,,admin_unmatched_or_ambiguous
81107,湛江,东简街道,中和行政村,田交村,湛江市,东简街道,,,0,,,admin_unmatched_or_ambiguous
81109,湛江,东简街道,中和行政村,苏屋村,湛江市,东简街道,,,0,,,admin_unmatched_or_ambiguous
81104,湛江,东简街道,中和行政村,迈旺村,湛江市,东简街道,,,0,,,admin_unmatched_or_ambiguous
81114,湛江,东简街道,中和行政村,龙轩村,湛江市,东简街道,,,0,,,admin_unmatched_or_ambiguous
81131,湛江,东简街道,丹僚行政村,丹寮上村,湛江市,东简街道,,,0,,,admin_unmatched_or_ambiguous
81132,湛江,东简街道,丹僚行政村,丹寮下村,湛江市,东简街道,,,0,,,admin_unmatched_or_ambiguous
81133,湛江,东简街道,丹僚行政村,丹雾村,湛江市,东简街道,,,0,,,admin_unmatched_or_ambiguous
81138,湛江,东简街道,丹僚行政村,后山村,湛江市,东简街道,,,0,,,admin_unmatched_or_ambiguous
81139,湛江,东简街道,丹僚行政村,毛坑村,湛江市,东简街道,,,0,,,admin_unmatched_or_ambiguous
81134,湛江,东简街道,丹僚行政村,水逻村,湛江市,东简街道,,,0,,,admin_unmatched_or_ambiguous
81135,湛江,东简街道,丹僚行政村,金家东村,湛江市,东简街道,,,0,,,admin_unmatched_or_ambiguous
81136,湛江,东简街道,丹僚行政村,金家中村,湛江市,东简街道,,,0,,,admin_unmatched_or_ambiguous
81137,湛江,东简街道,丹僚行政村,金家西村,湛江市,东简街道,,,0,,,admin_unmatched_or_ambiguous
81129,湛江,东简街道,文亚行政村,北海村,湛江市,东简街道,,,0,,,admin_unmatched_or_ambiguous
81128,湛江,东简街道,文亚行政村,山头村,湛江市,东简街道,,,0,,,admin_unmatched_or_ambiguous
81130,湛江,东简街道,文亚行政村,文亚新村,湛江市,东简街道,,,0,,,admin_unmatched_or_ambiguous
81151,湛江,东简街道,新安行政村,北边村,湛江市,东简街道,,,0,,,admin_unmatched_or_ambiguous
81149,湛江,东简街道,新安行政村,新安圩,湛江市,东简街道,,,0,,,admin_unmatched_or_ambiguous
81153,湛江,东简街道,新安行政村,海坡中村,湛江市,东简街道,,,0,,,admin_unmatched_or_ambiguous
81154,湛江,东简街道,新安行政村,海坡北村,湛江市,东简街道,,,0,,,admin_unmatched_or_ambiguous
81152,湛江,东简街道,新安行政村,海坡南村,湛江市,东简街道,,,0,,,admin_unmatched_or_ambiguous
81155,湛江,东简街道,新安行政村,西园村,湛江市,东简街道,,,0,,,admin_unmatched_or_ambiguous
81157,湛江,东简街道,新安行政村,调低村,湛江市,东简街道,,,0,,,admin_unmatched_or_ambiguous
81150,湛江,东简街道,新安行政村,邓屋村,湛江市,东简街道,,,0,,,admin_unmatched_or_ambiguous
81156,湛江,东简街道,新安行政村,那何村,湛江市,东简街道,,,0,,,admin_unmatched_or_ambiguous
81098,湛江,东简街道,民安街道西山行政村,下山村,湛江市,东简街道,,,0,,,admin_unmatched_or_ambiguous
81099,湛江,东简街道,民安街道西山行政村,后坡村,湛江市,东简街道,,,0,,,admin_unmatched_or_ambiguous
81100,湛江,东简街道,民安街道西山行政村,塘尾村,湛江市,东简街道,,,0,,,admin_unmatched_or_ambiguous
81101,湛江,东简街道,民安街道西山行政村,大熟村,湛江市,东简街道,,,0,,,admin_unmatched_or_ambiguous
81103,湛江,东简街道,民安街道西山行政村,林海村,湛江市,东简街道,,,0,,,admin_unmatched_or_ambiguous
81097,湛江,东简街道,民安街道西山行政村,民安圩,湛江市,东简街道,,,0,,,admin_unmatched_or_ambiguous
81096,湛江,东简街道,民安街道西山行政村,西山村,湛江市,东简街道,,,0,,,admin_unmatched_or_ambiguous
81102,湛江,东简街道,民安街道西山行政村,调琴村,湛江市,东简街道,,,0,,,admin_unmatched_or_ambiguous
81121,湛江,东简街道,调旧行政村,何屋井村,湛江市,东简街道,,,0,,,admin_unmatched_or_ambiguous
81124,湛江,东简街道,调旧行政村,北逻村,湛江市,东简街道,,,0,,,admin_unmatched_or_ambiguous
81120,湛江,东简街道,调旧行政村,后坡村,湛江市,东简街道,,,0,,,admin_unmatched_or_ambiguous
81118,湛江,东简街道,调旧行政村,坡林村,湛江市,东简街道,,,0,,,admin_unmatched_or_ambiguous
81116,湛江,东简街道,调旧行政村,溪尾东村,湛江市,东简街道,,,0,,,admin_unmatched_or_ambiguous
81127,湛江,东简街道,调旧行政村,盐灶坡村,湛江市,东简街道,,,0,,,admin_unmatched_or_ambiguous
81126,湛江,东简街道,调旧行政村,西坡仔村,湛江市,东简街道,,,0,,,admin_unmatched_or_ambiguous
81125,湛江,东简街道,调旧行政村,西坡村,湛江市,东简街道,,,0,,,admin_unmatched_or_ambiguous
81122,湛江,东简街道,调旧行政村,调军村,湛江市,东简街道,,,0,,,admin_unmatched_or_ambiguous
81123,湛江,东简街道,调旧行政村,调旧内村,湛江市,东简街道,,,0,,,admin_unmatched_or_ambiguous
81117,湛江,东简街道,调旧行政村,调旧新村,湛江市,东简街道,,,0,,,admin_unmatched_or_ambiguous
81115,湛江,东简街道,调旧行政村,迈旗村,湛江市,东简街道,,,0,,,admin_unmatched_or_ambiguous
81119,湛江,东简街道,调旧行政村,骑龙村,湛江市,东简街道,,,0,,,admin_unmatched_or_ambiguous
81163,湛江,东简街道,龙湾行政村,五固村,湛江市,东简街道,,,0,,,admin_unmatched_or_ambiguous
81166,湛江,东简街道,龙湾行政村,北园村,湛江市,东简街道,,,0,,,admin_unmatched_or_ambiguous
81165,湛江,东简街道,龙湾行政村,北域村,湛江市,东简街道,,,0,,,admin_unmatched_or_ambiguous
81162,湛江,东简街道,龙湾行政村,土相村,湛江市,东简街道,,,0,,,admin_unmatched_or_ambiguous
81160,湛江,东简街道,龙湾行政村,安乐村,湛江市,东简街道,,,0,,,admin_unmatched_or_ambiguous
81159,湛江,东简街道,龙湾行政村,山内村,湛江市,东简街道,,,0,,,admin_unmatched_or_ambiguous
81164,湛江,东简街道,龙湾行政村,温窖村,湛江市,东简街道,,,0,,,admin_unmatched_or_ambiguous
81161,湛江,东简街道,龙湾行政村,龙佃村,湛江市,东简街道,,,0,,,admin_unmatched_or_ambiguous
81158,湛江,东简街道,龙湾行政村,龙舍村,湛江市,东简街道,,,0,,,admin_unmatched_or_ambiguous
74598,湛江,乌塘镇,浩发行政村,乌塘岭村,湛江市,乌塘镇,,,0,,,admin_unmatched_or_ambiguous
74599,湛江,乌塘镇,浩发行政村,外坡村,湛江市,乌塘镇,,,0,,,admin_unmatched_or_ambiguous
74603,湛江,乌塘镇,浩发行政村,安至塘村,湛江市,乌塘镇,,,0,,,admin_unmatched_or_ambiguous
74597,湛江,乌塘镇,浩发行政村,山口王村,湛江市,乌塘镇,,,0,,,admin_unmatched_or_ambiguous
74596,湛江,乌塘镇,浩发行政村,山口陈村,湛江市,乌塘镇,,,0,,,admin_unmatched_or_ambiguous
74595,湛江,乌塘镇,浩发行政村,岑家村,湛江市,乌塘镇,,,0,,,admin_unmatched_or_ambiguous
74602,湛江,乌塘镇,浩发行政村,油河村,湛江市,乌塘镇,,,0,,,admin_unmatched_or_ambiguous
74600,湛江,乌塘镇,浩发行政村,边板村,湛江市,乌塘镇,,,0,,,admin_unmatched_or_ambiguous
74604,湛江,乌塘镇,浩发行政村,迈机东村,湛江市,乌塘镇,,,0,,,admin_unmatched_or_ambiguous
74601,湛江,乌塘镇,浩发行政村,迈机西村,湛江市,乌塘镇,,,0,,,admin_unmatched_or_ambiguous
78204,湛江,企水镇,博袍行政村,博袍村,湛江市,唐家镇,,,0,,,admin_unmatched_or_ambiguous
78239,湛江,企水镇,渔业行政村,渔业村,湛江市,唐家镇,,,0,,,admin_unmatched_or_ambiguous
76551,湛江,全河唇镇,白藤行政村,园桐仔村,湛江市,河唇镇,,,0,,,admin_unmatched_or_ambiguous
75021,湛江,全河唇镇,白藤行政村,屋地尾村,湛江市,河唇镇,,,0,,,admin_unmatched_or_ambiguous
75022,湛江,全河唇镇,白藤行政村,嶂下村,湛江市,河唇镇,,,0,,,admin_unmatched_or_ambiguous
75020,湛江,全河唇镇,白藤行政村,帽仔山村,湛江市,河唇镇,,,0,,,admin_unmatched_or_ambiguous
75018,湛江,全河唇镇,白藤行政村,白藤村,湛江市,河唇镇,,,0,,,admin_unmatched_or_ambiguous
75019,湛江,全河唇镇,白藤行政村,良王垌村,湛江市,河唇镇,,,0,,,admin_unmatched_or_ambiguous
76550,湛江,全河唇镇,白藤行政村,西坡村,湛江市,河唇镇,,,0,,,admin_unmatched_or_ambiguous
74953,湛江,全河唇镇,苏州桐行政村,东新村,湛江市,河唇镇,,,0,,,admin_unmatched_or_ambiguous
74952,湛江,全河唇镇,苏州桐行政村,东风坡村,湛江市,河唇镇,,,0,,,admin_unmatched_or_ambiguous
74957,湛江,全河唇镇,苏州桐行政村,卷头坝村,湛江市,河唇镇,,,0,,,admin_unmatched_or_ambiguous
76542,湛江,全河唇镇,苏州桐行政村,坑仔唇村,湛江市,河唇镇,,,0,,,admin_unmatched_or_ambiguous
74959,湛江,全河唇镇,苏州桐行政村,坡塘村,湛江市,河唇镇,,,0,,,admin_unmatched_or_ambiguous
74950,湛江,全河唇镇,苏州桐行政村,大岭排村,湛江市,河唇镇,,,0,,,admin_unmatched_or_ambiguous
74964,湛江,全河唇镇,苏州桐行政村,席草塘村,湛江市,河唇镇,,,0,,,admin_unmatched_or_ambiguous
74951,湛江,全河唇镇,苏州桐行政村,担水塘村,湛江市,河唇镇,,,0,,,admin_unmatched_or_ambiguous
76540,湛江,全河唇镇,苏州桐行政村,担水陂村,湛江市,河唇镇,,,0,,,admin_unmatched_or_ambiguous
74965,湛江,全河唇镇,苏州桐行政村,新村,湛江市,河唇镇,,,0,,,admin_unmatched_or_ambiguous
74960,湛江,全河唇镇,苏州桐行政村,沙产村,湛江市,河唇镇,,,0,,,admin_unmatched_or_ambiguous
76541,湛江,全河唇镇,苏州桐行政村,甘坡村,湛江市,河唇镇,,,0,,,admin_unmatched_or_ambiguous
74956,湛江,全河唇镇,苏州桐行政村,甲子背村,湛江市,河唇镇,,,0,,,admin_unmatched_or_ambiguous
74949,湛江,全河唇镇,苏州桐行政村,畜牧场村,湛江市,河唇镇,,,0,,,admin_unmatched_or_ambiguous
74948,湛江,全河唇镇,苏州桐行政村,白鹤坡村,湛江市,河唇镇,,,0,,,admin_unmatched_or_ambiguous
74947,湛江,全河唇镇,苏州桐行政村,白鹤垌村,湛江市,河唇镇,,,0,,,admin_unmatched_or_ambiguous
74962,湛江,全河唇镇,苏州桐行政村,石云村,湛江市,河唇镇,,,0,,,admin_unmatched_or_ambiguous
74961,湛江,全河唇镇,苏州桐行政村,石琅村,湛江市,河唇镇,,,0,,,admin_unmatched_or_ambiguous
74958,湛江,全河唇镇,苏州桐行政村,良车村,湛江市,河唇镇,,,0,,,admin_unmatched_or_ambiguous
74963,湛江,全河唇镇,苏州桐行政村,苏州桐村,湛江市,河唇镇,,,0,,,admin_unmatched_or_ambiguous
74966,湛江,全河唇镇,苏州桐行政村,长江岭村,湛江市,河唇镇,,,0,,,admin_unmatched_or_ambiguous
74954,湛江,全河唇镇,苏州桐行政村,飞凤坡村,湛江市,河唇镇,,,0,,,admin_unmatched_or_ambiguous
74955,湛江,全河唇镇,苏州桐行政村,鹤地村,湛江市,河唇镇,,,0,,,admin_unmatched_or_ambiguous
77273,湛江,全粤雷高镇,下海行政村,下海村,湛江市,雷高镇,,,0,,,admin_unmatched_or_ambiguous
77295,湛江,全粤雷高镇,南芬行政村,南芬新村,湛江市,雷高镇,,,0,,,admin_unmatched_or_ambiguous
77294,湛江,全粤雷高镇,南芬行政村,南芬村,湛江市,雷高镇,,,0,,,admin_unmatched_or_ambiguous
77297,湛江,全粤雷高镇,南芬行政村,城家村,湛江市,雷高镇,,,0,,,admin_unmatched_or_ambiguous
77296,湛江,全粤雷高镇,南芬行政村,陈白村,湛江市,雷高镇,,,0,,,admin_unmatched_or_ambiguous
77298,湛江,全粤雷高镇,南芬行政村,韩吏村,湛江市,雷高镇,,,0,,,admin_unmatched_or_ambiguous
79760,湛江,全覃巴镇,上榕行政村,上岭村,湛江市,覃巴镇,,,0,,,admin_unmatched_or_ambiguous
79761,湛江,全覃巴镇,上榕行政村,上榕村,湛江市,覃巴镇,,,0,,,admin_unmatched_or_ambiguous
79763,湛江,全覃巴镇,上榕行政村,下榕村,湛江市,覃巴镇,,,0,,,admin_unmatched_or_ambiguous
79765,湛江,全覃巴镇,上榕行政村,中庸村,湛江市,覃巴镇,,,0,,,admin_unmatched_or_ambiguous
79764,湛江,全覃巴镇,上榕行政村,埔尾村,湛江市,覃巴镇,,,0,,,admin_unmatched_or_ambiguous
79759,湛江,全覃巴镇,上榕行政村,秦村,湛江市,覃巴镇,,,0,,,admin_unmatched_or_ambiguous
79758,湛江,全覃巴镇,上榕行政村,米历岭村,湛江市,覃巴镇,,,0,,,admin_unmatched_or_ambiguous
79762,湛江,全覃巴镇,上榕行政村,覃静村,湛江市,覃巴镇,,,0,,,admin_unmatched_or_ambiguous
79712,湛江,全覃巴镇,六螯行政村,六鳌村,湛江市,覃巴镇,,,0,,,admin_unmatched_or_ambiguous
79713,湛江,全覃巴镇,六螯行政村,坡塘村,湛江市,覃巴镇,,,0,,,admin_unmatched_or_ambiguous
79707,湛江,全覃巴镇,六螯行政村,大塘村,湛江市,覃巴镇,,,0,,,admin_unmatched_or_ambiguous
79718,湛江,全覃巴镇,六螯行政村,新村仔村,湛江市,覃巴镇,,,0,,,admin_unmatched_or_ambiguous
79719,湛江,全覃巴镇,六螯行政村,杨梅村,湛江市,覃巴镇,,,0,,,admin_unmatched_or_ambiguous
79711,湛江,全覃巴镇,六螯行政村,留雄村,湛江市,覃巴镇,,,0,,,admin_unmatched_or_ambiguous
79720,湛江,全覃巴镇,六螯行政村,袁屋村,湛江市,覃巴镇,,,0,,,admin_unmatched_or_ambiguous
79716,湛江,全覃巴镇,六螯行政村,覃林村,湛江市,覃巴镇,,,0,,,admin_unmatched_or_ambiguous
79714,湛江,全覃巴镇,六螯行政村,覃柏村,湛江市,覃巴镇,,,0,,,admin_unmatched_or_ambiguous
79715,湛江,全覃巴镇,六螯行政村,覃角塘村,湛江市,覃巴镇,,,0,,,admin_unmatched_or_ambiguous
79710,湛江,全覃巴镇,六螯行政村,调匀村,湛江市,覃巴镇,,,0,,,admin_unmatched_or_ambiguous
79709,湛江,全覃巴镇,六螯行政村,调德仔村,湛江市,覃巴镇,,,0,,,admin_unmatched_or_ambiguous
79708,湛江,全覃巴镇,六螯行政村,调德村,湛江市,覃巴镇,,,0,,,admin_unmatched_or_ambiguous
79717,湛江,全覃巴镇,六螯行政村,谭剂村,湛江市,覃巴镇,,,0,,,admin_unmatched_or_ambiguous
79865,湛江,全覃巴镇,双塘行政村,东茂坡村,湛江市,覃巴镇,,,0,,,admin_unmatched_or_ambiguous
79869,湛江,全覃巴镇,双塘行政村,塘北村,湛江市,覃巴镇,,,0,,,admin_unmatched_or_ambiguous
79864,湛江,全覃巴镇,双塘行政村,大双塘村,湛江市,覃巴镇,,,0,,,admin_unmatched_or_ambiguous
79863,湛江,全覃巴镇,双塘行政村,大那廉村,湛江市,覃巴镇,,,0,,,admin_unmatched_or_ambiguous
79872,湛江,全覃巴镇,双塘行政村,小双塘村,湛江市,覃巴镇,,,0,,,admin_unmatched_or_ambiguous
79871,湛江,全覃巴镇,双塘行政村,小那廉村,湛江市,覃巴镇,,,0,,,admin_unmatched_or_ambiguous
79873,湛江,全覃巴镇,双塘行政村,杨桥村,湛江市,覃巴镇,,,0,,,admin_unmatched_or_ambiguous
79866,湛江,全覃巴镇,双塘行政村,火炭埔村,湛江市,覃巴镇,,,0,,,admin_unmatched_or_ambiguous
79870,湛江,全覃巴镇,双塘行政村,西埔村,湛江市,覃巴镇,,,0,,,admin_unmatched_or_ambiguous
79867,湛江,全覃巴镇,双塘行政村,那东村,湛江市,覃巴镇,,,0,,,admin_unmatched_or_ambiguous
79868,湛江,全覃巴镇,双塘行政村,那西村,湛江市,覃巴镇,,,0,,,admin_unmatched_or_ambiguous
79849,湛江,全覃巴镇,山茶行政村,上金塘村,湛江市,覃巴镇,,,0,,,admin_unmatched_or_ambiguous
79851,湛江,全覃巴镇,山茶行政村,下金塘村,湛江市,覃巴镇,,,0,,,admin_unmatched_or_ambiguous
79852,湛江,全覃巴镇,山茶行政村,元山村,湛江市,覃巴镇,,,0,,,admin_unmatched_or_ambiguous
79846,湛江,全覃巴镇,山茶行政村,宝村,湛江市,覃巴镇,,,0,,,admin_unmatched_or_ambiguous
79848,湛江,全覃巴镇,山茶行政村,山茶村,湛江市,覃巴镇,,,0,,,admin_unmatched_or_ambiguous
79850,湛江,全覃巴镇,山茶行政村,石板埔村,湛江市,覃巴镇,,,0,,,admin_unmatched_or_ambiguous
79847,湛江,全覃巴镇,山茶行政村,黑垭村,湛江市,覃巴镇,,,0,,,admin_unmatched_or_ambiguous
79882,湛江,全覃巴镇,杨梅行政村,东塘村,湛江市,覃巴镇,,,0,,,admin_unmatched_or_ambiguous
79888,湛江,全覃巴镇,杨梅行政村,新坡村,湛江市,覃巴镇,,,0,,,admin_unmatched_or_ambiguous
79891,湛江,全覃巴镇,杨梅行政村,杨子埔村,湛江市,覃巴镇,,,0,,,admin_unmatched_or_ambiguous
79890,湛江,全覃巴镇,杨梅行政村,杨梅仔村,湛江市,覃巴镇,,,0,,,admin_unmatched_or_ambiguous
79889,湛江,全覃巴镇,杨梅行政村,杨梅塘村,湛江市,覃巴镇,,,0,,,admin_unmatched_or_ambiguous
79883,湛江,全覃巴镇,杨梅行政村,江口村,湛江市,覃巴镇,,,0,,,admin_unmatched_or_ambiguous
79885,湛江,全覃巴镇,杨梅行政村,流水村,湛江市,覃巴镇,,,0,,,admin_unmatched_or_ambiguous
79887,湛江,全覃巴镇,杨梅行政村,西塘岭村,湛江市,覃巴镇,,,0,,,admin_unmatched_or_ambiguous
79886,湛江,全覃巴镇,杨梅行政村,覃村,湛江市,覃巴镇,,,0,,,admin_unmatched_or_ambiguous
79881,湛江,全覃巴镇,杨梅行政村,边塘村,湛江市,覃巴镇,,,0,,,admin_unmatched_or_ambiguous
79884,湛江,全覃巴镇,杨梅行政村,金富旺村,湛江市,覃巴镇,,,0,,,admin_unmatched_or_ambiguous
79858,湛江,全覃巴镇,石碧行政村,上芦荻村,湛江市,覃巴镇,,,0,,,admin_unmatched_or_ambiguous
79853,湛江,全覃巴镇,石碧行政村,凤山村,湛江市,覃巴镇,,,0,,,admin_unmatched_or_ambiguous
79856,湛江,全覃巴镇,石碧行政村,平例村,湛江市,覃巴镇,,,0,,,admin_unmatched_or_ambiguous
79857,湛江,全覃巴镇,石碧行政村,榕树村,湛江市,覃巴镇,,,0,,,admin_unmatched_or_ambiguous
79861,湛江,全覃巴镇,石碧行政村,樟乐村,湛江市,覃巴镇,,,0,,,admin_unmatched_or_ambiguous
79862,湛江,全覃巴镇,石碧行政村,樟谢村,湛江市,覃巴镇,,,0,,,admin_unmatched_or_ambiguous
79859,湛江,全覃巴镇,石碧行政村,石碧村,湛江市,覃巴镇,,,0,,,admin_unmatched_or_ambiguous
79860,湛江,全覃巴镇,石碧行政村,西萝村,湛江市,覃巴镇,,,0,,,admin_unmatched_or_ambiguous
79855,湛江,全覃巴镇,石碧行政村,金盖岭村,湛江市,覃巴镇,,,0,,,admin_unmatched_or_ambiguous
79854,湛江,全覃巴镇,石碧行政村,黄堤垌村,湛江市,覃巴镇,,,0,,,admin_unmatched_or_ambiguous
79817,湛江,全覃巴镇,高栈行政村,上米余村,湛江市,覃巴镇,,,0,,,admin_unmatched_or_ambiguous
79818,湛江,全覃巴镇,高栈行政村,上西瓜坡村,湛江市,覃巴镇,,,0,,,admin_unmatched_or_ambiguous
79823,湛江,全覃巴镇,高栈行政村,下米余村,湛江市,覃巴镇,,,0,,,admin_unmatched_or_ambiguous
79824,湛江,全覃巴镇,高栈行政村,下西瓜坡村,湛江市,覃巴镇,,,0,,,admin_unmatched_or_ambiguous
79828,湛江,全覃巴镇,高栈行政村,中米余村,湛江市,覃巴镇,,,0,,,admin_unmatched_or_ambiguous
79806,湛江,全覃巴镇,高栈行政村,低坡村,湛江市,覃巴镇,,,0,,,admin_unmatched_or_ambiguous
79808,湛江,全覃巴镇,高栈行政村,公文桐村,湛江市,覃巴镇,,,0,,,admin_unmatched_or_ambiguous
79803,湛江,全覃巴镇,高栈行政村,大桐仔村,湛江市,覃巴镇,,,0,,,admin_unmatched_or_ambiguous
79805,湛江,全覃巴镇,高栈行政村,大田头村,湛江市,覃巴镇,,,0,,,admin_unmatched_or_ambiguous
79804,湛江,全覃巴镇,高栈行政村,大龙山村,湛江市,覃巴镇,,,0,,,admin_unmatched_or_ambiguous
79800,湛江,全覃巴镇,高栈行政村,安份坡村,湛江市,覃巴镇,,,0,,,admin_unmatched_or_ambiguous
79827,湛江,全覃巴镇,高栈行政村,宜安村,湛江市,覃巴镇,,,0,,,admin_unmatched_or_ambiguous
79822,湛江,全覃巴镇,高栈行政村,屋仔岭村,湛江市,覃巴镇,,,0,,,admin_unmatched_or_ambiguous
79825,湛江,全覃巴镇,高栈行政村,新屋村,湛江市,覃巴镇,,,0,,,admin_unmatched_or_ambiguous
79826,湛江,全覃巴镇,高栈行政村,新香山村,湛江市,覃巴镇,,,0,,,admin_unmatched_or_ambiguous
79811,湛江,全覃巴镇,高栈行政村,旧屋坡村,湛江市,覃巴镇,,,0,,,admin_unmatched_or_ambiguous
79812,湛江,全覃巴镇,高栈行政村,旧香山村,湛江市,覃巴镇,,,0,,,admin_unmatched_or_ambiguous
79821,湛江,全覃巴镇,高栈行政村,旺祥村,湛江市,覃巴镇,,,0,,,admin_unmatched_or_ambiguous
79810,湛江,全覃巴镇,高栈行政村,江边坡村,湛江市,覃巴镇,,,0,,,admin_unmatched_or_ambiguous
79819,湛江,全覃巴镇,高栈行政村,狮子岭村,湛江市,覃巴镇,,,0,,,admin_unmatched_or_ambiguous
79801,湛江,全覃巴镇,高栈行政村,白花仔村,湛江市,覃巴镇,,,0,,,admin_unmatched_or_ambiguous
79820,湛江,全覃巴镇,高栈行政村,石龙村,湛江市,覃巴镇,,,0,,,admin_unmatched_or_ambiguous
79813,湛江,全覃巴镇,高栈行政村,荔枝山村,湛江市,覃巴镇,,,0,,,admin_unmatched_or_ambiguous
79802,湛江,全覃巴镇,高栈行政村,边塘村,湛江市,覃巴镇,,,0,,,admin_unmatched_or_ambiguous
79815,湛江,全覃巴镇,高栈行政村,那宽垌村,湛江市,覃巴镇,,,0,,,admin_unmatched_or_ambiguous
79816,湛江,全覃巴镇,高栈行政村,那邹村,湛江市,覃巴镇,,,0,,,admin_unmatched_or_ambiguous
79814,湛江,全覃巴镇,高栈行政村,马上垌村,湛江市,覃巴镇,,,0,,,admin_unmatched_or_ambiguous
79807,湛江,全覃巴镇,高栈行政村,高栈村,湛江市,覃巴镇,,,0,,,admin_unmatched_or_ambiguous
79809,湛江,全覃巴镇,高栈行政村,黄坭塘村,湛江市,覃巴镇,,,0,,,admin_unmatched_or_ambiguous
79839,湛江,全覃巴镇,龙首行政村,上福山村,湛江市,覃巴镇,,,0,,,admin_unmatched_or_ambiguous
79832,湛江,全覃巴镇,龙首行政村,东樟村,湛江市,覃巴镇,,,0,,,admin_unmatched_or_ambiguous
79845,湛江,全覃巴镇,龙首行政村,中樟村,湛江市,覃巴镇,,,0,,,admin_unmatched_or_ambiguous
79834,湛江,全覃巴镇,龙首行政村,介端村,湛江市,覃巴镇,,,0,,,admin_unmatched_or_ambiguous
79842,湛江,全覃巴镇,龙首行政村,吴上旺岭村,湛江市,覃巴镇,,,0,,,admin_unmatched_or_ambiguous
79831,湛江,全覃巴镇,龙首行政村,大岭脚村,湛江市,覃巴镇,,,0,,,admin_unmatched_or_ambiguous
79829,湛江,全覃巴镇,龙首行政村,大泊位村,湛江市,覃巴镇,,,0,,,admin_unmatched_or_ambiguous
79830,湛江,全覃巴镇,龙首行政村,大连头村,湛江市,覃巴镇,,,0,,,admin_unmatched_or_ambiguous
79836,湛江,全覃巴镇,龙首行政村,小连头村,湛江市,覃巴镇,,,0,,,admin_unmatched_or_ambiguous
79844,湛江,全覃巴镇,龙首行政村,新圩村,湛江市,覃巴镇,,,0,,,admin_unmatched_or_ambiguous
79835,湛江,全覃巴镇,龙首行政村,李上旺岭村,湛江市,覃巴镇,,,0,,,admin_unmatched_or_ambiguous
79840,湛江,全覃巴镇,龙首行政村,水口坡村,湛江市,覃巴镇,,,0,,,admin_unmatched_or_ambiguous
79841,湛江,全覃巴镇,龙首行政村,水平桐村,湛江市,覃巴镇,,,0,,,admin_unmatched_or_ambiguous
79843,湛江,全覃巴镇,龙首行政村,西樟村,湛江市,覃巴镇,,,0,,,admin_unmatched_or_ambiguous
79838,湛江,全覃巴镇,龙首行政村,那座园村,湛江市,覃巴镇,,,0,,,admin_unmatched_or_ambiguous
79833,湛江,全覃巴镇,龙首行政村,高罗村,湛江市,覃巴镇,,,0,,,admin_unmatched_or_ambiguous
79837,湛江,全覃巴镇,龙首行政村,龙首山村,湛江市,覃巴镇,,,0,,,admin_unmatched_or_ambiguous
76942,湛江,全长山镇,三下行政村,三下村,湛江市,长山镇,,,0,,,admin_unmatched_or_ambiguous
76943,湛江,全长山镇,三下行政村,新圩村,湛江市,长山镇,,,0,,,admin_unmatched_or_ambiguous
76939,湛江,全长山镇,三下行政村,老屋场村,湛江市,长山镇,,,0,,,admin_unmatched_or_ambiguous
76941,湛江,全长山镇,三下行政村,蒙埔村,湛江市,长山镇,,,0,,,admin_unmatched_or_ambiguous
76940,湛江,全长山镇,三下行政村,龙塘村,湛江市,长山镇,,,0,,,admin_unmatched_or_ambiguous
76905,湛江,全长山镇,佳场行政村,三江碑村,湛江市,长山镇,,,0,,,admin_unmatched_or_ambiguous
76904,湛江,全长山镇,佳场行政村,佳场村,湛江市,长山镇,,,0,,,admin_unmatched_or_ambiguous
76901,湛江,全长山镇,佳场行政村,大垠村,湛江市,长山镇,,,0,,,admin_unmatched_or_ambiguous
76900,湛江,全长山镇,佳场行政村,安乐瑶村,湛江市,长山镇,,,0,,,admin_unmatched_or_ambiguous
76906,湛江,全长山镇,佳场行政村,王垌坑村,湛江市,长山镇,,,0,,,admin_unmatched_or_ambiguous
76908,湛江,全长山镇,佳场行政村,瑶口村,湛江市,长山镇,,,0,,,admin_unmatched_or_ambiguous
76902,湛江,全长山镇,佳场行政村,符竹山村,湛江市,长山镇,,,0,,,admin_unmatched_or_ambiguous
76907,湛江,全长山镇,佳场行政村,羊角岭村,湛江市,长山镇,,,0,,,admin_unmatched_or_ambiguous
76903,湛江,全长山镇,佳场行政村,黄坭田村,湛江市,长山镇,,,0,,,admin_unmatched_or_ambiguous
76929,湛江,全长山镇,六凤行政村,光名垌村,湛江市,长山镇,,,0,,,admin_unmatched_or_ambiguous
76932,湛江,全长山镇,六凤行政村,六凤村,湛江市,长山镇,,,0,,,admin_unmatched_or_ambiguous
76934,湛江,全长山镇,六凤行政村,坡仔村,湛江市,长山镇,,,0,,,admin_unmatched_or_ambiguous
76937,湛江,全长山镇,六凤行政村,斜下村,湛江市,长山镇,,,0,,,admin_unmatched_or_ambiguous
76933,湛江,全长山镇,六凤行政村,牛角木村,湛江市,长山镇,,,0,,,admin_unmatched_or_ambiguous
76936,湛江,全长山镇,六凤行政村,王禾村,湛江市,长山镇,,,0,,,admin_unmatched_or_ambiguous
76935,湛江,全长山镇,六凤行政村,石地村,湛江市,长山镇,,,0,,,admin_unmatched_or_ambiguous
76931,湛江,全长山镇,六凤行政村,良岸村,湛江市,长山镇,,,0,,,admin_unmatched_or_ambiguous
76930,湛江,全长山镇,六凤行政村,花园垌村,湛江市,长山镇,,,0,,,admin_unmatched_or_ambiguous
76938,湛江,全长山镇,六凤行政村,长坡村,湛江市,长山镇,,,0,,,admin_unmatched_or_ambiguous
76870,湛江,全长山镇,凤飞行政村,东岸坡村,湛江市,长山镇,,,0,,,admin_unmatched_or_ambiguous
76872,湛江,全长山镇,凤飞行政村,凤山下村,湛江市,长山镇,,,0,,,admin_unmatched_or_ambiguous
76879,湛江,全长山镇,凤飞行政村,坦塘村,湛江市,长山镇,,,0,,,admin_unmatched_or_ambiguous
76871,湛江,全长山镇,凤飞行政村,墩子村,湛江市,长山镇,,,0,,,admin_unmatched_or_ambiguous
76869,湛江,全长山镇,凤飞行政村,大蜗垌村,湛江市,长山镇,,,0,,,admin_unmatched_or_ambiguous
76878,湛江,全长山镇,凤飞行政村,平田村,湛江市,长山镇,,,0,,,admin_unmatched_or_ambiguous
76875,湛江,全长山镇,凤飞行政村,李村,湛江市,长山镇,,,0,,,admin_unmatched_or_ambiguous
76873,湛江,全长山镇,凤飞行政村,横岭埚村,湛江市,长山镇,,,0,,,admin_unmatched_or_ambiguous
76874,湛江,全长山镇,凤飞行政村,火烧垌村,湛江市,长山镇,,,0,,,admin_unmatched_or_ambiguous
76880,湛江,全长山镇,凤飞行政村,王村,湛江市,长山镇,,,0,,,admin_unmatched_or_ambiguous
76876,湛江,全长山镇,凤飞行政村,荔枝角村,湛江市,长山镇,,,0,,,admin_unmatched_or_ambiguous
76868,湛江,全长山镇,凤飞行政村,车田村,湛江市,长山镇,,,0,,,admin_unmatched_or_ambiguous
76867,湛江,全长山镇,凤飞行政村,阿婆田村,湛江市,长山镇,,,0,,,admin_unmatched_or_ambiguous
76877,湛江,全长山镇,凤飞行政村,龙颈蜗村,湛江市,长山镇,,,0,,,admin_unmatched_or_ambiguous
76849,湛江,全长山镇,和寮行政村,分流水村,湛江市,长山镇,,,0,,,admin_unmatched_or_ambiguous
76854,湛江,全长山镇,和寮行政村,新屋场村,湛江市,长山镇,,,0,,,admin_unmatched_or_ambiguous
76850,湛江,全长山镇,和寮行政村,李山尾村,湛江市,长山镇,,,0,,,admin_unmatched_or_ambiguous
76852,湛江,全长山镇,和寮行政村,苏茅坪村,湛江市,长山镇,,,0,,,admin_unmatched_or_ambiguous
76853,湛江,全长山镇,和寮行政村,铁管垌村,湛江市,长山镇,,,0,,,admin_unmatched_or_ambiguous
76851,湛江,全长山镇,和寮行政村,马古岭村,湛江市,长山镇,,,0,,,admin_unmatched_or_ambiguous
76956,湛江,全长山镇,塘拱行政村,佳场坡村,湛江市,长山镇,,,0,,,admin_unmatched_or_ambiguous
76953,湛江,全长山镇,塘拱行政村,坝下村,湛江市,长山镇,,,0,,,admin_unmatched_or_ambiguous
76960,湛江,全长山镇,塘拱行政村,塘拱村,湛江市,长山镇,,,0,,,admin_unmatched_or_ambiguous
76959,湛江,全长山镇,塘拱行政村,山背垌村,湛江市,长山镇,,,0,,,admin_unmatched_or_ambiguous
76961,湛江,全长山镇,塘拱行政村,杨梅村,湛江市,长山镇,,,0,,,admin_unmatched_or_ambiguous
76954,湛江,全长山镇,塘拱行政村,板桥村,湛江市,长山镇,,,0,,,admin_unmatched_or_ambiguous
76957,湛江,全长山镇,塘拱行政村,林木山村,湛江市,长山镇,,,0,,,admin_unmatched_or_ambiguous
76958,湛江,全长山镇,塘拱行政村,榕树下村,湛江市,长山镇,,,0,,,admin_unmatched_or_ambiguous
76955,湛江,全长山镇,塘拱行政村,赤竹山村,湛江市,长山镇,,,0,,,admin_unmatched_or_ambiguous
76949,湛江,全长山镇,塘肚行政村,上曲村,湛江市,长山镇,,,0,,,admin_unmatched_or_ambiguous
76948,湛江,全长山镇,塘肚行政村,堤垭村,湛江市,长山镇,,,0,,,admin_unmatched_or_ambiguous
76951,湛江,全长山镇,塘肚行政村,塘尾村,湛江市,长山镇,,,0,,,admin_unmatched_or_ambiguous
76950,湛江,全长山镇,塘肚行政村,塘肚村,湛江市,长山镇,,,0,,,admin_unmatched_or_ambiguous
76952,湛江,全长山镇,塘肚行政村,杨树村,湛江市,长山镇,,,0,,,admin_unmatched_or_ambiguous
76945,湛江,全长山镇,塘肚行政村,河背村,湛江市,长山镇,,,0,,,admin_unmatched_or_ambiguous
76944,湛江,全长山镇,塘肚行政村,甫垌村,湛江市,长山镇,,,0,,,admin_unmatched_or_ambiguous
76947,湛江,全长山镇,塘肚行政村,那岭村,湛江市,长山镇,,,0,,,admin_unmatched_or_ambiguous
76946,湛江,全长山镇,塘肚行政村,麻地下村,湛江市,长山镇,,,0,,,admin_unmatched_or_ambiguous
76911,湛江,全长山镇,朱通行政村,垌头村,湛江市,长山镇,,,0,,,admin_unmatched_or_ambiguous
76910,湛江,全长山镇,朱通行政村,大埔排村,湛江市,长山镇,,,0,,,admin_unmatched_or_ambiguous
76909,湛江,全长山镇,朱通行政村,大头田村,湛江市,长山镇,,,0,,,admin_unmatched_or_ambiguous
76917,湛江,全长山镇,朱通行政村,斜楼村,湛江市,长山镇,,,0,,,admin_unmatched_or_ambiguous
76918,湛江,全长山镇,朱通行政村,新屋村,湛江市,长山镇,,,0,,,admin_unmatched_or_ambiguous
76922,湛江,全长山镇,朱通行政村,朱埔村,湛江市,长山镇,,,0,,,admin_unmatched_or_ambiguous
76921,湛江,全长山镇,朱通行政村,朱罗埔村,湛江市,长山镇,,,0,,,admin_unmatched_or_ambiguous
76920,湛江,全长山镇,朱通行政村,玉叶塘村,湛江市,长山镇,,,0,,,admin_unmatched_or_ambiguous
76916,湛江,全长山镇,朱通行政村,王竹窜村,湛江市,长山镇,,,0,,,admin_unmatched_or_ambiguous
76919,湛江,全长山镇,朱通行政村,秧地坑村,湛江市,长山镇,,,0,,,admin_unmatched_or_ambiguous
76915,湛江,全长山镇,朱通行政村,红花根村,湛江市,长山镇,,,0,,,admin_unmatched_or_ambiguous
76913,湛江,全长山镇,朱通行政村,高山排村,湛江市,长山镇,,,0,,,admin_unmatched_or_ambiguous
76912,湛江,全长山镇,朱通行政村,高岭村,湛江市,长山镇,,,0,,,admin_unmatched_or_ambiguous
76914,湛江,全长山镇,朱通行政村,高田龙村,湛江市,长山镇,,,0,,,admin_unmatched_or_ambiguous
76927,湛江,全长山镇,榄排行政村,塘正村,湛江市,长山镇,,,0,,,admin_unmatched_or_ambiguous
76923,湛江,全长山镇,榄排行政村,枫排村,湛江市,长山镇,,,0,,,admin_unmatched_or_ambiguous
76924,湛江,全长山镇,榄排行政村,榄排村,湛江市,长山镇,,,0,,,admin_unmatched_or_ambiguous
76928,湛江,全长山镇,榄排行政村,羊头埔村,湛江市,长山镇,,,0,,,admin_unmatched_or_ambiguous
76926,湛江,全长山镇,榄排行政村,良塘村,湛江市,长山镇,,,0,,,admin_unmatched_or_ambiguous
76925,湛江,全长山镇,榄排行政村,荔枝根村,湛江市,长山镇,,,0,,,admin_unmatched_or_ambiguous
76885,湛江,全长山镇,横江坡行政村,古龙垌村,湛江市,长山镇,,,0,,,admin_unmatched_or_ambiguous
76882,湛江,全长山镇,横江坡行政村,大岭村,湛江市,长山镇,,,0,,,admin_unmatched_or_ambiguous
76889,湛江,全长山镇,横江坡行政村,山尾村,湛江市,长山镇,,,0,,,admin_unmatched_or_ambiguous
76884,湛江,全长山镇,横江坡行政村,根竹村,湛江市,长山镇,,,0,,,admin_unmatched_or_ambiguous
76886,湛江,全长山镇,横江坡行政村,横江坡村,湛江市,长山镇,,,0,,,admin_unmatched_or_ambiguous
76881,湛江,全长山镇,横江坡行政村,白牛埔村,湛江市,长山镇,,,0,,,admin_unmatched_or_ambiguous
76883,湛江,全长山镇,横江坡行政村,福九田村,湛江市,长山镇,,,0,,,admin_unmatched_or_ambiguous
76887,湛江,全长山镇,横江坡行政村,老木埔村,湛江市,长山镇,,,0,,,admin_unmatched_or_ambiguous
76888,湛江,全长山镇,横江坡行政村,那伦村,湛江市,长山镇,,,0,,,admin_unmatched_or_ambiguous
76890,湛江,全长山镇,横江坡行政村,长岗岭村,湛江市,长山镇,,,0,,,admin_unmatched_or_ambiguous
76891,湛江,全长山镇,横江坡行政村,长径村,湛江市,长山镇,,,0,,,admin_unmatched_or_ambiguous
76713,湛江,全长山镇,石湾行政村,中心桐村,湛江市,长山镇,,,0,,,admin_unmatched_or_ambiguous
76711,湛江,全长山镇,石湾行政村,山埽村,湛江市,长山镇,,,0,,,admin_unmatched_or_ambiguous
76712,湛江,全长山镇,石湾行政村,石湾村,湛江市,长山镇,,,0,,,admin_unmatched_or_ambiguous
76710,湛江,全长山镇,石湾行政村,茅坡村,湛江市,长山镇,,,0,,,admin_unmatched_or_ambiguous
76893,湛江,全长山镇,蕉林行政村,大埔村,湛江市,长山镇,,,0,,,admin_unmatched_or_ambiguous
76898,湛江,全长山镇,蕉林行政村,苏茅坳村,湛江市,长山镇,,,0,,,admin_unmatched_or_ambiguous
76896,湛江,全长山镇,蕉林行政村,莲塘下村,湛江市,长山镇,,,0,,,admin_unmatched_or_ambiguous
76895,湛江,全长山镇,蕉林行政村,蕉林村,湛江市,长山镇,,,0,,,admin_unmatched_or_ambiguous
76892,湛江,全长山镇,蕉林行政村,赤禾垌村,湛江市,长山镇,,,0,,,admin_unmatched_or_ambiguous
76899,湛江,全长山镇,蕉林行政村,长教村,湛江市,长山镇,,,0,,,admin_unmatched_or_ambiguous
76894,湛江,全长山镇,蕉林行政村,飞马垌村,湛江市,长山镇,,,0,,,admin_unmatched_or_ambiguous
76897,湛江,全长山镇,蕉林行政村,龙九排村,湛江市,长山镇,,,0,,,admin_unmatched_or_ambiguous
76962,湛江,全长山镇,西诵行政村,丁山坡村,湛江市,长山镇,,,0,,,admin_unmatched_or_ambiguous
76971,湛江,全长山镇,西诵行政村,三江二村,湛江市,长山镇,,,0,,,admin_unmatched_or_ambiguous
76970,湛江,全长山镇,西诵行政村,三江村,湛江市,长山镇,,,0,,,admin_unmatched_or_ambiguous
76963,湛江,全长山镇,西诵行政村,二江村,湛江市,长山镇,,,0,,,admin_unmatched_or_ambiguous
76975,湛江,全长山镇,西诵行政村,元水田村,湛江市,长山镇,,,0,,,admin_unmatched_or_ambiguous
76965,湛江,全长山镇,西诵行政村,旱埽村,湛江市,长山镇,,,0,,,admin_unmatched_or_ambiguous
76968,湛江,全长山镇,西诵行政村,木威塘村,湛江市,长山镇,,,0,,,admin_unmatched_or_ambiguous
76966,湛江,全长山镇,西诵行政村,柯树塘村,湛江市,长山镇,,,0,,,admin_unmatched_or_ambiguous
76972,湛江,全长山镇,西诵行政村,盛大塘村,湛江市,长山镇,,,0,,,admin_unmatched_or_ambiguous
76967,湛江,全长山镇,西诵行政村,老屋地村,湛江市,长山镇,,,0,,,admin_unmatched_or_ambiguous
76974,湛江,全长山镇,西诵行政村,西埔尾村,湛江市,长山镇,,,0,,,admin_unmatched_or_ambiguous
76973,湛江,全长山镇,西诵行政村,西埔村,湛江市,长山镇,,,0,,,admin_unmatched_or_ambiguous
76969,湛江,全长山镇,西诵行政村,青坝村,湛江市,长山镇,,,0,,,admin_unmatched_or_ambiguous
76964,湛江,全长山镇,西诵行政村,高佳村,湛江市,长山镇,,,0,,,admin_unmatched_or_ambiguous
76858,湛江,全长山镇,长吉诵行政村,山塘拱村,湛江市,长山镇,,,0,,,admin_unmatched_or_ambiguous
76856,湛江,全长山镇,长吉诵行政村,广朗塘村,湛江市,长山镇,,,0,,,admin_unmatched_or_ambiguous
76857,湛江,全长山镇,长吉诵行政村,留民寨村,湛江市,长山镇,,,0,,,admin_unmatched_or_ambiguous
76859,湛江,全长山镇,长吉诵行政村,长吉埔村,湛江市,长山镇,,,0,,,admin_unmatched_or_ambiguous
76855,湛江,全长山镇,长吉诵行政村,高屋场村,湛江市,长山镇,,,0,,,admin_unmatched_or_ambiguous
76861,湛江,全长山镇,长岭行政村,对门村,湛江市,长山镇,,,0,,,admin_unmatched_or_ambiguous
76863,湛江,全长山镇,长岭行政村,彭简村,湛江市,长山镇,,,0,,,admin_unmatched_or_ambiguous
76864,湛江,全长山镇,长岭行政村,新屋村,湛江市,长山镇,,,0,,,admin_unmatched_or_ambiguous
76862,湛江,全长山镇,长岭行政村,牛根岭村,湛江市,长山镇,,,0,,,admin_unmatched_or_ambiguous
76860,湛江,全长山镇,长岭行政村,碑口村,湛江市,长山镇,,,0,,,admin_unmatched_or_ambiguous
76866,湛江,全长山镇,长岭行政村,竹碑村,湛江市,长山镇,,,0,,,admin_unmatched_or_ambiguous
76865,湛江,全长山镇,长岭行政村,长岭村,湛江市,长山镇,,,0,,,admin_unmatched_or_ambiguous
79443,湛江,全长岐镇,中间村行政村,中间村,湛江市,长岐镇,,,0,,,admin_unmatched_or_ambiguous
79424,湛江,全长岐镇,多曹行政村,上山赖村,湛江市,长岐镇,,,0,,,admin_unmatched_or_ambiguous
79426,湛江,全长岐镇,多曹行政村,下窑村,湛江市,长岐镇,,,0,,,admin_unmatched_or_ambiguous
79427,湛江,全长岐镇,多曹行政村,下雍村,湛江市,长岐镇,,,0,,,admin_unmatched_or_ambiguous
79420,湛江,全长岐镇,多曹行政村,东埔村,湛江市,长岐镇,,,0,,,admin_unmatched_or_ambiguous
79419,湛江,全长岐镇,多曹行政村,低村,湛江市,长岐镇,,,0,,,admin_unmatched_or_ambiguous
79421,湛江,全长岐镇,多曹行政村,多曹村,湛江市,长岐镇,,,0,,,admin_unmatched_or_ambiguous
79418,湛江,全长岐镇,多曹行政村,大雍村,湛江市,长岐镇,,,0,,,admin_unmatched_or_ambiguous
79425,湛江,全长岐镇,多曹行政村,山赖下村,湛江市,长岐镇,,,0,,,admin_unmatched_or_ambiguous
79423,湛江,全长岐镇,多曹行政村,岭仔村,湛江市,长岐镇,,,0,,,admin_unmatched_or_ambiguous
79417,湛江,全长岐镇,多曹行政村,边华村,湛江市,长岐镇,,,0,,,admin_unmatched_or_ambiguous
79422,湛江,全长岐镇,多曹行政村,里塘村,湛江市,长岐镇,,,0,,,admin_unmatched_or_ambiguous
79451,湛江,全长岐镇,良村行政村,东良村,湛江市,长岐镇,,,0,,,admin_unmatched_or_ambiguous
79453,湛江,全长岐镇,良村行政村,南良村,湛江市,长岐镇,,,0,,,admin_unmatched_or_ambiguous
79454,湛江,全长岐镇,良村行政村,旺庆园村,湛江市,长岐镇,,,0,,,admin_unmatched_or_ambiguous
79455,湛江,全长岐镇,良村行政村,西良村,湛江市,长岐镇,,,0,,,admin_unmatched_or_ambiguous
79452,湛江,全长岐镇,良村行政村,那熟村,湛江市,长岐镇,,,0,,,admin_unmatched_or_ambiguous
79442,湛江,全长岐镇,边旦行政村,边旦村,湛江市,长岐镇,,,0,,,admin_unmatched_or_ambiguous
79440,湛江,全长岐镇,鉴东行政村,山仪村,湛江市,长岐镇,,,0,,,admin_unmatched_or_ambiguous
79441,湛江,全长岐镇,鉴东行政村,竹华村,湛江市,长岐镇,,,0,,,admin_unmatched_or_ambiguous
79438,湛江,全长岐镇,鉴东行政村,车田村,湛江市,长岐镇,,,0,,,admin_unmatched_or_ambiguous
79439,湛江,全长岐镇,鉴东行政村,邱屋村,湛江市,长岐镇,,,0,,,admin_unmatched_or_ambiguous
79488,湛江,兰石镇,名利行政村,名利村,湛江市,兰石镇,,,0,,,admin_unmatched_or_ambiguous
80456,湛江,前山镇,下园行政村,下园村,湛江市,前山镇,,,0,,,admin_unmatched_or_ambiguous
80454,湛江,前山镇,下园行政村,林宅村,湛江市,前山镇,,,0,,,admin_unmatched_or_ambiguous
80453,湛江,前山镇,下园行政村,梁宅村,湛江市,前山镇,,,0,,,admin_unmatched_or_ambiguous
80457,湛江,前山镇,下园行政村,永安村,湛江市,前山镇,,,0,,,admin_unmatched_or_ambiguous
80455,湛江,前山镇,下园行政村,禄尾村,湛江市,前山镇,,,0,,,admin_unmatched_or_ambiguous
80485,湛江,前山镇,下洋行政村,下洋圩村,湛江市,前山镇,,,0,,,admin_unmatched_or_ambiguous
80487,湛江,前山镇,下洋行政村,净坡园村,湛江市,前山镇,,,0,,,admin_unmatched_or_ambiguous
80490,湛江,前山镇,下洋行政村,厚禄村,湛江市,前山镇,,,0,,,admin_unmatched_or_ambiguous
80488,湛江,前山镇,下洋行政村,后岭村,湛江市,前山镇,,,0,,,admin_unmatched_or_ambiguous
80486,湛江,前山镇,下洋行政村,新村仔村,湛江市,前山镇,,,0,,,admin_unmatched_or_ambiguous
80489,湛江,前山镇,下洋行政村,许甲村,湛江市,前山镇,,,0,,,admin_unmatched_or_ambiguous
80465,湛江,前山镇,下港行政村,下港村,湛江市,前山镇,,,0,,,admin_unmatched_or_ambiguous
80464,湛江,前山镇,下港行政村,新兴村,湛江市,前山镇,,,0,,,admin_unmatched_or_ambiguous
80463,湛江,前山镇,下港行政村,永兴村,湛江市,前山镇,,,0,,,admin_unmatched_or_ambiguous
80483,湛江,前山镇,双沟行政村,下坑村,湛江市,前山镇,,,0,,,admin_unmatched_or_ambiguous
80484,湛江,前山镇,双沟行政村,双沟村,湛江市,前山镇,,,0,,,admin_unmatched_or_ambiguous
80500,湛江,前山镇,地塘行政村,东湖村,湛江市,前山镇,,,0,,,admin_unmatched_or_ambiguous
80501,湛江,前山镇,地塘行政村,地塘村,湛江市,前山镇,,,0,,,admin_unmatched_or_ambiguous
80499,湛江,前山镇,地塘行政村,田西湖村,湛江市,前山镇,,,0,,,admin_unmatched_or_ambiguous
80498,湛江,前山镇,地塘行政村,石头坑村,湛江市,前山镇,,,0,,,admin_unmatched_or_ambiguous
80503,湛江,前山镇,地塘行政村,程陆村,湛江市,前山镇,,,0,,,admin_unmatched_or_ambiguous
80497,湛江,前山镇,地塘行政村,那全村,湛江市,前山镇,,,0,,,admin_unmatched_or_ambiguous
80502,湛江,前山镇,地塘行政村,那潭村,湛江市,前山镇,,,0,,,admin_unmatched_or_ambiguous
80471,湛江,前山镇,墩尾行政村,上园村,湛江市,前山镇,,,0,,,admin_unmatched_or_ambiguous
80478,湛江,前山镇,墩尾行政村,东园村,湛江市,前山镇,,,0,,,admin_unmatched_or_ambiguous
80476,湛江,前山镇,墩尾行政村,和家仔村,湛江市,前山镇,,,0,,,admin_unmatched_or_ambiguous
80473,湛江,前山镇,墩尾行政村,坎下村,湛江市,前山镇,,,0,,,admin_unmatched_or_ambiguous
80475,湛江,前山镇,墩尾行政村,墩尾村,湛江市,前山镇,,,0,,,admin_unmatched_or_ambiguous
80474,湛江,前山镇,墩尾行政村,大苏村,湛江市,前山镇,,,0,,,admin_unmatched_or_ambiguous
80468,湛江,前山镇,墩尾行政村,弄坡村,湛江市,前山镇,,,0,,,admin_unmatched_or_ambiguous
80469,湛江,前山镇,墩尾行政村,桐挖村,湛江市,前山镇,,,0,,,admin_unmatched_or_ambiguous
80466,湛江,前山镇,墩尾行政村,桐挖湖村,湛江市,前山镇,,,0,,,admin_unmatched_or_ambiguous
80472,湛江,前山镇,墩尾行政村,桥头村,湛江市,前山镇,,,0,,,admin_unmatched_or_ambiguous
80467,湛江,前山镇,墩尾行政村,藤厂村,湛江市,前山镇,,,0,,,admin_unmatched_or_ambiguous
80477,湛江,前山镇,墩尾行政村,西尾村,湛江市,前山镇,,,0,,,admin_unmatched_or_ambiguous
80470,湛江,前山镇,墩尾行政村,西尾湖村,湛江市,前山镇,,,0,,,admin_unmatched_or_ambiguous
80517,湛江,前山镇,姑村行政村,上湖村,湛江市,前山镇,,,0,,,admin_unmatched_or_ambiguous
80521,湛江,前山镇,姑村行政村,乌辉塘村,湛江市,前山镇,,,0,,,admin_unmatched_or_ambiguous
80514,湛江,前山镇,姑村行政村,凤来山村,湛江市,前山镇,,,0,,,admin_unmatched_or_ambiguous
80520,湛江,前山镇,姑村行政村,南湾村,湛江市,前山镇,,,0,,,admin_unmatched_or_ambiguous
80522,湛江,前山镇,姑村行政村,后堀村,湛江市,前山镇,,,0,,,admin_unmatched_or_ambiguous
80519,湛江,前山镇,姑村行政村,姑村,湛江市,前山镇,,,0,,,admin_unmatched_or_ambiguous
80523,湛江,前山镇,姑村行政村,李宅村,湛江市,前山镇,,,0,,,admin_unmatched_or_ambiguous
80515,湛江,前山镇,姑村行政村,王宅村,湛江市,前山镇,,,0,,,admin_unmatched_or_ambiguous
80516,湛江,前山镇,姑村行政村,田头宅村,湛江市,前山镇,,,0,,,admin_unmatched_or_ambiguous
80518,湛江,前山镇,姑村行政村,陈宅村,湛江市,前山镇,,,0,,,admin_unmatched_or_ambiguous
80479,湛江,前山镇,小苏行政村,小苏村,湛江市,前山镇,,,0,,,admin_unmatched_or_ambiguous
80481,湛江,前山镇,小苏行政村,石裂村,湛江市,前山镇,,,0,,,admin_unmatched_or_ambiguous
80482,湛江,前山镇,小苏行政村,西六村,湛江市,前山镇,,,0,,,admin_unmatched_or_ambiguous
80480,湛江,前山镇,小苏行政村,那屋村,湛江市,前山镇,,,0,,,admin_unmatched_or_ambiguous
80496,湛江,前山镇,海星行政村,上湖村,湛江市,前山镇,,,0,,,admin_unmatched_or_ambiguous
80491,湛江,前山镇,海星行政村,北墩楼村,湛江市,前山镇,,,0,,,admin_unmatched_or_ambiguous
80494,湛江,前山镇,海星行政村,南尾宫村,湛江市,前山镇,,,0,,,admin_unmatched_or_ambiguous
80492,湛江,前山镇,海星行政村,南门沟村,湛江市,前山镇,,,0,,,admin_unmatched_or_ambiguous
80495,湛江,前山镇,海星行政村,符宅村,湛江市,前山镇,,,0,,,admin_unmatched_or_ambiguous
80493,湛江,前山镇,海星行政村,车路门村,湛江市,前山镇,,,0,,,admin_unmatched_or_ambiguous
80506,湛江,前山镇,边坡行政村,北架尾村,湛江市,前山镇,,,0,,,admin_unmatched_or_ambiguous
80505,湛江,前山镇,边坡行政村,田西村,湛江市,前山镇,,,0,,,admin_unmatched_or_ambiguous
80504,湛江,前山镇,边坡行政村,边坡村,湛江市,前山镇,,,0,,,admin_unmatched_or_ambiguous
80528,湛江,前山镇,龙江塘行政村,六黎村,湛江市,前山镇,,,0,,,admin_unmatched_or_ambiguous
80529,湛江,前山镇,龙江塘行政村,北山村,湛江市,前山镇,,,0,,,admin_unmatched_or_ambiguous
80532,湛江,前山镇,龙江塘行政村,坡头村,湛江市,前山镇,,,0,,,admin_unmatched_or_ambiguous
80530,湛江,前山镇,龙江塘行政村,塘尾园村,湛江市,前山镇,,,0,,,admin_unmatched_or_ambiguous
80533,湛江,前山镇,龙江塘行政村,林宅村,湛江市,前山镇,,,0,,,admin_unmatched_or_ambiguous
80531,湛江,前山镇,龙江塘行政村,田园村,湛江市,前山镇,,,0,,,admin_unmatched_or_ambiguous
80527,湛江,前山镇,龙江塘行政村,西湖村,湛江市,前山镇,,,0,,,admin_unmatched_or_ambiguous
80524,湛江,前山镇,龙江塘行政村,邓吴宅村,湛江市,前山镇,,,0,,,admin_unmatched_or_ambiguous
80525,湛江,前山镇,龙江塘行政村,黄家村,湛江市,前山镇,,,0,,,admin_unmatched_or_ambiguous
80526,湛江,前山镇,龙江塘行政村,龙江塘村,湛江市,前山镇,,,0,,,admin_unmatched_or_ambiguous
80534,湛江,前山镇,龙江塘行政村,龙江村,湛江市,前山镇,,,0,,,admin_unmatched_or_ambiguous
78690,湛江,南三社区,南三社区,巴东圩,湛江市,南三镇,,,0,,,admin_unmatched_or_ambiguous
78689,湛江,南三社区,南三社区,庙儿村,湛江市,南三镇,,,0,,,admin_unmatched_or_ambiguous
78692,湛江,南三社区,南三社区,田头圩,湛江市,南三镇,,,0,,,admin_unmatched_or_ambiguous
78691,湛江,南三社区,南三社区,白沙圩,湛江市,南三镇,,,0,,,admin_unmatched_or_ambiguous
77498,湛江,南兴镇,深田行政村,深田村,湛江市,南兴镇,,,0,,,admin_unmatched_or_ambiguous
77550,湛江,南兴镇,麻参行政村,上地仔村,湛江市,南兴镇,,,0,,,admin_unmatched_or_ambiguous
77551,湛江,南兴镇,麻参行政村,燕山村,湛江市,南兴镇,,,0,,,admin_unmatched_or_ambiguous
77549,湛江,南兴镇,麻参行政村,麻参村,湛江市,南兴镇,,,0,,,admin_unmatched_or_ambiguous
77440,湛江,唐家镇,交寮行政村,交寮村,湛江市,唐家镇,,,0,,,admin_unmatched_or_ambiguous
77439,湛江,唐家镇,交寮行政村,北创村,湛江市,唐家镇,,,0,,,admin_unmatched_or_ambiguous
77438,湛江,唐家镇,交寮行政村,大房村,湛江市,唐家镇,,,0,,,admin_unmatched_or_ambiguous
77458,湛江,唐家镇,刘张行政村,何王村,湛江市,唐家镇,,,0,,,admin_unmatched_or_ambiguous
77459,湛江,唐家镇,刘张行政村,刘张村,湛江市,唐家镇,,,0,,,admin_unmatched_or_ambiguous
77406,湛江,唐家镇,北样行政村,北样村,湛江市,唐家镇,,,0,,,admin_unmatched_or_ambiguous
77405,湛江,唐家镇,北样行政村,北潭村,湛江市,唐家镇,,,0,,,admin_unmatched_or_ambiguous
77407,湛江,唐家镇,北样行政村,大康东村,湛江市,唐家镇,,,0,,,admin_unmatched_or_ambiguous
77408,湛江,唐家镇,北样行政村,官田村,湛江市,唐家镇,,,0,,,admin_unmatched_or_ambiguous
77409,湛江,唐家镇,北样行政村,罗宅村,湛江市,唐家镇,,,0,,,admin_unmatched_or_ambiguous
77404,湛江,唐家镇,北样行政村,迈创村,湛江市,唐家镇,,,0,,,admin_unmatched_or_ambiguous
77410,湛江,唐家镇,北样行政村,迈志林村,湛江市,唐家镇,,,0,,,admin_unmatched_or_ambiguous
77460,湛江,唐家镇,南边黄行政村,南边黄村,湛江市,唐家镇,,,0,,,admin_unmatched_or_ambiguous
77461,湛江,唐家镇,南边黄行政村,潘宅寮村,湛江市,唐家镇,,,0,,,admin_unmatched_or_ambiguous
77416,湛江,唐家镇,博怀行政村,下江村,湛江市,唐家镇,,,0,,,admin_unmatched_or_ambiguous
77481,湛江,唐家镇,吴蓬行政村,吴蓬村,湛江市,唐家镇,,,0,,,admin_unmatched_or_ambiguous
77480,湛江,唐家镇,吴蓬行政村,沙土坡村,湛江市,唐家镇,,,0,,,admin_unmatched_or_ambiguous
77429,湛江,唐家镇,和家行政村,和家村,湛江市,唐家镇,,,0,,,admin_unmatched_or_ambiguous
77431,湛江,唐家镇,和家行政村,潭蒙村,湛江市,唐家镇,,,0,,,admin_unmatched_or_ambiguous
77430,湛江,唐家镇,和家行政村,迈创仔村,湛江市,唐家镇,,,0,,,admin_unmatched_or_ambiguous
77446,湛江,唐家镇,境庄行政村,南塘村,湛江市,唐家镇,,,0,,,admin_unmatched_or_ambiguous
77449,湛江,唐家镇,境庄行政村,外坡村,湛江市,唐家镇,,,0,,,admin_unmatched_or_ambiguous
77452,湛江,唐家镇,境庄行政村,新村仔村,湛江市,唐家镇,,,0,,,admin_unmatched_or_ambiguous
77447,湛江,唐家镇,境庄行政村,水路村,湛江市,唐家镇,,,0,,,admin_unmatched_or_ambiguous
77448,湛江,唐家镇,境庄行政村,苏宅岭村,湛江市,唐家镇,,,0,,,admin_unmatched_or_ambiguous
77450,湛江,唐家镇,境庄行政村,西江塘村,湛江市,唐家镇,,,0,,,admin_unmatched_or_ambiguous
77451,湛江,唐家镇,境庄行政村,谢宅山村,湛江市,唐家镇,,,0,,,admin_unmatched_or_ambiguous
77445,湛江,唐家镇,境庄行政村,陈杞寮村,湛江市,唐家镇,,,0,,,admin_unmatched_or_ambiguous
77457,湛江,唐家镇,康村行政村,南门村,湛江市,唐家镇,,,0,,,admin_unmatched_or_ambiguous
77456,湛江,唐家镇,康村行政村,康村,湛江市,唐家镇,,,0,,,admin_unmatched_or_ambiguous
77453,湛江,唐家镇,康村行政村,新兴村,湛江市,唐家镇,,,0,,,admin_unmatched_or_ambiguous
77455,湛江,唐家镇,康村行政村,边塘村,湛江市,唐家镇,,,0,,,admin_unmatched_or_ambiguous
77454,湛江,唐家镇,康村行政村,边斗村,湛江市,唐家镇,,,0,,,admin_unmatched_or_ambiguous
77484,湛江,唐家镇,徐黄行政村,徐黄村,湛江市,唐家镇,,,0,,,admin_unmatched_or_ambiguous
77418,湛江,唐家镇,斗六行政村,斗六村,湛江市,唐家镇,,,0,,,admin_unmatched_or_ambiguous
77417,湛江,唐家镇,斗六行政村,昌伯村,湛江市,唐家镇,,,0,,,admin_unmatched_or_ambiguous
77420,湛江,唐家镇,斗六行政村,草香仔村,湛江市,唐家镇,,,0,,,admin_unmatched_or_ambiguous
77419,湛江,唐家镇,斗六行政村,陈家昔村,湛江市,唐家镇,,,0,,,admin_unmatched_or_ambiguous
77402,湛江,唐家镇,新家行政村,新家村,湛江市,唐家镇,,,0,,,admin_unmatched_or_ambiguous
77403,湛江,唐家镇,新家行政村,调旦村,湛江市,唐家镇,,,0,,,admin_unmatched_or_ambiguous
77401,湛江,唐家镇,新家行政村,里家村,湛江市,唐家镇,,,0,,,admin_unmatched_or_ambiguous
77411,湛江,唐家镇,标角行政村,东边村,湛江市,唐家镇,,,0,,,admin_unmatched_or_ambiguous
77415,湛江,唐家镇,标角行政村,中央村,湛江市,唐家镇,,,0,,,admin_unmatched_or_ambiguous
77412,湛江,唐家镇,标角行政村,标角村,湛江市,唐家镇,,,0,,,admin_unmatched_or_ambiguous
77414,湛江,唐家镇,标角行政村,西坡村,湛江市,唐家镇,,,0,,,admin_unmatched_or_ambiguous
77413,湛江,唐家镇,标角行政村,调洋村,湛江市,唐家镇,,,0,,,admin_unmatched_or_ambiguous
77427,湛江,唐家镇,格内行政村,南边岭村,湛江市,唐家镇,,,0,,,admin_unmatched_or_ambiguous
77425,湛江,唐家镇,格内行政村,格内村,湛江市,唐家镇,,,0,,,admin_unmatched_or_ambiguous
77428,湛江,唐家镇,格内行政村,河门村,湛江市,唐家镇,,,0,,,admin_unmatched_or_ambiguous
77424,湛江,唐家镇,格内行政村,那尾村,湛江市,唐家镇,,,0,,,admin_unmatched_or_ambiguous
77426,湛江,唐家镇,格内行政村,龙坡村,湛江市,唐家镇,,,0,,,admin_unmatched_or_ambiguous
77488,湛江,唐家镇,洋家行政村,洋家村,湛江市,唐家镇,,,0,,,admin_unmatched_or_ambiguous
77470,湛江,唐家镇,潭葛行政村,南村,湛江市,唐家镇,,,0,,,admin_unmatched_or_ambiguous
77467,湛江,唐家镇,潭葛行政村,潭葛中村,湛江市,唐家镇,,,0,,,admin_unmatched_or_ambiguous
77469,湛江,唐家镇,潭葛行政村,邓宅村,湛江市,唐家镇,,,0,,,admin_unmatched_or_ambiguous
77468,湛江,唐家镇,潭葛行政村,陈宅村,湛江市,唐家镇,,,0,,,admin_unmatched_or_ambiguous
77487,湛江,唐家镇,盐庭行政村,盐庭村,湛江市,唐家镇,,,0,,,admin_unmatched_or_ambiguous
77486,湛江,唐家镇,盐庭行政村,龙斗上村,湛江市,唐家镇,,,0,,,admin_unmatched_or_ambiguous
77485,湛江,唐家镇,盐庭行政村,龙斗下村,湛江市,唐家镇,,,0,,,admin_unmatched_or_ambiguous
77437,湛江,唐家镇,红屋行政村,宝塔村,湛江市,唐家镇,,,0,,,admin_unmatched_or_ambiguous
77436,湛江,唐家镇,红屋行政村,杨宅村,湛江市,唐家镇,,,0,,,admin_unmatched_or_ambiguous
77434,湛江,唐家镇,红屋行政村,红屋村,湛江市,唐家镇,,,0,,,admin_unmatched_or_ambiguous
77433,湛江,唐家镇,红屋行政村,英灵村,湛江市,唐家镇,,,0,,,admin_unmatched_or_ambiguous
77432,湛江,唐家镇,红屋行政村,道凌村,湛江市,唐家镇,,,0,,,admin_unmatched_or_ambiguous
77435,湛江,唐家镇,红屋行政村,黄宅村,湛江市,唐家镇,,,0,,,admin_unmatched_or_ambiguous
77489,湛江,唐家镇,英兜行政村,英兜村,湛江市,唐家镇,,,0,,,admin_unmatched_or_ambiguous
77473,湛江,唐家镇,调和行政村,乾陇上村,湛江市,唐家镇,,,0,,,admin_unmatched_or_ambiguous
77474,湛江,唐家镇,调和行政村,乾陇下村,湛江市,唐家镇,,,0,,,admin_unmatched_or_ambiguous
77471,湛江,唐家镇,调和行政村,北港村,湛江市,唐家镇,,,0,,,admin_unmatched_or_ambiguous
77475,湛江,唐家镇,调和行政村,石头村,湛江市,唐家镇,,,0,,,admin_unmatched_or_ambiguous
77472,湛江,唐家镇,调和行政村,迈车坎村,湛江市,唐家镇,,,0,,,admin_unmatched_or_ambiguous
77476,湛江,唐家镇,调罗行政村,调罗村,湛江市,唐家镇,,,0,,,admin_unmatched_or_ambiguous
77479,湛江,唐家镇,调逻行政村,下海仔村,湛江市,唐家镇,,,0,,,admin_unmatched_or_ambiguous
77477,湛江,唐家镇,调逻行政村,寮家村,湛江市,唐家镇,,,0,,,admin_unmatched_or_ambiguous
77478,湛江,唐家镇,调逻行政村,调逻村,湛江市,唐家镇,,,0,,,admin_unmatched_or_ambiguous
77483,湛江,唐家镇,贤洋行政村,贤洋北村,湛江市,唐家镇,,,0,,,admin_unmatched_or_ambiguous
77482,湛江,唐家镇,贤洋行政村,贤洋南村,湛江市,唐家镇,,,0,,,admin_unmatched_or_ambiguous
77463,湛江,唐家镇,那胆行政村,内罗村,湛江市,唐家镇,,,0,,,admin_unmatched_or_ambiguous
77462,湛江,唐家镇,那胆行政村,大柯村,湛江市,唐家镇,,,0,,,admin_unmatched_or_ambiguous
77464,湛江,唐家镇,那胆行政村,小柯村,湛江市,唐家镇,,,0,,,admin_unmatched_or_ambiguous
77465,湛江,唐家镇,那胆行政村,昌金村,湛江市,唐家镇,,,0,,,admin_unmatched_or_ambiguous
77466,湛江,唐家镇,那胆行政村,钟宅村,湛江市,唐家镇,,,0,,,admin_unmatched_or_ambiguous
77442,湛江,唐家镇,金竹行政村,平兰村,湛江市,唐家镇,,,0,,,admin_unmatched_or_ambiguous
77444,湛江,唐家镇,金竹行政村,迈草仔村,湛江市,唐家镇,,,0,,,admin_unmatched_or_ambiguous
77443,湛江,唐家镇,金竹行政村,金竹村,湛江市,唐家镇,,,0,,,admin_unmatched_or_ambiguous
77441,湛江,唐家镇,金竹行政村,金竹湖村,湛江市,唐家镇,,,0,,,admin_unmatched_or_ambiguous
77423,湛江,唐家镇,鹅感行政村,古路村,湛江市,唐家镇,,,0,,,admin_unmatched_or_ambiguous
77421,湛江,唐家镇,鹅感行政村,迈炭村,湛江市,唐家镇,,,0,,,admin_unmatched_or_ambiguous
77422,湛江,唐家镇,鹅感行政村,鹅感村,湛江市,唐家镇,,,0,,,admin_unmatched_or_ambiguous
74545,湛江,城月镇,坑仔行政村,保安村,湛江市,城月镇,,,0,,,admin_unmatched_or_ambiguous
74547,湛江,城月镇,坑仔行政村,和昌村,湛江市,城月镇,,,0,,,admin_unmatched_or_ambiguous
74544,湛江,城月镇,坑仔行政村,坑仔村,湛江市,城月镇,,,0,,,admin_unmatched_or_ambiguous
74546,湛江,城月镇,坑仔行政村,良田村,湛江市,城月镇,,,0,,,admin_unmatched_or_ambiguous
74465,湛江,城月镇,迈坦行政村,大岭村,湛江市,城月镇,,,0,,,admin_unmatched_or_ambiguous
74464,湛江,城月镇,迈坦行政村,迈坦村,湛江市,城月镇,,,0,,,admin_unmatched_or_ambiguous
76466,湛江,塘蓬镇,上垭行政村,上碰村,湛江市,塘蓬镇,,,0,,,admin_unmatched_or_ambiguous
76465,湛江,塘蓬镇,上垭行政村,上香村,湛江市,塘蓬镇,,,0,,,admin_unmatched_or_ambiguous
76469,湛江,塘蓬镇,上垭行政村,下香村,湛江市,塘蓬镇,,,0,,,admin_unmatched_or_ambiguous
76456,湛江,塘蓬镇,上垭行政村,东村,湛江市,塘蓬镇,,,0,,,admin_unmatched_or_ambiguous
76457,湛江,塘蓬镇,上垭行政村,和顺桐村,湛江市,塘蓬镇,,,0,,,admin_unmatched_or_ambiguous
76464,湛江,塘蓬镇,上垭行政村,山斜村,湛江市,塘蓬镇,,,0,,,admin_unmatched_or_ambiguous
76459,湛江,塘蓬镇,上垭行政村,柯树下村,湛江市,塘蓬镇,,,0,,,admin_unmatched_or_ambiguous
76463,湛江,塘蓬镇,上垭行政村,桥头村,湛江市,塘蓬镇,,,0,,,admin_unmatched_or_ambiguous
76468,湛江,塘蓬镇,上垭行政村,石头碑村,湛江市,塘蓬镇,,,0,,,admin_unmatched_or_ambiguous
76467,湛江,塘蓬镇,上垭行政村,社子山村,湛江市,塘蓬镇,,,0,,,admin_unmatched_or_ambiguous
76462,湛江,塘蓬镇,上垭行政村,那特山口村,湛江市,塘蓬镇,,,0,,,admin_unmatched_or_ambiguous
76461,湛江,塘蓬镇,上垭行政村,那特村,湛江市,塘蓬镇,,,0,,,admin_unmatched_or_ambiguous
76460,湛江,塘蓬镇,上垭行政村,麻老塘村,湛江市,塘蓬镇,,,0,,,admin_unmatched_or_ambiguous
76458,湛江,塘蓬镇,上垭行政村,黄坭田村,湛江市,塘蓬镇,,,0,,,admin_unmatched_or_ambiguous
76346,湛江,塘蓬镇,堤浪行政村,伞塘村,湛江市,塘蓬镇,,,0,,,admin_unmatched_or_ambiguous
76352,湛江,塘蓬镇,堤浪行政村,土金坪村,湛江市,塘蓬镇,,,0,,,admin_unmatched_or_ambiguous
76345,湛江,塘蓬镇,堤浪行政村,坭浪村,湛江市,塘蓬镇,,,0,,,admin_unmatched_or_ambiguous
76341,湛江,塘蓬镇,堤浪行政村,大窝村,湛江市,塘蓬镇,,,0,,,admin_unmatched_or_ambiguous
76353,湛江,塘蓬镇,堤浪行政村,屋场坡村,湛江市,塘蓬镇,,,0,,,admin_unmatched_or_ambiguous
76347,湛江,塘蓬镇,堤浪行政村,山鸡窝村,湛江市,塘蓬镇,,,0,,,admin_unmatched_or_ambiguous
76339,湛江,塘蓬镇,堤浪行政村,斑垌村,湛江市,塘蓬镇,,,0,,,admin_unmatched_or_ambiguous
76354,湛江,塘蓬镇,堤浪行政村,新桥村,湛江市,塘蓬镇,,,0,,,admin_unmatched_or_ambiguous
76343,湛江,塘蓬镇,堤浪行政村,河背村,湛江市,塘蓬镇,,,0,,,admin_unmatched_or_ambiguous
76344,湛江,塘蓬镇,堤浪行政村,火炭埔村,湛江市,塘蓬镇,,,0,,,admin_unmatched_or_ambiguous
76355,湛江,塘蓬镇,堤浪行政村,瑶子村,湛江市,塘蓬镇,,,0,,,admin_unmatched_or_ambiguous
76351,湛江,塘蓬镇,堤浪行政村,石头塘村,湛江市,塘蓬镇,,,0,,,admin_unmatched_or_ambiguous
76350,湛江,塘蓬镇,堤浪行政村,石律村,湛江市,塘蓬镇,,,0,,,admin_unmatched_or_ambiguous
76349,湛江,塘蓬镇,堤浪行政村,社背坡村,湛江市,塘蓬镇,,,0,,,admin_unmatched_or_ambiguous
76356,湛江,塘蓬镇,堤浪行政村,英塘村,湛江市,塘蓬镇,,,0,,,admin_unmatched_or_ambiguous
76348,湛江,塘蓬镇,堤浪行政村,蛇坡村,湛江市,塘蓬镇,,,0,,,admin_unmatched_or_ambiguous
76340,湛江,塘蓬镇,堤浪行政村,陈埔村,湛江市,塘蓬镇,,,0,,,admin_unmatched_or_ambiguous
76342,湛江,塘蓬镇,堤浪行政村,高桐村,湛江市,塘蓬镇,,,0,,,admin_unmatched_or_ambiguous
76509,湛江,塘蓬镇,大垭行政村,丁教村,湛江市,塘蓬镇,,,0,,,admin_unmatched_or_ambiguous
76617,湛江,塘蓬镇,大垭行政村,坡福下村,湛江市,塘蓬镇,,,0,,,admin_unmatched_or_ambiguous
76618,湛江,塘蓬镇,大垭行政村,瑶下村,湛江市,塘蓬镇,,,0,,,admin_unmatched_or_ambiguous
76508,湛江,塘蓬镇,大垭行政村,白马岭村,湛江市,塘蓬镇,,,0,,,admin_unmatched_or_ambiguous
79089,湛江,大山江街道,东埔行政村,东埔村,湛江市,大山江街道,,,0,,,admin_unmatched_or_ambiguous
79091,湛江,大山江街道,东埔行政村,林井村,湛江市,大山江街道,,,0,,,admin_unmatched_or_ambiguous
79092,湛江,大山江街道,东埔行政村,林屋村,湛江市,大山江街道,,,0,,,admin_unmatched_or_ambiguous
79090,湛江,大山江街道,东埔行政村,莲塘村,湛江市,大山江街道,,,0,,,admin_unmatched_or_ambiguous
79093,湛江,大山江街道,东埔行政村,钟毓山村,湛江市,大山江街道,,,0,,,admin_unmatched_or_ambiguous
74799,湛江,安铺镇,城西行政村,后塘村,湛江市,安铺镇,,,0,,,admin_unmatched_or_ambiguous
74801,湛江,安铺镇,城西行政村,宋屋村,湛江市,安铺镇,,,0,,,admin_unmatched_or_ambiguous
74800,湛江,安铺镇,城西行政村,山高棚村,湛江市,安铺镇,,,0,,,admin_unmatched_or_ambiguous
81326,湛江,官渡镇,三角行政村,三角村,湛江市,官渡镇,,,0,,,admin_unmatched_or_ambiguous
81323,湛江,官渡镇,三角行政村,关草村,湛江市,官渡镇,,,0,,,admin_unmatched_or_ambiguous
81321,湛江,官渡镇,三角行政村,北斗村,湛江市,官渡镇,,,0,,,admin_unmatched_or_ambiguous
81324,湛江,官渡镇,三角行政村,华里村,湛江市,官渡镇,,,0,,,admin_unmatched_or_ambiguous
81327,湛江,官渡镇,三角行政村,塘坡山村,湛江市,官渡镇,,,0,,,admin_unmatched_or_ambiguous
81331,湛江,官渡镇,三角行政村,新安村,湛江市,官渡镇,,,0,,,admin_unmatched_or_ambiguous
81332,湛江,官渡镇,三角行政村,秀干村,湛江市,官渡镇,,,0,,,admin_unmatched_or_ambiguous
81322,湛江,官渡镇,三角行政村,端山村,湛江市,官渡镇,,,0,,,admin_unmatched_or_ambiguous
81330,湛江,官渡镇,三角行政村,西蒲堤村,湛江市,官渡镇,,,0,,,admin_unmatched_or_ambiguous
81328,湛江,官渡镇,三角行政村,调腾村,湛江市,官渡镇,,,0,,,admin_unmatched_or_ambiguous
81325,湛江,官渡镇,三角行政村,那面村,湛江市,官渡镇,,,0,,,admin_unmatched_or_ambiguous
81329,湛江,官渡镇,三角行政村,铁芦村,湛江市,官渡镇,,,0,,,admin_unmatched_or_ambiguous
81239,湛江,官渡镇,东岸行政村,东岸村,湛江市,官渡镇,,,0,,,admin_unmatched_or_ambiguous
81240,湛江,官渡镇,东岸行政村,东蒲堤村,湛江市,官渡镇,,,0,,,admin_unmatched_or_ambiguous
81241,湛江,官渡镇,东岸行政村,华握村,湛江市,官渡镇,,,0,,,admin_unmatched_or_ambiguous
81247,湛江,官渡镇,东岸行政村,新旺村,湛江市,官渡镇,,,0,,,admin_unmatched_or_ambiguous
81246,湛江,官渡镇,东岸行政村,水明村,湛江市,官渡镇,,,0,,,admin_unmatched_or_ambiguous
81242,湛江,官渡镇,东岸行政村,留屋村,湛江市,官渡镇,,,0,,,admin_unmatched_or_ambiguous
81245,湛江,官渡镇,东岸行政村,石窝村,湛江市,官渡镇,,,0,,,admin_unmatched_or_ambiguous
81244,湛江,官渡镇,东岸行政村,麻登村,湛江市,官渡镇,,,0,,,admin_unmatched_or_ambiguous
81243,湛江,官渡镇,东岸行政村,龙下村,湛江市,官渡镇,,,0,,,admin_unmatched_or_ambiguous
81309,湛江,官渡镇,埤头行政村,克石村,湛江市,官渡镇,,,0,,,admin_unmatched_or_ambiguous
81307,湛江,官渡镇,埤头行政村,垌口村,湛江市,官渡镇,,,0,,,admin_unmatched_or_ambiguous
81314,湛江,官渡镇,埤头行政村,埤头村,湛江市,官渡镇,,,0,,,admin_unmatched_or_ambiguous
81317,湛江,官渡镇,埤头行政村,塘棉村,湛江市,官渡镇,,,0,,,admin_unmatched_or_ambiguous
81305,湛江,官渡镇,埤头行政村,大田头村,湛江市,官渡镇,,,0,,,admin_unmatched_or_ambiguous
81306,湛江,官渡镇,埤头行政村,德信坡村,湛江市,官渡镇,,,0,,,admin_unmatched_or_ambiguous
81320,湛江,官渡镇,埤头行政村,新兴村,湛江市,官渡镇,,,0,,,admin_unmatched_or_ambiguous
81319,湛江,官渡镇,埤头行政村,新屋村,湛江市,官渡镇,,,0,,,admin_unmatched_or_ambiguous
81311,湛江,官渡镇,埤头行政村,木樟村,湛江市,官渡镇,,,0,,,admin_unmatched_or_ambiguous
81315,湛江,官渡镇,埤头行政村,杉木山村,湛江市,官渡镇,,,0,,,admin_unmatched_or_ambiguous
81308,湛江,官渡镇,埤头行政村,江启村,湛江市,官渡镇,,,0,,,admin_unmatched_or_ambiguous
81313,湛江,官渡镇,埤头行政村,泮北村,湛江市,官渡镇,,,0,,,admin_unmatched_or_ambiguous
81316,湛江,官渡镇,埤头行政村,潭滩村,湛江市,官渡镇,,,0,,,admin_unmatched_or_ambiguous
81318,湛江,官渡镇,埤头行政村,王羌村,湛江市,官渡镇,,,0,,,admin_unmatched_or_ambiguous
81310,湛江,官渡镇,埤头行政村,荔枝坡村,湛江市,官渡镇,,,0,,,admin_unmatched_or_ambiguous
81312,湛江,官渡镇,埤头行政村,那王村,湛江市,官渡镇,,,0,,,admin_unmatched_or_ambiguous
81336,湛江,官渡镇,山嘴行政村,云梯村,湛江市,官渡镇,,,0,,,admin_unmatched_or_ambiguous
81333,湛江,官渡镇,山嘴行政村,山嘴村,湛江市,官渡镇,,,0,,,admin_unmatched_or_ambiguous
81334,湛江,官渡镇,山嘴行政村,石溪村,湛江市,官渡镇,,,0,,,admin_unmatched_or_ambiguous
81335,湛江,官渡镇,山嘴行政村,鸭屋村,湛江市,官渡镇,,,0,,,admin_unmatched_or_ambiguous
79530,湛江,振文镇,低桐行政村,九美垌村,湛江市,振文镇,,,0,,,admin_unmatched_or_ambiguous
79528,湛江,振文镇,低桐行政村,低桐村,湛江市,振文镇,,,0,,,admin_unmatched_or_ambiguous
79527,湛江,振文镇,低桐行政村,大地坡村,湛江市,振文镇,,,0,,,admin_unmatched_or_ambiguous
79532,湛江,振文镇,低桐行政村,宁屋村,湛江市,振文镇,,,0,,,admin_unmatched_or_ambiguous
79529,湛江,振文镇,低桐行政村,江边村,湛江市,振文镇,,,0,,,admin_unmatched_or_ambiguous
79531,湛江,振文镇,低桐行政村,赖屋村,湛江市,振文镇,,,0,,,admin_unmatched_or_ambiguous
79526,湛江,振文镇,低桐行政村,陈屋村,湛江市,振文镇,,,0,,,admin_unmatched_or_ambiguous
79897,湛江,木棉社区,何宅寮行政村,何宅村,湛江市,,,,0,,,town_unmatched
79896,湛江,木棉社区,何宅寮行政村,汤宅村,湛江市,,,,0,,,town_unmatched
79898,湛江,木棉社区,何宅寮行政村,英含蜗村,湛江市,,,,0,,,town_unmatched
79893,湛江,木棉社区,何宅寮行政村,边城村,湛江市,,,,0,,,town_unmatched
79895,湛江,木棉社区,何宅寮行政村,那七村,湛江市,,,,0,,,town_unmatched
79894,湛江,木棉社区,何宅寮行政村,黄宅村,湛江市,,,,0,,,town_unmatched
79892,湛江,木棉社区,木棉社区,木棉村,湛江市,,,,0,,,town_unmatched
78318,湛江,杨家镇,倜悦行政村,倜倪上村,湛江市,杨家镇,,,0,,,admin_unmatched_or_ambiguous
78319,湛江,杨家镇,倜悦行政村,倜恺下村,湛江市,杨家镇,,,0,,,admin_unmatched_or_ambiguous
78315,湛江,杨家镇,倜悦行政村,北劳村,湛江市,杨家镇,,,0,,,admin_unmatched_or_ambiguous
78316,湛江,杨家镇,倜悦行政村,北山村,湛江市,杨家镇,,,0,,,admin_unmatched_or_ambiguous
78314,湛江,杨家镇,倜悦行政村,山坑村,湛江市,杨家镇,,,0,,,admin_unmatched_or_ambiguous
78317,湛江,杨家镇,倜悦行政村,山头村,湛江市,杨家镇,,,0,,,admin_unmatched_or_ambiguous
74298,湛江,洋糖社区,克须行政村,克须村,湛江市,,,,0,,,town_unmatched
74284,湛江,洋糖社区,古村西行政村,古村西村,湛江市,,,,0,,,town_unmatched
74299,湛江,洋糖社区,司马行政村,司马塘村,湛江市,,,,0,,,town_unmatched
76516,湛江,洋糖社区,外坡行政村,外坡东村,湛江市,,,,0,,,town_unmatched
74282,湛江,洋糖社区,外坡行政村,外坡中村,湛江市,,,,0,,,town_unmatched
74280,湛江,洋糖社区,外坡行政村,外坡北村,湛江市,,,,0,,,town_unmatched
74281,湛江,洋糖社区,外坡行政村,外坡西村,湛江市,,,,0,,,town_unmatched
74310,湛江,洋糖社区,姓谢行政村,姓谢村,湛江市,,,,0,,,town_unmatched
74311,湛江,洋糖社区,姓谢行政村,姓颜村,湛江市,,,,0,,,town_unmatched
74304,湛江,洋糖社区,姓谢行政村,曲水村,湛江市,,,,0,,,town_unmatched
74306,湛江,洋糖社区,姓谢行政村,深沟东村,湛江市,,,,0,,,town_unmatched
74305,湛江,洋糖社区,姓谢行政村,深沟北村,湛江市,,,,0,,,town_unmatched
74307,湛江,洋糖社区,姓谢行政村,深沟南村,湛江市,,,,0,,,town_unmatched
74308,湛江,洋糖社区,姓谢行政村,深沟西村,湛江市,,,,0,,,town_unmatched
74303,湛江,洋糖社区,姓谢行政村,牛栏塘村,湛江市,,,,0,,,town_unmatched
74301,湛江,洋糖社区,姓谢行政村,狗吠龟村,湛江市,,,,0,,,town_unmatched
74300,湛江,洋糖社区,姓谢行政村,符屋村,湛江市,,,,0,,,town_unmatched
74309,湛江,洋糖社区,姓谢行政村,西壁村,湛江市,,,,0,,,town_unmatched
74302,湛江,洋糖社区,姓谢行政村,阔口塘村,湛江市,,,,0,,,town_unmatched
74293,湛江,洋糖社区,平坦行政村,平坦塘村,湛江市,,,,0,,,town_unmatched
74294,湛江,洋糖社区,平坦行政村,陈六村,湛江市,,,,0,,,town_unmatched
74291,湛江,洋糖社区,打铁塘行政村,打铁塘村,湛江市,,,,0,,,town_unmatched
74292,湛江,洋糖社区,打铁塘行政村,牛角塘村,湛江市,,,,0,,,town_unmatched
74289,湛江,洋糖社区,新杨行政村,新龙村,湛江市,,,,0,,,town_unmatched
74290,湛江,洋糖社区,新杨行政村,杨树塘村,湛江市,,,,0,,,town_unmatched
74313,湛江,洋糖社区,桔仔树行政村,桔仔树村,湛江市,,,,0,,,town_unmatched
74312,湛江,洋糖社区,桔仔树行政村,碑头村,湛江市,,,,0,,,town_unmatched
74297,湛江,洋糖社区,槟榔行政村,槟榔村,湛江市,,,,0,,,town_unmatched
74277,湛江,洋糖社区,水浮坡行政村,水浮坡村,湛江市,,,,0,,,town_unmatched
74287,湛江,洋糖社区,沈村行政村,沈村,湛江市,,,,0,,,town_unmatched
74276,湛江,洋糖社区,洋糖社区,世居村民有陈、李、卢、张、许、黄、王等姓。年末，户籍人口人，其中男性人，女性人；岁以上人，最年长者岁（男）；实际居住人口人；农村留守儿童人；常年在城镇生活和打工人。非户籍外来人口人。世居村,湛江市,,,,0,,,town_unmatched
74279,湛江,洋糖社区,牛栏行政村,牛栏村,湛江市,,,,0,,,town_unmatched
74283,湛江,洋糖社区,百桔仔行政村,百桔仔村,湛江市,,,,0,,,town_unmatched
74288,湛江,洋糖社区,秀龙仔行政村,秀龙仔村,湛江市,,,,0,,,town_unmatched
74278,湛江,洋糖社区,竹山行政村,竹山村,湛江市,,,,0,,,town_unmatched
74285,湛江,洋糖社区,老麦田行政村,老麦田村,湛江市,,,,0,,,town_unmatched
74286,湛江,洋糖社区,蒲岭仔行政村,蒲岭仔村,湛江市,,,,0,,,town_unmatched
76517,湛江,洋糖社区,龙头行政村,新龙头村,湛江市,,,,0,,,town_unmatched
74295,湛江,洋糖社区,龙头行政村,老龙头一村,湛江市,,,,0,,,town_unmatched
74296,湛江,洋糖社区,龙头行政村,老龙头二村,湛江市,,,,0,,,town_unmatched
74262,湛江,洋青镇,上田头行政村,上田头村,湛江市,洋青镇,,,0,,,admin_unmatched_or_ambiguous
74265,湛江,洋青镇,下田头行政村,下田头村,湛江市,洋青镇,,,0,,,admin_unmatched_or_ambiguous
74266,湛江,洋青镇,下田头行政村,闸箔村,湛江市,洋青镇,,,0,,,admin_unmatched_or_ambiguous
74269,湛江,洋青镇,曲塘行政村,曲塘村,湛江市,洋青镇,,,0,,,admin_unmatched_or_ambiguous
74270,湛江,洋青镇,曲塘行政村,过路塘村,湛江市,洋青镇,,,0,,,admin_unmatched_or_ambiguous
74271,湛江,洋青镇,曲塘行政村,黄其坑村,湛江市,洋青镇,,,0,,,admin_unmatched_or_ambiguous
74274,湛江,洋青镇,田头湾行政村,七村仔村,湛江市,洋青镇,,,0,,,admin_unmatched_or_ambiguous
74275,湛江,洋青镇,田头湾行政村,合树村,湛江市,洋青镇,,,0,,,admin_unmatched_or_ambiguous
74273,湛江,洋青镇,田头湾行政村,大头竹村,湛江市,洋青镇,,,0,,,admin_unmatched_or_ambiguous
74272,湛江,洋青镇,田头湾行政村,田头湾村,湛江市,洋青镇,,,0,,,admin_unmatched_or_ambiguous
74223,湛江,洋青镇,西埽行政村,塘口仔村,湛江市,洋青镇,,,0,,,admin_unmatched_or_ambiguous
74212,湛江,洋青镇,西埽行政村,大塘口村,湛江市,洋青镇,,,0,,,admin_unmatched_or_ambiguous
74211,湛江,洋青镇,西埽行政村,打铁村,湛江市,洋青镇,,,0,,,admin_unmatched_or_ambiguous
76513,湛江,洋青镇,西埽行政村,新沙塘村,湛江市,洋青镇,,,0,,,admin_unmatched_or_ambiguous
74224,湛江,洋青镇,西埽行政村,新西埔村,湛江市,洋青镇,,,0,,,admin_unmatched_or_ambiguous
74217,湛江,洋青镇,西埽行政村,梁洪村,湛江市,洋青镇,,,0,,,admin_unmatched_or_ambiguous
74218,湛江,洋青镇,西埽行政村,棉花塘村,湛江市,洋青镇,,,0,,,admin_unmatched_or_ambiguous
74221,湛江,洋青镇,西埽行政村,水流尾村,湛江市,洋青镇,,,0,,,admin_unmatched_or_ambiguous
74219,湛江,洋青镇,西埽行政村,沙塘下村,湛江市,洋青镇,,,0,,,admin_unmatched_or_ambiguous
74220,湛江,洋青镇,西埽行政村,沙塘仔村,湛江市,洋青镇,,,0,,,admin_unmatched_or_ambiguous
74214,湛江,洋青镇,西埽行政村,火灰塘村,湛江市,洋青镇,,,0,,,admin_unmatched_or_ambiguous
74225,湛江,洋青镇,西埽行政村,烟墩村,湛江市,洋青镇,,,0,,,admin_unmatched_or_ambiguous
74215,湛江,洋青镇,西埽行政村,老沙塘村,湛江市,洋青镇,,,0,,,admin_unmatched_or_ambiguous
74216,湛江,洋青镇,西埽行政村,老西埔村,湛江市,洋青镇,,,0,,,admin_unmatched_or_ambiguous
74222,湛江,洋青镇,西埽行政村,苏村,湛江市,洋青镇,,,0,,,admin_unmatched_or_ambiguous
74213,湛江,洋青镇,西埽行政村,黄竹塘村,湛江市,洋青镇,,,0,,,admin_unmatched_or_ambiguous
74263,湛江,洋青镇,西寮行政村,西寮村,湛江市,洋青镇,,,0,,,admin_unmatched_or_ambiguous
74267,湛江,洋青镇,车路头行政村,车路头村,湛江市,洋青镇,,,0,,,admin_unmatched_or_ambiguous
74268,湛江,洋青镇,车路头行政村,过路村,湛江市,洋青镇,,,0,,,admin_unmatched_or_ambiguous
74260,湛江,洋青镇,马群行政村,马群大村,湛江市,洋青镇,,,0,,,admin_unmatched_or_ambiguous
74261,湛江,洋青镇,马群行政村,马群小村,湛江市,洋青镇,,,0,,,admin_unmatched_or_ambiguous
81010,湛江,津前社区,东坡行政村,东坡村,湛江市,硇洲镇,,,0,,,admin_unmatched_or_ambiguous
81011,湛江,津前社区,东坡行政村,赵屋村,湛江市,硇洲镇,,,0,,,admin_unmatched_or_ambiguous
81002,湛江,津前社区,东山街道北山行政村,北上村,湛江市,硇洲镇,,,0,,,admin_unmatched_or_ambiguous
81003,湛江,津前社区,东山街道北山行政村,北下村,湛江市,硇洲镇,,,0,,,admin_unmatched_or_ambiguous
81001,湛江,津前社区,东山街道北山行政村,北山村,湛江市,硇洲镇,,,0,,,admin_unmatched_or_ambiguous
81007,湛江,津前社区,东山街道北山行政村,新屋尾村,湛江市,硇洲镇,,,0,,,admin_unmatched_or_ambiguous
81006,湛江,津前社区,东山街道北山行政村,溪打村,湛江市,硇洲镇,,,0,,,admin_unmatched_or_ambiguous
81005,湛江,津前社区,东山街道北山行政村,石头坡村,湛江市,硇洲镇,,,0,,,admin_unmatched_or_ambiguous
81004,湛江,津前社区,东山街道北山行政村,调晨村,湛江市,硇洲镇,,,0,,,admin_unmatched_or_ambiguous
81012,湛江,津前社区,什足行政村,东山村,湛江市,硇洲镇,,,0,,,admin_unmatched_or_ambiguous
81013,湛江,津前社区,什足行政村,王屋村,湛江市,硇洲镇,,,0,,,admin_unmatched_or_ambiguous
81028,湛江,津前社区,文参行政村,文参上村,湛江市,硇洲镇,,,0,,,admin_unmatched_or_ambiguous
81027,湛江,津前社区,文参行政村,调埠村,湛江市,硇洲镇,,,0,,,admin_unmatched_or_ambiguous
81008,湛江,津前社区,昌逻行政村,后边村,湛江市,硇洲镇,,,0,,,admin_unmatched_or_ambiguous
81009,湛江,津前社区,昌逻行政村,山尾村,湛江市,硇洲镇,,,0,,,admin_unmatched_or_ambiguous
81024,湛江,津前社区,调伦行政村,调伦村,湛江市,硇洲镇,,,0,,,admin_unmatched_or_ambiguous
81023,湛江,津前社区,调伦行政村,黄家村,湛江市,硇洲镇,,,0,,,admin_unmatched_or_ambiguous
81025,湛江,津前社区,调石行政村,黄山村,湛江市,硇洲镇,,,0,,,admin_unmatched_or_ambiguous
81022,湛江,津前社区,调青行政村,青蓝村,湛江市,硇洲镇,,,0,,,admin_unmatched_or_ambiguous
81026,湛江,津前社区,龙头行政村,外坡村,湛江市,硇洲镇,,,0,,,admin_unmatched_or_ambiguous
81018,湛江,津前社区,龙池行政村,上晨村,湛江市,硇洲镇,,,0,,,admin_unmatched_or_ambiguous
81014,湛江,津前社区,龙池行政村,东山圩村,湛江市,硇洲镇,,,0,,,admin_unmatched_or_ambiguous
81017,湛江,津前社区,龙池行政村,企沟村,湛江市,硇洲镇,,,0,,,admin_unmatched_or_ambiguous
81020,湛江,津前社区,龙池行政村,西坑村,湛江市,硇洲镇,,,0,,,admin_unmatched_or_ambiguous
81019,湛江,津前社区,龙池行政村,调那仔村,湛江市,硇洲镇,,,0,,,admin_unmatched_or_ambiguous
81021,湛江,津前社区,龙池行政村,郑边村,湛江市,硇洲镇,,,0,,,admin_unmatched_or_ambiguous
81016,湛江,津前社区,龙池行政村,龙池仔村,湛江市,硇洲镇,,,0,,,admin_unmatched_or_ambiguous
81015,湛江,津前社区,龙池行政村,龙池村,湛江市,硇洲镇,,,0,,,admin_unmatched_or_ambiguous
81185,湛江,海东社区,海东社区,周烟楼村,湛江市,南调街道,,,0,,,admin_unmatched_or_ambiguous
81184,湛江,海东社区,海东社区,欧烟楼村,湛江市,南调街道,,,0,,,admin_unmatched_or_ambiguous
81183,湛江,海东社区,海东社区,莫烟楼村,湛江市,南调街道,,,0,,,admin_unmatched_or_ambiguous
81182,湛江,海东社区,海东社区,陈烟楼村,湛江市,南调街道,,,0,,,admin_unmatched_or_ambiguous
79086,湛江,王村港镇,新港行政村,昌洒村,湛江市,王村港镇,,,0,,,admin_unmatched_or_ambiguous
79088,湛江,王村港镇,新港行政村,海沙坡村,湛江市,王村港镇,,,0,,,admin_unmatched_or_ambiguous
79087,湛江,王村港镇,新港行政村,长界村,湛江市,王村港镇,,,0,,,admin_unmatched_or_ambiguous
80099,湛江,白沙社区,加洋行政村,上埚村,湛江市,白沙镇,,,0,,,admin_unmatched_or_ambiguous
80095,湛江,白沙社区,加洋行政村,东渡村,湛江市,白沙镇,,,0,,,admin_unmatched_or_ambiguous
80097,湛江,白沙社区,加洋行政村,加洋村,湛江市,白沙镇,,,0,,,admin_unmatched_or_ambiguous
80094,湛江,白沙社区,加洋行政村,北水村,湛江市,白沙镇,,,0,,,admin_unmatched_or_ambiguous
80098,湛江,白沙社区,加洋行政村,南塘村,湛江市,白沙镇,,,0,,,admin_unmatched_or_ambiguous
80100,湛江,白沙社区,加洋行政村,文坡村,湛江市,白沙镇,,,0,,,admin_unmatched_or_ambiguous
80096,湛江,白沙社区,加洋行政村,洞口村,湛江市,白沙镇,,,0,,,admin_unmatched_or_ambiguous
80104,湛江,白沙社区,坑仔行政村,乌港村,湛江市,白沙镇,,,0,,,admin_unmatched_or_ambiguous
80102,湛江,白沙社区,坑仔行政村,坑仔村,湛江市,白沙镇,,,0,,,admin_unmatched_or_ambiguous
80103,湛江,白沙社区,坑仔行政村,寮仔村,湛江市,白沙镇,,,0,,,admin_unmatched_or_ambiguous
80101,湛江,白沙社区,坑仔行政村,红坎村,湛江市,白沙镇,,,0,,,admin_unmatched_or_ambiguous
80089,湛江,白沙社区,广安行政村,北关村,湛江市,白沙镇,,,0,,,admin_unmatched_or_ambiguous
80092,湛江,白沙社区,广安行政村,后朗村,湛江市,白沙镇,,,0,,,admin_unmatched_or_ambiguous
80090,湛江,白沙社区,广安行政村,城内村,湛江市,白沙镇,,,0,,,admin_unmatched_or_ambiguous
80091,湛江,白沙社区,广安行政村,广安村,湛江市,白沙镇,,,0,,,admin_unmatched_or_ambiguous
80093,湛江,白沙社区,广安行政村,新村仔村,湛江市,白沙镇,,,0,,,admin_unmatched_or_ambiguous
77231,湛江,石岭镇,域堤塘行政村,上桐村,湛江市,石岭镇,,,0,,,admin_unmatched_or_ambiguous
77232,湛江,石岭镇,域堤塘行政村,下垌村,湛江市,石岭镇,,,0,,,admin_unmatched_or_ambiguous
77233,湛江,石岭镇,域堤塘行政村,天光村,湛江市,石岭镇,,,0,,,admin_unmatched_or_ambiguous
77229,湛江,石岭镇,域堤塘行政村,村仔村,湛江市,石岭镇,,,0,,,admin_unmatched_or_ambiguous
77234,湛江,石岭镇,域堤塘行政村,碰坭塘村,湛江市,石岭镇,,,0,,,admin_unmatched_or_ambiguous
77230,湛江,石岭镇,域堤塘行政村,红星村,湛江市,石岭镇,,,0,,,admin_unmatched_or_ambiguous
77228,湛江,石岭镇,域堤塘行政村,边塘村,湛江市,石岭镇,,,0,,,admin_unmatched_or_ambiguous
75056,湛江,石角镇,山腰行政村,上村坡村,湛江市,石角镇,,,0,,,admin_unmatched_or_ambiguous
75051,湛江,石角镇,山腰行政村,伏塘村,湛江市,石角镇,,,0,,,admin_unmatched_or_ambiguous
75049,湛江,石角镇,山腰行政村,大人塘村,湛江市,石角镇,,,0,,,admin_unmatched_or_ambiguous
75050,湛江,石角镇,山腰行政村,大塘排村,湛江市,石角镇,,,0,,,admin_unmatched_or_ambiguous
75054,湛江,石角镇,山腰行政村,山塘尾村,湛江市,石角镇,,,0,,,admin_unmatched_or_ambiguous
75055,湛江,石角镇,山腰行政村,山腰村,湛江市,石角镇,,,0,,,admin_unmatched_or_ambiguous
75053,湛江,石角镇,山腰行政村,山角村,湛江市,石角镇,,,0,,,admin_unmatched_or_ambiguous
75058,湛江,石角镇,山腰行政村,玉石咀村,湛江市,石角镇,,,0,,,admin_unmatched_or_ambiguous
75057,湛江,石角镇,山腰行政村,田寮村,湛江市,石角镇,,,0,,,admin_unmatched_or_ambiguous
76552,湛江,石角镇,山腰行政村,老虎垌村,湛江市,石角镇,,,0,,,admin_unmatched_or_ambiguous
75052,湛江,石角镇,山腰行政村,马路岭村,湛江市,石角镇,,,0,,,admin_unmatched_or_ambiguous
75104,湛江,石角镇,木马行政村,木马村,湛江市,石角镇,,,0,,,admin_unmatched_or_ambiguous
75073,湛江,石角镇,榕树行政村,丰旺垌村,湛江市,石角镇,,,0,,,admin_unmatched_or_ambiguous
75072,湛江,石角镇,榕树行政村,丰田垠村,湛江市,石角镇,,,0,,,admin_unmatched_or_ambiguous
76553,湛江,石角镇,榕树行政村,元垌仔村,湛江市,石角镇,,,0,,,admin_unmatched_or_ambiguous
75079,湛江,石角镇,榕树行政村,元子径村,湛江市,石角镇,,,0,,,admin_unmatched_or_ambiguous
75070,湛江,石角镇,榕树行政村,大田村,湛江市,石角镇,,,0,,,admin_unmatched_or_ambiguous
75071,湛江,石角镇,榕树行政村,桐福下村,湛江市,石角镇,,,0,,,admin_unmatched_or_ambiguous
75078,湛江,石角镇,榕树行政村,油麻坡村,湛江市,石角镇,,,0,,,admin_unmatched_or_ambiguous
75077,湛江,石角镇,榕树行政村,油麻垌村,湛江市,石角镇,,,0,,,admin_unmatched_or_ambiguous
75076,湛江,石角镇,榕树行政村,温存角村,湛江市,石角镇,,,0,,,admin_unmatched_or_ambiguous
75075,湛江,石角镇,榕树行政村,苏茅垌村,湛江市,石角镇,,,0,,,admin_unmatched_or_ambiguous
75069,湛江,石角镇,榕树行政村,赤子口村,湛江市,石角镇,,,0,,,admin_unmatched_or_ambiguous
75074,湛江,石角镇,榕树行政村,高瑕子村,湛江市,石角镇,,,0,,,admin_unmatched_or_ambiguous
75067,湛江,石角镇,田头行政村,乌坻垌村,湛江市,石角镇,,,0,,,admin_unmatched_or_ambiguous
75061,湛江,石角镇,田头行政村,何八塘村,湛江市,石角镇,,,0,,,admin_unmatched_or_ambiguous
75062,湛江,石角镇,田头行政村,何木根村,湛江市,石角镇,,,0,,,admin_unmatched_or_ambiguous
75063,湛江,石角镇,田头行政村,坑尾头村,湛江市,石角镇,,,0,,,admin_unmatched_or_ambiguous
75059,湛江,石角镇,田头行政村,大路排村,湛江市,石角镇,,,0,,,admin_unmatched_or_ambiguous
75060,湛江,石角镇,田头行政村,大路斜村,湛江市,石角镇,,,0,,,admin_unmatched_or_ambiguous
75068,湛江,石角镇,田头行政村,新安坡村,湛江市,石角镇,,,0,,,admin_unmatched_or_ambiguous
75064,湛江,石角镇,田头行政村,林坡村,湛江市,石角镇,,,0,,,admin_unmatched_or_ambiguous
75065,湛江,石角镇,田头行政村,棉地村,湛江市,石角镇,,,0,,,admin_unmatched_or_ambiguous
75066,湛江,石角镇,田头行政村,田头村,湛江市,石角镇,,,0,,,admin_unmatched_or_ambiguous
76267,湛江,石颈镇,东埔行政村,丰树杨村,湛江市,石颈镇,,,0,,,admin_unmatched_or_ambiguous
76269,湛江,石颈镇,东埔行政村,南埔村,湛江市,石颈镇,,,0,,,admin_unmatched_or_ambiguous
76271,湛江,石颈镇,东埔行政村,园岭村,湛江市,石颈镇,,,0,,,admin_unmatched_or_ambiguous
76266,湛江,石颈镇,东埔行政村,放车岭村,湛江市,石颈镇,,,0,,,admin_unmatched_or_ambiguous
76265,湛江,石颈镇,东埔行政村,矮岭村,湛江市,石颈镇,,,0,,,admin_unmatched_or_ambiguous
76270,湛江,石颈镇,东埔行政村,鸭母塘村,湛江市,石颈镇,,,0,,,admin_unmatched_or_ambiguous
76268,湛江,石颈镇,东埔行政村,黄头村,湛江市,石颈镇,,,0,,,admin_unmatched_or_ambiguous
80231,湛江,粤曲界镇,金满堂行政村,云马村,湛江市,曲界镇,,,0,,,admin_unmatched_or_ambiguous
80229,湛江,粤曲界镇,金满堂行政村,戚宅村,湛江市,曲界镇,,,0,,,admin_unmatched_or_ambiguous
80230,湛江,粤曲界镇,金满堂行政村,苏宅村,湛江市,曲界镇,,,0,,,admin_unmatched_or_ambiguous
80228,湛江,粤曲界镇,金满堂行政村,金满堂村,湛江市,曲界镇,,,0,,,admin_unmatched_or_ambiguous
80227,湛江,粤曲界镇,金满堂行政村,韩宅村,湛江市,曲界镇,,,0,,,admin_unmatched_or_ambiguous
77864,湛江,粤松竹镇,北边行政村,北边村,湛江市,松竹镇,,,0,,,admin_unmatched_or_ambiguous
78104,湛江,粤纪家镇,潭杰行政村,潭杰村,湛江市,纪家镇,,,0,,,admin_unmatched_or_ambiguous
78103,湛江,粤纪家镇,潭杰行政村,迈本胡新村,湛江市,纪家镇,,,0,,,admin_unmatched_or_ambiguous
78102,湛江,粤纪家镇,潭杰行政村,迈本胡旧村,湛江市,纪家镇,,,0,,,admin_unmatched_or_ambiguous
74317,湛江,草潭社区,何袁行政村,姓何村,湛江市,草潭镇,,,0,,,admin_unmatched_or_ambiguous
74318,湛江,草潭社区,何袁行政村,姓袁村,湛江市,草潭镇,,,0,,,admin_unmatched_or_ambiguous
74320,湛江,草潭社区,坎尾行政村,坎尾村,湛江市,草潭镇,,,0,,,admin_unmatched_or_ambiguous
74321,湛江,草潭社区,姓庞行政村,姓庞村,湛江市,草潭镇,,,0,,,admin_unmatched_or_ambiguous
74319,湛江,草潭社区,姓蔡行政村,姓蔡村,湛江市,草潭镇,,,0,,,admin_unmatched_or_ambiguous
74405,湛江,草潭社区,布屋行政村,布屋村,湛江市,草潭镇,,,0,,,admin_unmatched_or_ambiguous
74322,湛江,草潭社区,深井行政村,深井村,湛江市,草潭镇,,,0,,,admin_unmatched_or_ambiguous
74406,湛江,草潭社区,瓦窑墩行政村,瓦窑墩村,湛江市,草潭镇,,,0,,,admin_unmatched_or_ambiguous
75976,湛江,营仔镇,桐口行政村,上垌口村,湛江市,营仔镇,,,0,,,admin_unmatched_or_ambiguous
75978,湛江,营仔镇,桐口行政村,上山口村,湛江市,营仔镇,,,0,,,admin_unmatched_or_ambiguous
75980,湛江,营仔镇,桐口行政村,上角村,湛江市,营仔镇,,,0,,,admin_unmatched_or_ambiguous
75982,湛江,营仔镇,桐口行政村,下坡车村,湛江市,营仔镇,,,0,,,admin_unmatched_or_ambiguous
75977,湛江,营仔镇,桐口行政村,下垌口村,湛江市,营仔镇,,,0,,,admin_unmatched_or_ambiguous
75979,湛江,营仔镇,桐口行政村,下山口村,湛江市,营仔镇,,,0,,,admin_unmatched_or_ambiguous
75975,湛江,营仔镇,桐口行政村,山城仔村,湛江市,营仔镇,,,0,,,admin_unmatched_or_ambiguous
75972,湛江,营仔镇,桐口行政村,根竹岭村,湛江市,营仔镇,,,0,,,admin_unmatched_or_ambiguous
75983,湛江,营仔镇,桐口行政村,油柑埔村,湛江市,营仔镇,,,0,,,admin_unmatched_or_ambiguous
75981,湛江,营仔镇,桐口行政村,瓦屋山村,湛江市,营仔镇,,,0,,,admin_unmatched_or_ambiguous
75973,湛江,营仔镇,桐口行政村,老鸦山村,湛江市,营仔镇,,,0,,,admin_unmatched_or_ambiguous
75974,湛江,营仔镇,桐口行政村,荔枝山村,湛江市,营仔镇,,,0,,,admin_unmatched_or_ambiguous
76060,湛江,营圩社区,营圩社区,烟墩村,湛江市,营仔镇,,,0,,,admin_unmatched_or_ambiguous
76061,湛江,营圩社区,营圩社区,营仔村,湛江市,营仔镇,,,0,,,admin_unmatched_or_ambiguous
78999,湛江,西街,三端行政村,三东村,湛江市,西连镇,,,0,,,admin_unmatched_or_ambiguous
79000,湛江,西街,三端行政村,三西村,湛江市,西连镇,,,0,,,admin_unmatched_or_ambiguous
78998,湛江,西街,三端行政村,官歌地村,湛江市,西连镇,,,0,,,admin_unmatched_or_ambiguous
79001,湛江,西街,三端行政村,薛地村,湛江市,西连镇,,,0,,,admin_unmatched_or_ambiguous
78996,湛江,西街,三端行政村,达上村,湛江市,西连镇,,,0,,,admin_unmatched_or_ambiguous
78997,湛江,西街,三端行政村,达下村,湛江市,西连镇,,,0,,,admin_unmatched_or_ambiguous
79036,湛江,西街,上郭行政村,上郭村,湛江市,西连镇,,,0,,,admin_unmatched_or_ambiguous
79037,湛江,西街,上郭行政村,石堑村,湛江市,西连镇,,,0,,,admin_unmatched_or_ambiguous
79038,湛江,西街,上郭行政村,秧地脚村,湛江市,西连镇,,,0,,,admin_unmatched_or_ambiguous
79011,湛江,西街,文塔行政村,三柏儿村,湛江市,西连镇,,,0,,,admin_unmatched_or_ambiguous
79009,湛江,西街,文塔行政村,地城村,湛江市,西连镇,,,0,,,admin_unmatched_or_ambiguous
79010,湛江,西街,文塔行政村,坡尾村,湛江市,西连镇,,,0,,,admin_unmatched_or_ambiguous
79012,湛江,西街,文塔行政村,塔脚村,湛江市,西连镇,,,0,,,admin_unmatched_or_ambiguous
79014,湛江,西街,文塔行政村,姚村,湛江市,西连镇,,,0,,,admin_unmatched_or_ambiguous
79013,湛江,西街,文塔行政村,黄屋村,湛江市,西连镇,,,0,,,admin_unmatched_or_ambiguous
79024,湛江,西街,新埂行政村,上能村,湛江市,西连镇,,,0,,,admin_unmatched_or_ambiguous
79031,湛江,西街,新埂行政村,中垌黄村,湛江市,西连镇,,,0,,,admin_unmatched_or_ambiguous
79029,湛江,西街,新埂行政村,余新村,湛江市,西连镇,,,0,,,admin_unmatched_or_ambiguous
79027,湛江,西街,新埂行政村,姓文村,湛江市,西连镇,,,0,,,admin_unmatched_or_ambiguous
79026,湛江,西街,新埂行政村,姓李村,湛江市,西连镇,,,0,,,admin_unmatched_or_ambiguous
79023,湛江,西街,新埂行政村,宁根村,湛江市,西连镇,,,0,,,admin_unmatched_or_ambiguous
79025,湛江,西街,新埂行政村,新博村,湛江市,西连镇,,,0,,,admin_unmatched_or_ambiguous
79030,湛江,西街,新埂行政村,曾屋村,湛江市,西连镇,,,0,,,admin_unmatched_or_ambiguous
79028,湛江,西街,新埂行政村,杨屋坡村,湛江市,西连镇,,,0,,,admin_unmatched_or_ambiguous
78991,湛江,西街,桥头行政村,平后村,湛江市,西连镇,,,0,,,admin_unmatched_or_ambiguous
78994,湛江,西街,桥头行政村,文屋村,湛江市,西连镇,,,0,,,admin_unmatched_or_ambiguous
78990,湛江,西街,桥头行政村,朝阳村,湛江市,西连镇,,,0,,,admin_unmatched_or_ambiguous
78992,湛江,西街,桥头行政村,桥北村,湛江市,西连镇,,,0,,,admin_unmatched_or_ambiguous
78995,湛江,西街,桥头行政村,谢村,湛江市,西连镇,,,0,,,admin_unmatched_or_ambiguous
78993,湛江,西街,桥头行政村,谭屋村,湛江市,西连镇,,,0,,,admin_unmatched_or_ambiguous
79002,湛江,西街,水洒行政村,何屋村,湛江市,西连镇,,,0,,,admin_unmatched_or_ambiguous
79008,湛江,西街,水洒行政村,新桐村,湛江市,西连镇,,,0,,,admin_unmatched_or_ambiguous
79007,湛江,西街,水洒行政村,水洒村,湛江市,西连镇,,,0,,,admin_unmatched_or_ambiguous
79004,湛江,西街,水洒行政村,江口村,湛江市,西连镇,,,0,,,admin_unmatched_or_ambiguous
79003,湛江,西街,水洒行政村,盖地村,湛江市,西连镇,,,0,,,admin_unmatched_or_ambiguous
79006,湛江,西街,水洒行政村,那仅村,湛江市,西连镇,,,0,,,admin_unmatched_or_ambiguous
79005,湛江,西街,水洒行政村,马宵村,湛江市,西连镇,,,0,,,admin_unmatched_or_ambiguous
79033,湛江,西街,沙角旋行政村,寮东村,湛江市,西连镇,,,0,,,admin_unmatched_or_ambiguous
79034,湛江,西街,沙角旋行政村,寮南村,湛江市,西连镇,,,0,,,admin_unmatched_or_ambiguous
79035,湛江,西街,沙角旋行政村,挖儿村,湛江市,西连镇,,,0,,,admin_unmatched_or_ambiguous
79032,湛江,西街,沙角旋行政村,村儿村,湛江市,西连镇,,,0,,,admin_unmatched_or_ambiguous
79042,湛江,西街,秧义行政村,亚伯村,湛江市,西连镇,,,0,,,admin_unmatched_or_ambiguous
79043,湛江,西街,秧义行政村,亚拉村,湛江市,西连镇,,,0,,,admin_unmatched_or_ambiguous
79044,湛江,西街,秧义行政村,亚湾村,湛江市,西连镇,,,0,,,admin_unmatched_or_ambiguous
79041,湛江,西街,秧义行政村,姓李村,湛江市,西连镇,,,0,,,admin_unmatched_or_ambiguous
79045,湛江,西街,秧义行政村,秧义村,湛江市,西连镇,,,0,,,admin_unmatched_or_ambiguous
79046,湛江,西街,秧义行政村,芝蔼村,湛江市,西连镇,,,0,,,admin_unmatched_or_ambiguous
79039,湛江,西街,秧义行政村,蛤岭村,湛江市,西连镇,,,0,,,admin_unmatched_or_ambiguous
79040,湛江,西街,秧义行政村,较场村,湛江市,西连镇,,,0,,,admin_unmatched_or_ambiguous
78987,湛江,西街,那良行政村,安泗村,湛江市,西连镇,,,0,,,admin_unmatched_or_ambiguous
78986,湛江,西街,那良行政村,那东村,湛江市,西连镇,,,0,,,admin_unmatched_or_ambiguous
78988,湛江,西街,那良行政村,那良西村,湛江市,西连镇,,,0,,,admin_unmatched_or_ambiguous
78989,湛江,西街,那蒙行政村,那蒙村,湛江市,西连镇,,,0,,,admin_unmatched_or_ambiguous
78981,湛江,西街,那郭垌行政村,下村,湛江市,西连镇,,,0,,,admin_unmatched_or_ambiguous
78976,湛江,西街,那郭垌行政村,东边博村,湛江市,西连镇,,,0,,,admin_unmatched_or_ambiguous
78984,湛江,西街,那郭垌行政村,姓凌村,湛江市,西连镇,,,0,,,admin_unmatched_or_ambiguous
78985,湛江,西街,那郭垌行政村,姓吴村,湛江市,西连镇,,,0,,,admin_unmatched_or_ambiguous
78983,湛江,西街,那郭垌行政村,姓高村,湛江市,西连镇,,,0,,,admin_unmatched_or_ambiguous
78977,湛江,西街,那郭垌行政村,庚耀村,湛江市,西连镇,,,0,,,admin_unmatched_or_ambiguous
78982,湛江,西街,那郭垌行政村,新村,湛江市,西连镇,,,0,,,admin_unmatched_or_ambiguous
78978,湛江,西街,那郭垌行政村,江城头村,湛江市,西连镇,,,0,,,admin_unmatched_or_ambiguous
78980,湛江,西街,那郭垌行政村,田地村,湛江市,西连镇,,,0,,,admin_unmatched_or_ambiguous
78979,湛江,西街,那郭垌行政村,里屋沙村,湛江市,西连镇,,,0,,,admin_unmatched_or_ambiguous
78975,湛江,西街,那郭垌行政村,长地村,湛江市,西连镇,,,0,,,admin_unmatched_or_ambiguous
79056,湛江,西街,闸口行政村,上塘村,湛江市,西连镇,,,0,,,admin_unmatched_or_ambiguous
79057,湛江,西街,闸口行政村,下桐村,湛江市,西连镇,,,0,,,admin_unmatched_or_ambiguous
79052,湛江,西街,闸口行政村,东边博村,湛江市,西连镇,,,0,,,admin_unmatched_or_ambiguous
79051,湛江,西街,闸口行政村,东边村,湛江市,西连镇,,,0,,,admin_unmatched_or_ambiguous
79062,湛江,西街,闸口行政村,中间村,湛江市,西连镇,,,0,,,admin_unmatched_or_ambiguous
79053,湛江,西街,闸口行政村,公堂村,湛江市,西连镇,,,0,,,admin_unmatched_or_ambiguous
79055,湛江,西街,闸口行政村,坡头儿村,湛江市,西连镇,,,0,,,admin_unmatched_or_ambiguous
79060,湛江,西街,闸口行政村,埂尾村,湛江市,西连镇,,,0,,,admin_unmatched_or_ambiguous
79048,湛江,西街,闸口行政村,大博村,湛江市,西连镇,,,0,,,admin_unmatched_or_ambiguous
79059,湛江,西街,闸口行政村,姓林村,湛江市,西连镇,,,0,,,admin_unmatched_or_ambiguous
79061,湛江,西街,闸口行政村,张村,湛江市,西连镇,,,0,,,admin_unmatched_or_ambiguous
79058,湛江,西街,闸口行政村,新沙村,湛江市,西连镇,,,0,,,admin_unmatched_or_ambiguous
79054,湛江,西街,闸口行政村,横另村,湛江市,西连镇,,,0,,,admin_unmatched_or_ambiguous
79047,湛江,西街,闸口行政村,边地村,湛江市,西连镇,,,0,,,admin_unmatched_or_ambiguous
79050,湛江,西街,闸口行政村,邓新村,湛江市,西连镇,,,0,,,admin_unmatched_or_ambiguous
79049,湛江,西街,闸口行政村,邓老村,湛江市,西连镇,,,0,,,admin_unmatched_or_ambiguous
79020,湛江,西街,限口行政村,万屋村,湛江市,西连镇,,,0,,,admin_unmatched_or_ambiguous
79016,湛江,西街,限口行政村,埠头坡村,湛江市,西连镇,,,0,,,admin_unmatched_or_ambiguous
79017,湛江,西街,限口行政村,大桐村,湛江市,西连镇,,,0,,,admin_unmatched_or_ambiguous
79019,湛江,西街,限口行政村,李屋村,湛江市,西连镇,,,0,,,admin_unmatched_or_ambiguous
79018,湛江,西街,限口行政村,桐儿村,湛江市,西连镇,,,0,,,admin_unmatched_or_ambiguous
79022,湛江,西街,限口行政村,赵屋村,湛江市,西连镇,,,0,,,admin_unmatched_or_ambiguous
79021,湛江,西街,限口行政村,限口村,湛江市,西连镇,,,0,,,admin_unmatched_or_ambiguous
79015,湛江,西街,霞街行政村,霞街村,湛江市,西连镇,,,0,,,admin_unmatched_or_ambiguous
80894,湛江,西连镇,上寮行政村,上寮村,湛江市,西连镇,,,0,,,admin_unmatched_or_ambiguous
80897,湛江,西连镇,下寮仔行政村,下寮仔村,湛江市,西连镇,,,0,,,admin_unmatched_or_ambiguous
80898,湛江,西连镇,下寮仔行政村,北插寮村,湛江市,西连镇,,,0,,,admin_unmatched_or_ambiguous
80899,湛江,西连镇,下寮仔行政村,曾宅寮村,湛江市,西连镇,,,0,,,admin_unmatched_or_ambiguous
80900,湛江,西连镇,下寮仔行政村,西山仔村,湛江市,西连镇,,,0,,,admin_unmatched_or_ambiguous
80907,湛江,西连镇,仕寮行政村,仕寮村,湛江市,西连镇,,,0,,,admin_unmatched_or_ambiguous
80908,湛江,西连镇,仕寮行政村,北兰村,湛江市,西连镇,,,0,,,admin_unmatched_or_ambiguous
80909,湛江,西连镇,仕寮行政村,蔡宅村,湛江市,西连镇,,,0,,,admin_unmatched_or_ambiguous
80879,湛江,西连镇,北注行政村,北注村,湛江市,西连镇,,,0,,,admin_unmatched_or_ambiguous
80881,湛江,西连镇,北注行政村,昌寸村,湛江市,西连镇,,,0,,,admin_unmatched_or_ambiguous
80880,湛江,西连镇,北注行政村,潘宅村,湛江市,西连镇,,,0,,,admin_unmatched_or_ambiguous
80882,湛江,西连镇,北注行政村,陈宅村,湛江市,西连镇,,,0,,,admin_unmatched_or_ambiguous
80883,湛江,西连镇,放坡行政村,放坡村,湛江市,西连镇,,,0,,,admin_unmatched_or_ambiguous
80895,湛江,西连镇,沙土行政村,沙上村,湛江市,西连镇,,,0,,,admin_unmatched_or_ambiguous
80896,湛江,西连镇,沙土行政村,沙下村,湛江市,西连镇,,,0,,,admin_unmatched_or_ambiguous
80905,湛江,西连镇,潭螯行政村,北胜村,湛江市,西连镇,,,0,,,admin_unmatched_or_ambiguous
80904,湛江,西连镇,潭螯行政村,大备村,湛江市,西连镇,,,0,,,admin_unmatched_or_ambiguous
80906,湛江,西连镇,潭螯行政村,孟宁村,湛江市,西连镇,,,0,,,admin_unmatched_or_ambiguous
80903,湛江,西连镇,潭螯行政村,小备村,湛江市,西连镇,,,0,,,admin_unmatched_or_ambiguous
80902,湛江,西连镇,潭螯行政村,潭鳌村,湛江市,西连镇,,,0,,,admin_unmatched_or_ambiguous
80885,湛江,西连镇,符宅行政村,东河村,湛江市,西连镇,,,0,,,admin_unmatched_or_ambiguous
80884,湛江,西连镇,符宅行政村,北寮村,湛江市,西连镇,,,0,,,admin_unmatched_or_ambiguous
80887,湛江,西连镇,符宅行政村,李宅村,湛江市,西连镇,,,0,,,admin_unmatched_or_ambiguous
80888,湛江,西连镇,符宅行政村,梁宅村,湛江市,西连镇,,,0,,,admin_unmatched_or_ambiguous
80886,湛江,西连镇,符宅行政村,符宅村,湛江市,西连镇,,,0,,,admin_unmatched_or_ambiguous
80878,湛江,西连镇,苞西行政村,苞西村,湛江市,西连镇,,,0,,,admin_unmatched_or_ambiguous
80889,湛江,西连镇,角尾行政村,冲沟村,湛江市,西连镇,,,0,,,admin_unmatched_or_ambiguous
80890,湛江,西连镇,角尾行政村,南岭村,湛江市,西连镇,,,0,,,admin_unmatched_or_ambiguous
80891,湛江,西连镇,角尾行政村,定村仔村,湛江市,西连镇,,,0,,,admin_unmatched_or_ambiguous
80892,湛江,西连镇,角尾行政村,西坡仔村,湛江市,西连镇,,,0,,,admin_unmatched_or_ambiguous
80893,湛江,西连镇,角尾行政村,郑黄村,湛江市,西连镇,,,0,,,admin_unmatched_or_ambiguous
80901,湛江,西连镇,许家寮行政村,许家寮村,湛江市,西连镇,,,0,,,admin_unmatched_or_ambiguous
77966,湛江,覃斗社区,西岸行政村,西岸村,湛江市,覃斗镇,,,0,,,admin_unmatched_or_ambiguous
77941,湛江,覃斗镇,东港行政村,东港村,湛江市,覃斗镇,,,0,,,admin_unmatched_or_ambiguous
78681,湛江,超全南三镇,南滘行政村,凤辇村,湛江市,南三镇,,,0,,,admin_unmatched_or_ambiguous
78678,湛江,超全南三镇,南滘行政村,北上村,湛江市,南三镇,,,0,,,admin_unmatched_or_ambiguous
78680,湛江,超全南三镇,南滘行政村,北中村,湛江市,南三镇,,,0,,,admin_unmatched_or_ambiguous
78679,湛江,超全南三镇,南滘行政村,北灶地寮村,湛江市,南三镇,,,0,,,admin_unmatched_or_ambiguous
78685,湛江,超全南三镇,南滘行政村,北灶尾村,湛江市,南三镇,,,0,,,admin_unmatched_or_ambiguous
78684,湛江,超全南三镇,南滘行政村,南中村,湛江市,南三镇,,,0,,,admin_unmatched_or_ambiguous
78677,湛江,超全南三镇,南滘行政村,南灶陈村,湛江市,南三镇,,,0,,,admin_unmatched_or_ambiguous
78683,湛江,超全南三镇,南滘行政村,南罗村,湛江市,南三镇,,,0,,,admin_unmatched_or_ambiguous
78688,湛江,超全南三镇,南滘行政村,新乡村,湛江市,南三镇,,,0,,,admin_unmatched_or_ambiguous
78682,湛江,超全南三镇,南滘行政村,滘脊村,湛江市,南三镇,,,0,,,admin_unmatched_or_ambiguous
78687,湛江,超全南三镇,南滘行政村,谢桐村,湛江市,南三镇,,,0,,,admin_unmatched_or_ambiguous
78686,湛江,超全南三镇,南滘行政村,霞瑶村,湛江市,南三镇,,,0,,,admin_unmatched_or_ambiguous
78670,湛江,超全南三镇,蓝田行政村,下木渭村,湛江市,南三镇,,,0,,,admin_unmatched_or_ambiguous
78665,湛江,超全南三镇,蓝田行政村,南丰村,湛江市,南三镇,,,0,,,admin_unmatched_or_ambiguous
78669,湛江,超全南三镇,蓝田行政村,南和村,湛江市,南三镇,,,0,,,admin_unmatched_or_ambiguous
78671,湛江,超全南三镇,蓝田行政村,新村,湛江市,南三镇,,,0,,,admin_unmatched_or_ambiguous
78668,湛江,超全南三镇,蓝田行政村,老梁村,湛江市,南三镇,,,0,,,admin_unmatched_or_ambiguous
78667,湛江,超全南三镇,蓝田行政村,蓝田村,湛江市,南三镇,,,0,,,admin_unmatched_or_ambiguous
78666,湛江,超全南三镇,蓝田行政村,邓屋村,湛江市,南三镇,,,0,,,admin_unmatched_or_ambiguous
78672,湛江,超全南三镇,蓝田行政村,长兴村,湛江市,南三镇,,,0,,,admin_unmatched_or_ambiguous
79977,湛江,超全南山镇,乙神行政村,东高岭村,湛江市,南山镇,,,0,,,admin_unmatched_or_ambiguous
79992,湛江,超全南山镇,乙神行政村,乙神村,湛江市,南山镇,,,0,,,admin_unmatched_or_ambiguous
79982,湛江,超全南山镇,乙神行政村,刘宅村,湛江市,南山镇,,,0,,,admin_unmatched_or_ambiguous
79976,湛江,超全南山镇,乙神行政村,包罗园村,湛江市,南山镇,,,0,,,admin_unmatched_or_ambiguous
79979,湛江,超全南山镇,乙神行政村,合山园新村,湛江市,南山镇,,,0,,,admin_unmatched_or_ambiguous
79978,湛江,超全南山镇,乙神行政村,合山园村,湛江市,南山镇,,,0,,,admin_unmatched_or_ambiguous
79980,湛江,超全南山镇,乙神行政村,后村仔村,湛江市,南山镇,,,0,,,admin_unmatched_or_ambiguous
79989,湛江,超全南山镇,乙神行政村,山田新村,湛江市,南山镇,,,0,,,admin_unmatched_or_ambiguous
79988,湛江,超全南山镇,乙神行政村,山田村,湛江市,南山镇,,,0,,,admin_unmatched_or_ambiguous
79990,湛江,超全南山镇,乙神行政村,田青朗村,湛江市,南山镇,,,0,,,admin_unmatched_or_ambiguous
79987,湛江,超全南山镇,乙神行政村,群桥村,湛江市,南山镇,,,0,,,admin_unmatched_or_ambiguous
79984,湛江,超全南山镇,乙神行政村,茅园仔村,湛江市,南山镇,,,0,,,admin_unmatched_or_ambiguous
79991,湛江,超全南山镇,乙神行政村,西山仔村,湛江市,南山镇,,,0,,,admin_unmatched_or_ambiguous
79986,湛江,超全南山镇,乙神行政村,那佬村,湛江市,南山镇,,,0,,,admin_unmatched_or_ambiguous
79985,湛江,超全南山镇,乙神行政村,那帆村,湛江市,南山镇,,,0,,,admin_unmatched_or_ambiguous
79981,湛江,超全南山镇,乙神行政村,金竹蜗村,湛江市,南山镇,,,0,,,admin_unmatched_or_ambiguous
79983,湛江,超全南山镇,乙神行政村,龙兴村,湛江市,南山镇,,,0,,,admin_unmatched_or_ambiguous
80037,湛江,超全南山镇,加乐园行政村,何宅村,湛江市,南山镇,,,0,,,admin_unmatched_or_ambiguous
80036,湛江,超全南山镇,加乐园行政村,加乐园村,湛江市,南山镇,,,0,,,admin_unmatched_or_ambiguous
80038,湛江,超全南山镇,加乐园行政村,开平村,湛江市,南山镇,,,0,,,admin_unmatched_or_ambiguous
80035,湛江,超全南山镇,加乐园行政村,昌赫村,湛江市,南山镇,,,0,,,admin_unmatched_or_ambiguous
80005,湛江,超全南山镇,北岭行政村,下田村,湛江市,南山镇,,,0,,,admin_unmatched_or_ambiguous
80002,湛江,超全南山镇,北岭行政村,北岭村,湛江市,南山镇,,,0,,,admin_unmatched_or_ambiguous
80006,湛江,超全南山镇,北岭行政村,新民村,湛江市,南山镇,,,0,,,admin_unmatched_or_ambiguous
80003,湛江,超全南山镇,北岭行政村,茅园村,湛江市,南山镇,,,0,,,admin_unmatched_or_ambiguous
80004,湛江,超全南山镇,北岭行政村,谭家村,湛江市,南山镇,,,0,,,admin_unmatched_or_ambiguous
80008,湛江,超全南山镇,北水行政村,军房村,湛江市,南山镇,,,0,,,admin_unmatched_or_ambiguous
80007,湛江,超全南山镇,北水行政村,北桥村,湛江市,南山镇,,,0,,,admin_unmatched_or_ambiguous
80009,湛江,超全南山镇,北水行政村,铜铁村,湛江市,南山镇,,,0,,,admin_unmatched_or_ambiguous
80032,湛江,超全南山镇,后坡寮行政村,东坦村,湛江市,南山镇,,,0,,,admin_unmatched_or_ambiguous
80031,湛江,超全南山镇,后坡寮行政村,北寮村,湛江市,南山镇,,,0,,,admin_unmatched_or_ambiguous
80033,湛江,超全南山镇,后坡寮行政村,南寮村,湛江市,南山镇,,,0,,,admin_unmatched_or_ambiguous
80034,湛江,超全南山镇,后坡寮行政村,谭胜村,湛江市,南山镇,,,0,,,admin_unmatched_or_ambiguous
80030,湛江,超全南山镇,和家行政村,下塘园村,湛江市,南山镇,,,0,,,admin_unmatched_or_ambiguous
80026,湛江,超全南山镇,和家行政村,东坑村,湛江市,南山镇,,,0,,,admin_unmatched_or_ambiguous
80025,湛江,超全南山镇,和家行政村,东湖村,湛江市,南山镇,,,0,,,admin_unmatched_or_ambiguous
80029,湛江,超全南山镇,和家行政村,儒家井村,湛江市,南山镇,,,0,,,admin_unmatched_or_ambiguous
80027,湛江,超全南山镇,和家行政村,和家村,湛江市,南山镇,,,0,,,admin_unmatched_or_ambiguous
80028,湛江,超全南山镇,和家行政村,马林村,湛江市,南山镇,,,0,,,admin_unmatched_or_ambiguous
80018,湛江,超全南山镇,大黄行政村,三笃塘村,湛江市,南山镇,,,0,,,admin_unmatched_or_ambiguous
80015,湛江,超全南山镇,大黄行政村,大水蜗村,湛江市,南山镇,,,0,,,admin_unmatched_or_ambiguous
80014,湛江,超全南山镇,大黄行政村,大黄村,湛江市,南山镇,,,0,,,admin_unmatched_or_ambiguous
80024,湛江,超全南山镇,大黄行政村,新村仔村,湛江市,南山镇,,,0,,,admin_unmatched_or_ambiguous
80013,湛江,超全南山镇,大黄行政村,昌化村,湛江市,南山镇,,,0,,,admin_unmatched_or_ambiguous
80022,湛江,超全南山镇,大黄行政村,水堨仔村,湛江市,南山镇,,,0,,,admin_unmatched_or_ambiguous
80021,湛江,超全南山镇,大黄行政村,石榴山村,湛江市,南山镇,,,0,,,admin_unmatched_or_ambiguous
80019,湛江,超全南山镇,大黄行政村,社朗仔村,湛江市,南山镇,,,0,,,admin_unmatched_or_ambiguous
80020,湛江,超全南山镇,大黄行政村,社长村,湛江市,南山镇,,,0,,,admin_unmatched_or_ambiguous
80023,湛江,超全南山镇,大黄行政村,讨养村,湛江市,南山镇,,,0,,,admin_unmatched_or_ambiguous
80011,湛江,超全南山镇,大黄行政村,边古仔村,湛江市,南山镇,,,0,,,admin_unmatched_or_ambiguous
80010,湛江,超全南山镇,大黄行政村,边古村,湛江市,南山镇,,,0,,,admin_unmatched_or_ambiguous
80012,湛江,超全南山镇,大黄行政村,边姓村,湛江市,南山镇,,,0,,,admin_unmatched_or_ambiguous
80017,湛江,超全南山镇,大黄行政村,迈才园村,湛江市,南山镇,,,0,,,admin_unmatched_or_ambiguous
80016,湛江,超全南山镇,大黄行政村,龙山村,湛江市,南山镇,,,0,,,admin_unmatched_or_ambiguous
80075,湛江,超全南山镇,头铺行政村,刘宅村,湛江市,南山镇,,,0,,,admin_unmatched_or_ambiguous
80072,湛江,超全南山镇,头铺行政村,刺仔山村,湛江市,南山镇,,,0,,,admin_unmatched_or_ambiguous
80073,湛江,超全南山镇,头铺行政村,后岭村,湛江市,南山镇,,,0,,,admin_unmatched_or_ambiguous
80074,湛江,超全南山镇,头铺行政村,林宅村,湛江市,南山镇,,,0,,,admin_unmatched_or_ambiguous
80079,湛江,超全南山镇,头铺行政村,游宅村,湛江市,南山镇,,,0,,,admin_unmatched_or_ambiguous
80080,湛江,超全南山镇,头铺行政村,祝宅寮村,湛江市,南山镇,,,0,,,admin_unmatched_or_ambiguous
80078,湛江,超全南山镇,头铺行政村,讨岳村,湛江市,南山镇,,,0,,,admin_unmatched_or_ambiguous
80077,湛江,超全南山镇,头铺行政村,那北仔村,湛江市,南山镇,,,0,,,admin_unmatched_or_ambiguous
80076,湛江,超全南山镇,头铺行政村,马琴村,湛江市,南山镇,,,0,,,admin_unmatched_or_ambiguous
80087,湛江,超全南山镇,文丰园行政村,下井村,湛江市,南山镇,,,0,,,admin_unmatched_or_ambiguous
80081,湛江,超全南山镇,文丰园行政村,后坡寮仔村,湛江市,南山镇,,,0,,,admin_unmatched_or_ambiguous
80085,湛江,超全南山镇,文丰园行政村,文丰园村,湛江市,南山镇,,,0,,,admin_unmatched_or_ambiguous
80084,湛江,超全南山镇,文丰园行政村,文斗蜗村,湛江市,南山镇,,,0,,,admin_unmatched_or_ambiguous
80083,湛江,超全南山镇,文丰园行政村,田西村,湛江市,南山镇,,,0,,,admin_unmatched_or_ambiguous
80086,湛江,超全南山镇,文丰园行政村,西塘村,湛江市,南山镇,,,0,,,admin_unmatched_or_ambiguous
80082,湛江,超全南山镇,文丰园行政村,谭北寮村,湛江市,南山镇,,,0,,,admin_unmatched_or_ambiguous
80068,湛江,超全南山镇,桃园行政村,仕仁村,湛江市,南山镇,,,0,,,admin_unmatched_or_ambiguous
80062,湛江,超全南山镇,桃园行政村,八斗村,湛江市,南山镇,,,0,,,admin_unmatched_or_ambiguous
80064,湛江,超全南山镇,桃园行政村,后寮村,湛江市,南山镇,,,0,,,admin_unmatched_or_ambiguous
80061,湛江,超全南山镇,桃园行政村,安村,湛江市,南山镇,,,0,,,admin_unmatched_or_ambiguous
80063,湛江,超全南山镇,桃园行政村,扶宜村,湛江市,南山镇,,,0,,,admin_unmatched_or_ambiguous
80070,湛江,超全南山镇,桃园行政村,提创村,湛江市,南山镇,,,0,,,admin_unmatched_or_ambiguous
80071,湛江,超全南山镇,桃园行政村,新村,湛江市,南山镇,,,0,,,admin_unmatched_or_ambiguous
80069,湛江,超全南山镇,桃园行政村,桃园村,湛江市,南山镇,,,0,,,admin_unmatched_or_ambiguous
80066,湛江,超全南山镇,桃园行政村,那塘村,湛江市,南山镇,,,0,,,admin_unmatched_or_ambiguous
80067,湛江,超全南山镇,桃园行政村,那种村,湛江市,南山镇,,,0,,,admin_unmatched_or_ambiguous
80065,湛江,超全南山镇,桃园行政村,龙乐村,湛江市,南山镇,,,0,,,admin_unmatched_or_ambiguous
80058,湛江,超全南山镇,石岭行政村,下寮仔村,湛江市,南山镇,,,0,,,admin_unmatched_or_ambiguous
80059,湛江,超全南山镇,石岭行政村,新兴村,湛江市,南山镇,,,0,,,admin_unmatched_or_ambiguous
80054,湛江,超全南山镇,石岭行政村,林宅村,湛江市,南山镇,,,0,,,admin_unmatched_or_ambiguous
80056,湛江,超全南山镇,石岭行政村,潘宅村,湛江市,南山镇,,,0,,,admin_unmatched_or_ambiguous
80057,湛江,超全南山镇,石岭行政村,王宅村,湛江市,南山镇,,,0,,,admin_unmatched_or_ambiguous
80060,湛江,超全南山镇,石岭行政村,钟宅村,湛江市,南山镇,,,0,,,admin_unmatched_or_ambiguous
80055,湛江,超全南山镇,石岭行政村,隆盛村,湛江市,南山镇,,,0,,,admin_unmatched_or_ambiguous
80039,湛江,超全南山镇,迈报行政村,北插村,湛江市,南山镇,,,0,,,admin_unmatched_or_ambiguous
80043,湛江,超全南山镇,迈报行政村,沈宅村,湛江市,南山镇,,,0,,,admin_unmatched_or_ambiguous
80041,湛江,超全南山镇,迈报行政村,蜗斗园新村,湛江市,南山镇,,,0,,,admin_unmatched_or_ambiguous
80040,湛江,超全南山镇,迈报行政村,蜗斗园村,湛江市,南山镇,,,0,,,admin_unmatched_or_ambiguous
80042,湛江,超全南山镇,迈报行政村,迈报村,湛江市,南山镇,,,0,,,admin_unmatched_or_ambiguous
80048,湛江,超全南山镇,那松行政村,东园村,湛江市,南山镇,,,0,,,admin_unmatched_or_ambiguous
80050,湛江,超全南山镇,那松行政村,南村仔村,湛江市,南山镇,,,0,,,admin_unmatched_or_ambiguous
80047,湛江,超全南山镇,那松行政村,昌引村,湛江市,南山镇,,,0,,,admin_unmatched_or_ambiguous
80051,湛江,超全南山镇,那松行政村,王宅村,湛江市,南山镇,,,0,,,admin_unmatched_or_ambiguous
80053,湛江,超全南山镇,那松行政村,竹园村,湛江市,南山镇,,,0,,,admin_unmatched_or_ambiguous
80052,湛江,超全南山镇,那松行政村,西树村,湛江市,南山镇,,,0,,,admin_unmatched_or_ambiguous
80046,湛江,超全南山镇,那松行政村,边河村,湛江市,南山镇,,,0,,,admin_unmatched_or_ambiguous
80049,湛江,超全南山镇,那松行政村,那松村,湛江市,南山镇,,,0,,,admin_unmatched_or_ambiguous
80045,湛江,超全南山镇,那练行政村,盐坡村,湛江市,南山镇,,,0,,,admin_unmatched_or_ambiguous
80044,湛江,超全南山镇,那练行政村,那练村,湛江市,南山镇,,,0,,,admin_unmatched_or_ambiguous
78940,湛江,超全吴阳镇,大地行政村,大地村,湛江市,吴阳镇,,,0,,,admin_unmatched_or_ambiguous
78945,湛江,超全吴阳镇,大地行政村,文地村,湛江市,吴阳镇,,,0,,,admin_unmatched_or_ambiguous
78944,湛江,超全吴阳镇,大地行政村,林地村,湛江市,吴阳镇,,,0,,,admin_unmatched_or_ambiguous
78939,湛江,超全吴阳镇,大地行政村,陈地村,湛江市,吴阳镇,,,0,,,admin_unmatched_or_ambiguous
78942,湛江,超全吴阳镇,大地行政村,鸡饨村,湛江市,吴阳镇,,,0,,,admin_unmatched_or_ambiguous
78941,湛江,超全吴阳镇,大地行政村,黄地村,湛江市,吴阳镇,,,0,,,admin_unmatched_or_ambiguous
78943,湛江,超全吴阳镇,大地行政村,黎地村,湛江市,吴阳镇,,,0,,,admin_unmatched_or_ambiguous
78771,湛江,超全塘瑷镇,南通行政村,上樟平村,湛江市,塘缀镇,,,0,,,admin_unmatched_or_ambiguous
78765,湛江,超全塘瑷镇,南通行政村,冷水新村,湛江市,塘缀镇,,,0,,,admin_unmatched_or_ambiguous
78764,湛江,超全塘瑷镇,南通行政村,冷水老村,湛江市,塘缀镇,,,0,,,admin_unmatched_or_ambiguous
78769,湛江,超全塘瑷镇,南通行政村,南埔村,湛江市,塘缀镇,,,0,,,admin_unmatched_or_ambiguous
78774,湛江,超全塘瑷镇,南通行政村,叶赤里村,湛江市,塘缀镇,,,0,,,admin_unmatched_or_ambiguous
78770,湛江,超全塘瑷镇,南通行政村,坡地村,湛江市,塘缀镇,,,0,,,admin_unmatched_or_ambiguous
78772,湛江,超全塘瑷镇,南通行政村,塘仔园村,湛江市,塘缀镇,,,0,,,admin_unmatched_or_ambiguous
78773,湛江,超全塘瑷镇,南通行政村,杨赤里村,湛江市,塘缀镇,,,0,,,admin_unmatched_or_ambiguous
78766,湛江,超全塘瑷镇,南通行政村,林屋园村,湛江市,塘缀镇,,,0,,,admin_unmatched_or_ambiguous
78762,湛江,超全塘瑷镇,南通行政村,白蓁尾村,湛江市,塘缀镇,,,0,,,admin_unmatched_or_ambiguous
78775,湛江,超全塘瑷镇,南通行政村,莺埔尾村,湛江市,塘缀镇,,,0,,,admin_unmatched_or_ambiguous
78767,湛江,超全塘瑷镇,南通行政村,落家山村,湛江市,塘缀镇,,,0,,,admin_unmatched_or_ambiguous
78768,湛江,超全塘瑷镇,南通行政村,面山园村,湛江市,塘缀镇,,,0,,,admin_unmatched_or_ambiguous
78763,湛江,超全塘瑷镇,南通行政村,高岭村,湛江市,塘缀镇,,,0,,,admin_unmatched_or_ambiguous
78892,湛江,超全塘瑷镇,塘下行政村,上石硅村,湛江市,塘缀镇,,,0,,,admin_unmatched_or_ambiguous
78888,湛江,超全塘瑷镇,塘下行政村,东岸坡村,湛江市,塘缀镇,,,0,,,admin_unmatched_or_ambiguous
78891,湛江,超全塘瑷镇,塘下行政村,塘上村,湛江市,塘缀镇,,,0,,,admin_unmatched_or_ambiguous
78890,湛江,超全塘瑷镇,塘下行政村,塘下村,湛江市,塘缀镇,,,0,,,admin_unmatched_or_ambiguous
78889,湛江,超全塘瑷镇,塘下行政村,简村,湛江市,塘缀镇,,,0,,,admin_unmatched_or_ambiguous
78917,湛江,超全塘瑷镇,塘掇行政村,上田头村,湛江市,塘缀镇,,,0,,,admin_unmatched_or_ambiguous
78928,湛江,超全塘瑷镇,塘掇行政村,下圩村,湛江市,塘缀镇,,,0,,,admin_unmatched_or_ambiguous
78918,湛江,超全塘瑷镇,塘掇行政村,大塘边村,湛江市,塘缀镇,,,0,,,admin_unmatched_or_ambiguous
78916,湛江,超全塘瑷镇,塘掇行政村,山背村,湛江市,塘缀镇,,,0,,,admin_unmatched_or_ambiguous
78927,湛江,超全塘瑷镇,塘掇行政村,文屋村,湛江市,塘缀镇,,,0,,,admin_unmatched_or_ambiguous
78929,湛江,超全塘瑷镇,塘掇行政村,油麻坡村,湛江市,塘缀镇,,,0,,,admin_unmatched_or_ambiguous
78922,湛江,超全塘瑷镇,塘掇行政村,牛仔坡村,湛江市,塘缀镇,,,0,,,admin_unmatched_or_ambiguous
78925,湛江,超全塘瑷镇,塘掇行政村,田头东村,湛江市,塘缀镇,,,0,,,admin_unmatched_or_ambiguous
78926,湛江,超全塘瑷镇,塘掇行政村,田头西村,湛江市,塘缀镇,,,0,,,admin_unmatched_or_ambiguous
78924,湛江,超全塘瑷镇,塘掇行政村,竹仔园村,湛江市,塘缀镇,,,0,,,admin_unmatched_or_ambiguous
78923,湛江,超全塘瑷镇,塘掇行政村,笋岭坡村,湛江市,塘缀镇,,,0,,,admin_unmatched_or_ambiguous
78920,湛江,超全塘瑷镇,塘掇行政村,莲花村,湛江市,塘缀镇,,,0,,,admin_unmatched_or_ambiguous
78919,湛江,超全塘瑷镇,塘掇行政村,黄桐山村,湛江市,塘缀镇,,,0,,,admin_unmatched_or_ambiguous
78921,湛江,超全塘瑷镇,塘掇行政村,龙见坡村,湛江市,塘缀镇,,,0,,,admin_unmatched_or_ambiguous
78893,湛江,超全塘瑷镇,新桥行政村,水口村,湛江市,塘缀镇,,,0,,,admin_unmatched_or_ambiguous
78883,湛江,超全塘瑷镇,西埔行政村,上西埽村,湛江市,塘缀镇,,,0,,,admin_unmatched_or_ambiguous
78885,湛江,超全塘瑷镇,西埔行政村,下蒙村,湛江市,塘缀镇,,,0,,,admin_unmatched_or_ambiguous
78886,湛江,超全塘瑷镇,西埔行政村,下西诵村,湛江市,塘缀镇,,,0,,,admin_unmatched_or_ambiguous
78878,湛江,超全塘瑷镇,西埔行政村,乐根村,湛江市,塘缀镇,,,0,,,admin_unmatched_or_ambiguous
78881,湛江,超全塘瑷镇,西埔行政村,六庙村,湛江市,塘缀镇,,,0,,,admin_unmatched_or_ambiguous
78877,湛江,超全塘瑷镇,西埔行政村,古流坡村,湛江市,塘缀镇,,,0,,,admin_unmatched_or_ambiguous
78882,湛江,超全塘瑷镇,西埔行政村,曲简村,湛江市,塘缀镇,,,0,,,admin_unmatched_or_ambiguous
78880,湛江,超全塘瑷镇,西埔行政村,林汉村,湛江市,塘缀镇,,,0,,,admin_unmatched_or_ambiguous
78884,湛江,超全塘瑷镇,西埔行政村,深水村,湛江市,塘缀镇,,,0,,,admin_unmatched_or_ambiguous
78887,湛江,超全塘瑷镇,西埔行政村,莺埽村,湛江市,塘缀镇,,,0,,,admin_unmatched_or_ambiguous
78879,湛江,超全塘瑷镇,西埔行政村,雷公石村,湛江市,塘缀镇,,,0,,,admin_unmatched_or_ambiguous
78738,湛江,超全塘瑷镇,郊桥行政村,上羌园村,湛江市,塘缀镇,,,0,,,admin_unmatched_or_ambiguous
78743,湛江,超全塘瑷镇,郊桥行政村,下羌园村,湛江市,塘缀镇,,,0,,,admin_unmatched_or_ambiguous
78745,湛江,超全塘瑷镇,郊桥行政村,余屋山村,湛江市,塘缀镇,,,0,,,admin_unmatched_or_ambiguous
78740,湛江,超全塘瑷镇,郊桥行政村,南山村,湛江市,塘缀镇,,,0,,,admin_unmatched_or_ambiguous
78742,湛江,超全塘瑷镇,郊桥行政村,太平村,湛江市,塘缀镇,,,0,,,admin_unmatched_or_ambiguous
78741,湛江,超全塘瑷镇,郊桥行政村,山雅村,湛江市,塘缀镇,,,0,,,admin_unmatched_or_ambiguous
78744,湛江,超全塘瑷镇,郊桥行政村,营盘村,湛江市,塘缀镇,,,0,,,admin_unmatched_or_ambiguous
78739,湛江,超全塘瑷镇,郊桥行政村,陈村,湛江市,塘缀镇,,,0,,,admin_unmatched_or_ambiguous
75254,湛江,超宝良桐镇,上阁桐行政村,上角桐村,湛江市,良垌镇,,,0,,,admin_unmatched_or_ambiguous
75252,湛江,超宝良桐镇,上阁桐行政村,坑仔尾村,湛江市,良垌镇,,,0,,,admin_unmatched_or_ambiguous
75250,湛江,超宝良桐镇,上阁桐行政村,大坡福村,湛江市,良垌镇,,,0,,,admin_unmatched_or_ambiguous
75255,湛江,超宝良桐镇,上阁桐行政村,樟木埔村,湛江市,良垌镇,,,0,,,admin_unmatched_or_ambiguous
75251,湛江,超宝良桐镇,上阁桐行政村,江口村,湛江市,良垌镇,,,0,,,admin_unmatched_or_ambiguous
76562,湛江,超宝良桐镇,上阁桐行政村,神山村,湛江市,良垌镇,,,0,,,admin_unmatched_or_ambiguous
75253,湛江,超宝良桐镇,上阁桐行政村,葩竹村,湛江市,良垌镇,,,0,,,admin_unmatched_or_ambiguous
75350,湛江,超宝良桐镇,大垌行政村,大垌村,湛江市,良垌镇,,,0,,,admin_unmatched_or_ambiguous
75351,湛江,超宝良桐镇,大垌行政村,山茶岭村,湛江市,良垌镇,,,0,,,admin_unmatched_or_ambiguous
75353,湛江,超宝良桐镇,大垌行政村,王京山村,湛江市,良垌镇,,,0,,,admin_unmatched_or_ambiguous
75352,湛江,超宝良桐镇,大垌行政村,铜鼓地村,湛江市,良垌镇,,,0,,,admin_unmatched_or_ambiguous
75354,湛江,超宝良桐镇,大垌行政村,鸭母墩村,湛江市,良垌镇,,,0,,,admin_unmatched_or_ambiguous
75500,湛江,高桥镇,大冲行政村,合山村,湛江市,高桥镇,,,0,,,admin_unmatched_or_ambiguous
75510,湛江,高桥镇,大冲行政村,塘尾村,湛江市,高桥镇,,,0,,,admin_unmatched_or_ambiguous
75498,湛江,高桥镇,大冲行政村,大陂头村,湛江市,高桥镇,,,0,,,admin_unmatched_or_ambiguous
75504,湛江,高桥镇,大冲行政村,岭顶甫村,湛江市,高桥镇,,,0,,,admin_unmatched_or_ambiguous
75505,湛江,高桥镇,大冲行政村,平田山村,湛江市,高桥镇,,,0,,,admin_unmatched_or_ambiguous
75499,湛江,高桥镇,大冲行政村,担水塘村,湛江市,高桥镇,,,0,,,admin_unmatched_or_ambiguous
75512,湛江,高桥镇,大冲行政村,新李村,湛江市,高桥镇,,,0,,,admin_unmatched_or_ambiguous
75508,湛江,高桥镇,大冲行政村,晒鸡窝村,湛江市,高桥镇,,,0,,,admin_unmatched_or_ambiguous
75513,湛江,高桥镇,大冲行政村,杨梅岭村,湛江市,高桥镇,,,0,,,admin_unmatched_or_ambiguous
75514,湛江,高桥镇,大冲行政村,樟木台村,湛江市,高桥镇,,,0,,,admin_unmatched_or_ambiguous
75501,湛江,高桥镇,大冲行政村,横埔村,湛江市,高桥镇,,,0,,,admin_unmatched_or_ambiguous
75507,湛江,高桥镇,大冲行政村,沙坡村,湛江市,高桥镇,,,0,,,admin_unmatched_or_ambiguous
75509,湛江,高桥镇,大冲行政村,石桥村,湛江市,高桥镇,,,0,,,admin_unmatched_or_ambiguous
75503,湛江,高桥镇,大冲行政村,老罗角村,湛江市,高桥镇,,,0,,,admin_unmatched_or_ambiguous
75511,湛江,高桥镇,大冲行政村,蒂草陂村,湛江市,高桥镇,,,0,,,admin_unmatched_or_ambiguous
75502,湛江,高桥镇,大冲行政村,金平村,湛江市,高桥镇,,,0,,,admin_unmatched_or_ambiguous
75506,湛江,高桥镇,大冲行政村,青水窝村,湛江市,高桥镇,,,0,,,admin_unmatched_or_ambiguous
79379,湛江,黄坡镇,三浪行政村,三浪上片村,湛江市,黄坡镇,,,0,,,admin_unmatched_or_ambiguous
79380,湛江,黄坡镇,三浪行政村,三浪下片村,湛江市,黄坡镇,,,0,,,admin_unmatched_or_ambiguous
79376,湛江,黄坡镇,三浪行政村,三浪祠堂岭村,湛江市,黄坡镇,,,0,,,admin_unmatched_or_ambiguous
79378,湛江,黄坡镇,三浪行政村,三浪面先岭村,湛江市,黄坡镇,,,0,,,admin_unmatched_or_ambiguous
79383,湛江,黄坡镇,三浪行政村,占公堂村,湛江市,黄坡镇,,,0,,,admin_unmatched_or_ambiguous
79382,湛江,黄坡镇,三浪行政村,油路头村,湛江市,黄坡镇,,,0,,,admin_unmatched_or_ambiguous
79384,湛江,黄坡镇,三浪行政村,珠池塘村,湛江市,黄坡镇,,,0,,,admin_unmatched_or_ambiguous
79381,湛江,黄坡镇,三浪行政村,碰塘村,湛江市,黄坡镇,,,0,,,admin_unmatched_or_ambiguous
79377,湛江,黄坡镇,三浪行政村,贵文村,湛江市,黄坡镇,,,0,,,admin_unmatched_or_ambiguous
79397,湛江,黄坡镇,下村行政村,博厚村,湛江市,黄坡镇,,,0,,,admin_unmatched_or_ambiguous
79398,湛江,黄坡镇,下村行政村,斗门村,湛江市,黄坡镇,,,0,,,admin_unmatched_or_ambiguous
79403,湛江,黄坡镇,下村行政村,新下村,湛江市,黄坡镇,,,0,,,admin_unmatched_or_ambiguous
79400,湛江,黄坡镇,下村行政村,旧下村,湛江市,黄坡镇,,,0,,,admin_unmatched_or_ambiguous
79399,湛江,黄坡镇,下村行政村,江城头村,湛江市,黄坡镇,,,0,,,admin_unmatched_or_ambiguous
79401,湛江,黄坡镇,下村行政村,荔枝塘村,湛江市,黄坡镇,,,0,,,admin_unmatched_or_ambiguous
79402,湛江,黄坡镇,下村行政村,马头岭村,湛江市,黄坡镇,,,0,,,admin_unmatched_or_ambiguous
79304,湛江,黄坡镇,乌堤行政村,乌坭东村,湛江市,黄坡镇,,,0,,,admin_unmatched_or_ambiguous
79305,湛江,黄坡镇,乌堤行政村,乌堤西村,湛江市,黄坡镇,,,0,,,admin_unmatched_or_ambiguous
79303,湛江,黄坡镇,乌堤行政村,凤塘村,湛江市,黄坡镇,,,0,,,admin_unmatched_or_ambiguous
79392,湛江,黄坡镇,五和行政村,后埔村,湛江市,黄坡镇,,,0,,,admin_unmatched_or_ambiguous
79394,湛江,黄坡镇,五和行政村,塘尾村,湛江市,黄坡镇,,,0,,,admin_unmatched_or_ambiguous
79393,湛江,黄坡镇,五和行政村,塘底村,湛江市,黄坡镇,,,0,,,admin_unmatched_or_ambiguous
79396,湛江,黄坡镇,五和行政村,瑶头村,湛江市,黄坡镇,,,0,,,admin_unmatched_or_ambiguous
79395,湛江,黄坡镇,五和行政村,秀坡村,湛江市,黄坡镇,,,0,,,admin_unmatched_or_ambiguous
79374,湛江,黄坡镇,南巢行政村,上垌村,湛江市,黄坡镇,,,0,,,admin_unmatched_or_ambiguous
79373,湛江,黄坡镇,南巢行政村,上车村,湛江市,黄坡镇,,,0,,,admin_unmatched_or_ambiguous
79372,湛江,黄坡镇,南巢行政村,南巢村,湛江市,黄坡镇,,,0,,,admin_unmatched_or_ambiguous
79375,湛江,黄坡镇,南巢行政村,新村,湛江市,黄坡镇,,,0,,,admin_unmatched_or_ambiguous
79391,湛江,黄坡镇,塘口行政村,中间巷村,湛江市,黄坡镇,,,0,,,admin_unmatched_or_ambiguous
79389,湛江,黄坡镇,塘口行政村,圩地村,湛江市,黄坡镇,,,0,,,admin_unmatched_or_ambiguous
79387,湛江,黄坡镇,塘口行政村,实业岭村,湛江市,黄坡镇,,,0,,,admin_unmatched_or_ambiguous
79390,湛江,黄坡镇,塘口行政村,樟王岭村,湛江市,黄坡镇,,,0,,,admin_unmatched_or_ambiguous
79386,湛江,黄坡镇,塘口行政村,沙路口村,湛江市,黄坡镇,,,0,,,admin_unmatched_or_ambiguous
79388,湛江,黄坡镇,塘口行政村,边村,湛江市,黄坡镇,,,0,,,admin_unmatched_or_ambiguous
79385,湛江,黄坡镇,塘口行政村,金头山村,湛江市,黄坡镇,,,0,,,admin_unmatched_or_ambiguous
79299,湛江,黄坡镇,塘禄行政村,唐禄村,湛江市,黄坡镇,,,0,,,admin_unmatched_or_ambiguous
79346,湛江,黄坡镇,大路行政村,上沙塘村,湛江市,黄坡镇,,,0,,,admin_unmatched_or_ambiguous
79347,湛江,黄坡镇,大路行政村,下沙塘村,湛江市,黄坡镇,,,0,,,admin_unmatched_or_ambiguous
79344,湛江,黄坡镇,大路行政村,大路上村,湛江市,黄坡镇,,,0,,,admin_unmatched_or_ambiguous
79345,湛江,黄坡镇,大路行政村,大路下村,湛江市,黄坡镇,,,0,,,admin_unmatched_or_ambiguous
79350,湛江,黄坡镇,大路行政村,姓王村,湛江市,黄坡镇,,,0,,,admin_unmatched_or_ambiguous
79349,湛江,黄坡镇,大路行政村,新横村,湛江市,黄坡镇,,,0,,,admin_unmatched_or_ambiguous
79343,湛江,黄坡镇,大路行政村,璧山村,湛江市,黄坡镇,,,0,,,admin_unmatched_or_ambiguous
79348,湛江,黄坡镇,大路行政村,谢屋村,湛江市,黄坡镇,,,0,,,admin_unmatched_or_ambiguous
79235,湛江,黄坡镇,磐石行政村,六上村,湛江市,黄坡镇,,,0,,,admin_unmatched_or_ambiguous
79234,湛江,黄坡镇,磐石行政村,后山下村,湛江市,黄坡镇,,,0,,,admin_unmatched_or_ambiguous
79233,湛江,黄坡镇,磐石行政村,后山大村,湛江市,黄坡镇,,,0,,,admin_unmatched_or_ambiguous
79242,湛江,黄坡镇,磐石行政村,善坡村,湛江市,黄坡镇,,,0,,,admin_unmatched_or_ambiguous
79238,湛江,黄坡镇,磐石行政村,坡尾村,湛江市,黄坡镇,,,0,,,admin_unmatched_or_ambiguous
79243,湛江,黄坡镇,磐石行政村,塘鸭村,湛江市,黄坡镇,,,0,,,admin_unmatched_or_ambiguous
79232,湛江,黄坡镇,磐石行政村,大宗角村,湛江市,黄坡镇,,,0,,,admin_unmatched_or_ambiguous
79246,湛江,黄坡镇,磐石行政村,应六村,湛江市,黄坡镇,,,0,,,admin_unmatched_or_ambiguous
79241,湛江,黄坡镇,磐石行政村,沙园村,湛江市,黄坡镇,,,0,,,admin_unmatched_or_ambiguous
79240,湛江,黄坡镇,磐石行政村,沙降村,湛江市,黄坡镇,,,0,,,admin_unmatched_or_ambiguous
79244,湛江,黄坡镇,磐石行政村,田头屋村,湛江市,黄坡镇,,,0,,,admin_unmatched_or_ambiguous
79237,湛江,黄坡镇,磐石行政村,磐石村,湛江市,黄坡镇,,,0,,,admin_unmatched_or_ambiguous
79239,湛江,黄坡镇,磐石行政村,磐石西村,湛江市,黄坡镇,,,0,,,admin_unmatched_or_ambiguous
79231,湛江,黄坡镇,磐石行政村,边园村,湛江市,黄坡镇,,,0,,,admin_unmatched_or_ambiguous
79245,湛江,黄坡镇,磐石行政村,铁塘尾村,湛江市,黄坡镇,,,0,,,admin_unmatched_or_ambiguous
79236,湛江,黄坡镇,磐石行政村,马台村,湛江市,黄坡镇,,,0,,,admin_unmatched_or_ambiguous
79175,湛江,黄坡镇,蓼罗行政村,低垌村,湛江市,黄坡镇,,,0,,,admin_unmatched_or_ambiguous
79179,湛江,黄坡镇,蓼罗行政村,坡脊村,湛江市,黄坡镇,,,0,,,admin_unmatched_or_ambiguous
79174,湛江,黄坡镇,蓼罗行政村,埠桐尾村,湛江市,黄坡镇,,,0,,,admin_unmatched_or_ambiguous
79176,湛江,黄坡镇,蓼罗行政村,峻岭村,湛江市,黄坡镇,,,0,,,admin_unmatched_or_ambiguous
79178,湛江,黄坡镇,蓼罗行政村,平城儿村,湛江市,黄坡镇,,,0,,,admin_unmatched_or_ambiguous
79177,湛江,黄坡镇,蓼罗行政村,蓼罗村,湛江市,黄坡镇,,,0,,,admin_unmatched_or_ambiguous
79180,湛江,黄坡镇,蓼罗行政村,霞蓼旧村,湛江市,黄坡镇,,,0,,,admin_unmatched_or_ambiguous
79357,湛江,黄坡镇,金鸡行政村,上金鸡村,湛江市,黄坡镇,,,0,,,admin_unmatched_or_ambiguous
79360,湛江,黄坡镇,金鸡行政村,下金鸡村,湛江市,黄坡镇,,,0,,,admin_unmatched_or_ambiguous
79352,湛江,黄坡镇,金鸡行政村,官埔村,湛江市,黄坡镇,,,0,,,admin_unmatched_or_ambiguous
79356,湛江,黄坡镇,金鸡行政村,山口村,湛江市,黄坡镇,,,0,,,admin_unmatched_or_ambiguous
79361,湛江,黄坡镇,金鸡行政村,新屋村,湛江市,黄坡镇,,,0,,,admin_unmatched_or_ambiguous
79354,湛江,黄坡镇,金鸡行政村,林官铺村,湛江市,黄坡镇,,,0,,,admin_unmatched_or_ambiguous
79359,湛江,黄坡镇,金鸡行政村,王母埽村,湛江市,黄坡镇,,,0,,,admin_unmatched_or_ambiguous
79358,湛江,黄坡镇,金鸡行政村,石狗塘村,湛江市,黄坡镇,,,0,,,admin_unmatched_or_ambiguous
79362,湛江,黄坡镇,金鸡行政村,竹山村,湛江市,黄坡镇,,,0,,,admin_unmatched_or_ambiguous
79351,湛江,黄坡镇,金鸡行政村,陈东村,湛江市,黄坡镇,,,0,,,admin_unmatched_or_ambiguous
79353,湛江,黄坡镇,金鸡行政村,黎村,湛江市,黄坡镇,,,0,,,admin_unmatched_or_ambiguous
79355,湛江,黄坡镇,金鸡行政村,龙官铺村,湛江市,黄坡镇,,,0,,,admin_unmatched_or_ambiguous
79367,湛江,黄坡镇,龙塘行政村,上西坡村,湛江市,黄坡镇,,,0,,,admin_unmatched_or_ambiguous
79366,湛江,黄坡镇,龙塘行政村,上龙塘村,湛江市,黄坡镇,,,0,,,admin_unmatched_or_ambiguous
79369,湛江,黄坡镇,龙塘行政村,下龙塘村,湛江市,黄坡镇,,,0,,,admin_unmatched_or_ambiguous
79371,湛江,黄坡镇,龙塘行政村,埔岭村,湛江市,黄坡镇,,,0,,,admin_unmatched_or_ambiguous
79370,湛江,黄坡镇,龙塘行政村,新村,湛江市,黄坡镇,,,0,,,admin_unmatched_or_ambiguous
79365,湛江,黄坡镇,龙塘行政村,积美村,湛江市,黄坡镇,,,0,,,admin_unmatched_or_ambiguous
79364,湛江,黄坡镇,龙塘行政村,红屋园岭村,湛江市,黄坡镇,,,0,,,admin_unmatched_or_ambiguous
79368,湛江,黄坡镇,龙塘行政村,西坡下村,湛江市,黄坡镇,,,0,,,admin_unmatched_or_ambiguous
79363,湛江,黄坡镇,龙塘行政村,高垌村,湛江市,黄坡镇,,,0,,,admin_unmatched_or_ambiguous
80350,湛江,龙安社区,龙安社区,大安村,湛江市,龙塘镇,,,0,,,admin_unmatched_or_ambiguous
80351,湛江,龙安社区,龙安社区,安永仔村,湛江市,龙塘镇,,,0,,,admin_unmatched_or_ambiguous
80352,湛江,龙安社区,龙安社区,龙塘村,湛江市,龙塘镇,,,0,,,admin_unmatched_or_ambiguous
80349,湛江,龙安社区,龙安社区,龙来村,湛江市,龙塘镇,,,0,,,admin_unmatched_or_ambiguous
35785,潮州,三饶镇,三饶社区,三饶村,潮州市,三饶镇,,,0,,,admin_unmatched_or_ambiguous
36651,潮州,上饶镇,轝塘行政村,上凹村,潮州市,上饶镇,,,0,,,admin_unmatched_or_ambiguous
36650,潮州,上饶镇,轝塘行政村,大坪巷村,潮州市,上饶镇,,,0,,,admin_unmatched_or_ambiguous
36653,潮州,上饶镇,轝塘行政村,富宅科村,潮州市,上饶镇,,,0,,,admin_unmatched_or_ambiguous
36648,潮州,上饶镇,轝塘行政村,屋长岗村,潮州市,上饶镇,,,0,,,admin_unmatched_or_ambiguous
36652,潮州,上饶镇,轝塘行政村,拳塘村,潮州市,上饶镇,,,0,,,admin_unmatched_or_ambiguous
36647,潮州,上饶镇,轝塘行政村,田陂头村,潮州市,上饶镇,,,0,,,admin_unmatched_or_ambiguous
36649,潮州,上饶镇,轝塘行政村,石壁下村,潮州市,上饶镇,,,0,,,admin_unmatched_or_ambiguous
36654,潮州,上饶镇,轝塘行政村,石龙头村,潮州市,上饶镇,,,0,,,admin_unmatched_or_ambiguous
36766,潮州,东凤镇,儒士行政村,儒士村,潮州市,东凤镇,,,0,,,admin_unmatched_or_ambiguous
36752,潮州,东凤镇,德修行政村,德修村,潮州市,东凤镇,,,0,,,admin_unmatched_or_ambiguous
36755,潮州,东凤镇,礼阳龙美行政村,礼阳龙美村,潮州市,东凤镇,,,0,,,admin_unmatched_or_ambiguous
37318,潮州,凤凰镇,东赏行政村,上角尤村,潮州市,凤凰镇,,,0,,,admin_unmatched_or_ambiguous
37320,潮州,凤凰镇,东赏行政村,下曾尾村,潮州市,凤凰镇,,,0,,,admin_unmatched_or_ambiguous
37321,潮州,凤凰镇,东赏行政村,下角村,潮州市,凤凰镇,,,0,,,admin_unmatched_or_ambiguous
37322,潮州,凤凰镇,东赏行政村,中田中股村,潮州市,凤凰镇,,,0,,,admin_unmatched_or_ambiguous
37314,潮州,凤凰镇,东赏行政村,大皖村,潮州市,凤凰镇,,,0,,,admin_unmatched_or_ambiguous
37315,潮州,凤凰镇,东赏行政村,林厝楼村,潮州市,凤凰镇,,,0,,,admin_unmatched_or_ambiguous
37316,潮州,凤凰镇,东赏行政村,柳树陂村,潮州市,凤凰镇,,,0,,,admin_unmatched_or_ambiguous
37319,潮州,凤凰镇,东赏行政村,桃仔轝村,潮州市,凤凰镇,,,0,,,admin_unmatched_or_ambiguous
37317,潮州,凤凰镇,东赏行政村,榕树脚村,潮州市,凤凰镇,,,0,,,admin_unmatched_or_ambiguous
37511,潮州,凤凰镇,乌岽行政村,下寮村,潮州市,凤凰镇,,,0,,,admin_unmatched_or_ambiguous
37512,潮州,凤凰镇,乌岽行政村,中心寅村,潮州市,凤凰镇,,,0,,,admin_unmatched_or_ambiguous
37509,潮州,凤凰镇,乌岽行政村,李仔坪村,潮州市,凤凰镇,,,0,,,admin_unmatched_or_ambiguous
37506,潮州,凤凰镇,乌岽行政村,桂竹湖村,潮州市,凤凰镇,,,0,,,admin_unmatched_or_ambiguous
37505,潮州,凤凰镇,乌岽行政村,楚地厝村,潮州市,凤凰镇,,,0,,,admin_unmatched_or_ambiguous
37508,潮州,凤凰镇,乌岽行政村,湖厝村,潮州市,凤凰镇,,,0,,,admin_unmatched_or_ambiguous
37510,潮州,凤凰镇,乌岽行政村,狮头脚村,潮州市,凤凰镇,,,0,,,admin_unmatched_or_ambiguous
37507,潮州,凤凰镇,乌岽行政村,郭厝村,潮州市,凤凰镇,,,0,,,admin_unmatched_or_ambiguous
36887,潮州,凤塘镇,湖美行政村,泥岗村,潮州市,凤塘镇,,,0,,,admin_unmatched_or_ambiguous
36886,潮州,凤塘镇,湖美行政村,湖美村,潮州市,凤塘镇,,,0,,,admin_unmatched_or_ambiguous
36893,潮州,凤塘镇,粪畔行政村,八房村,潮州市,凤塘镇,,,0,,,admin_unmatched_or_ambiguous
36895,潮州,凤塘镇,粪畔行政村,新丰村,潮州市,凤塘镇,,,0,,,admin_unmatched_or_ambiguous
36894,潮州,凤塘镇,粪畔行政村,新厝村,潮州市,凤塘镇,,,0,,,admin_unmatched_or_ambiguous
36896,潮州,凤塘镇,粪畔行政村,杨厝村,潮州市,凤塘镇,,,0,,,admin_unmatched_or_ambiguous
35905,潮州,嘴粤大埕镇,程南行政村,程南村,潮州市,大埕镇,,,0,,,admin_unmatched_or_ambiguous
37584,潮州,城西街道,厦一、厦二、厦三行政村,厦寺村,潮州市,城西街道,,,0,,,admin_unmatched_or_ambiguous
35933,潮州,宝黄冈镇,下市社区,下市村,潮州市,黄冈镇,,,0,,,admin_unmatched_or_ambiguous
35932,潮州,宝黄冈镇,南门社区,南门村,潮州市,黄冈镇,,,0,,,admin_unmatched_or_ambiguous
35939,潮州,宝黄冈镇,城北社区,城北村,潮州市,黄冈镇,,,0,,,admin_unmatched_or_ambiguous
35962,潮州,宝黄冈镇,大畔寮行政村,大畔寮村,潮州市,黄冈镇,,,0,,,admin_unmatched_or_ambiguous
35934,潮州,宝黄冈镇,楚巷社区,楚巷村,潮州市,黄冈镇,,,0,,,admin_unmatched_or_ambiguous
35949,潮州,宝黄冈镇,河南社区,河南村,潮州市,黄冈镇,,,0,,,admin_unmatched_or_ambiguous
35971,潮州,宝黄冈镇,狮头寨行政村,狮头寨村,潮州市,黄冈镇,,,0,,,admin_unmatched_or_ambiguous
35940,潮州,宝黄冈镇,红光社区,红光村,潮州市,黄冈镇,,,0,,,admin_unmatched_or_ambiguous
35936,潮州,宝黄冈镇,联光社区,联光村,潮州市,黄冈镇,,,0,,,admin_unmatched_or_ambiguous
35931,潮州,宝黄冈镇,西门社区,西门村,潮州市,黄冈镇,,,0,,,admin_unmatched_or_ambiguous
35961,潮州,宝黄冈镇,里和睦行政村,里和睦村,潮州市,黄冈镇,,,0,,,admin_unmatched_or_ambiguous
36688,潮州,庵埠镇,茂龙行政村,茂龙村,潮州市,庵埠镇,,,0,,,admin_unmatched_or_ambiguous
37246,潮州,归湖镇,上东埔行政村,上东埔村,潮州市,归湖镇,,,0,,,admin_unmatched_or_ambiguous
37247,潮州,归湖镇,下东埔行政村,下东埔村,潮州市,归湖镇,,,0,,,admin_unmatched_or_ambiguous
37237,潮州,归湖镇,云步行政村,云步村,潮州市,归湖镇,,,0,,,admin_unmatched_or_ambiguous
37238,潮州,归湖镇,云步行政村,巷下村,潮州市,归湖镇,,,0,,,admin_unmatched_or_ambiguous
37242,潮州,归湖镇,全福行政村,东边村,潮州市,归湖镇,,,0,,,admin_unmatched_or_ambiguous
37244,潮州,归湖镇,全福行政村,林厝村,潮州市,归湖镇,,,0,,,admin_unmatched_or_ambiguous
37243,潮州,归湖镇,全福行政村,陈厝村,潮州市,归湖镇,,,0,,,admin_unmatched_or_ambiguous
37219,潮州,归湖镇,冬瓜坪行政村,冬瓜坪村,潮州市,归湖镇,,,0,,,admin_unmatched_or_ambiguous
37241,潮州,归湖镇,古板头行政村,上林村,潮州市,归湖镇,,,0,,,admin_unmatched_or_ambiguous
37239,潮州,归湖镇,古板头行政村,下林村,潮州市,归湖镇,,,0,,,admin_unmatched_or_ambiguous
37240,潮州,归湖镇,古板头行政村,谢厝村,潮州市,归湖镇,,,0,,,admin_unmatched_or_ambiguous
37236,潮州,归湖镇,堤头行政村,堤头村,潮州市,归湖镇,,,0,,,admin_unmatched_or_ambiguous
37254,潮州,归湖镇,山边行政村,山边村,潮州市,归湖镇,,,0,,,admin_unmatched_or_ambiguous
37220,潮州,归湖镇,径仔行政村,径仔村,潮州市,归湖镇,,,0,,,admin_unmatched_or_ambiguous
37222,潮州,归湖镇,径仔行政村,溜脚村,潮州市,归湖镇,,,0,,,admin_unmatched_or_ambiguous
37221,潮州,归湖镇,径仔行政村,蝙蝠岩村,潮州市,归湖镇,,,0,,,admin_unmatched_or_ambiguous
37216,潮州,归湖镇,曾厝行政村,东坑炉村,潮州市,归湖镇,,,0,,,admin_unmatched_or_ambiguous
37217,潮州,归湖镇,曾厝行政村,坑口村,潮州市,归湖镇,,,0,,,admin_unmatched_or_ambiguous
37218,潮州,归湖镇,曾厝行政村,扫帚山村,潮州市,归湖镇,,,0,,,admin_unmatched_or_ambiguous
37215,潮州,归湖镇,曾厝行政村,曾厝村,潮州市,归湖镇,,,0,,,admin_unmatched_or_ambiguous
37252,潮州,归湖镇,李厝行政村,李厝村,潮州市,归湖镇,,,0,,,admin_unmatched_or_ambiguous
37227,潮州,归湖镇,枫溪一行政村,枫溪一村,潮州市,归湖镇,,,0,,,admin_unmatched_or_ambiguous
37253,潮州,归湖镇,槐山岗行政村,槐山岗村,潮州市,归湖镇,,,0,,,admin_unmatched_or_ambiguous
37232,潮州,归湖镇,池湖行政村,安南庙村,潮州市,归湖镇,,,0,,,admin_unmatched_or_ambiguous
37231,潮州,归湖镇,池湖行政村,池湖村,潮州市,归湖镇,,,0,,,admin_unmatched_or_ambiguous
37233,潮州,归湖镇,池湖行政村,躲军坪村,潮州市,归湖镇,,,0,,,admin_unmatched_or_ambiguous
37230,潮州,归湖镇,湖厦行政村,湖厦村,潮州市,归湖镇,,,0,,,admin_unmatched_or_ambiguous
37249,潮州,归湖镇,田头何行政村,田头何村,潮州市,归湖镇,,,0,,,admin_unmatched_or_ambiguous
37248,潮州,归湖镇,田头行政村,田头村,潮州市,归湖镇,,,0,,,admin_unmatched_or_ambiguous
37255,潮州,归湖镇,白塔行政村,白塔村,潮州市,归湖镇,,,0,,,admin_unmatched_or_ambiguous
37245,潮州,归湖镇,英塘行政村,英塘村,潮州市,归湖镇,,,0,,,admin_unmatched_or_ambiguous
37235,潮州,归湖镇,蔡陇行政村,宫上村,潮州市,归湖镇,,,0,,,admin_unmatched_or_ambiguous
37234,潮州,归湖镇,蔡陇行政村,蔡陇村,潮州市,归湖镇,,,0,,,admin_unmatched_or_ambiguous
37250,潮州,归湖镇,藏龙行政村,藏龙村,潮州市,归湖镇,,,0,,,admin_unmatched_or_ambiguous
37251,潮州,归湖镇,詹厝行政村,詹厝村,潮州市,归湖镇,,,0,,,admin_unmatched_or_ambiguous
37225,潮州,归湖镇,铁炉坪行政村,尖山脚村,潮州市,归湖镇,,,0,,,admin_unmatched_or_ambiguous
37226,潮州,归湖镇,铁炉坪行政村,水头湖村,潮州市,归湖镇,,,0,,,admin_unmatched_or_ambiguous
37223,潮州,归湖镇,铁炉坪行政村,铁炉坪村,潮州市,归湖镇,,,0,,,admin_unmatched_or_ambiguous
37224,潮州,归湖镇,铁炉坪行政村,黄竹窝村,潮州市,归湖镇,,,0,,,admin_unmatched_or_ambiguous
37228,潮州,归湖镇,长美一行政村,长美一村,潮州市,归湖镇,,,0,,,admin_unmatched_or_ambiguous
37229,潮州,归湖镇,长美二行政村,长美二村,潮州市,归湖镇,,,0,,,admin_unmatched_or_ambiguous
37257,潮州,归湖镇,高厦行政村,厦厝村,潮州市,归湖镇,,,0,,,admin_unmatched_or_ambiguous
37256,潮州,归湖镇,高厦行政村,高田村,潮州市,归湖镇,,,0,,,admin_unmatched_or_ambiguous
36734,潮州,彩塘镇,玲头行政村,玲头村,潮州市,彩塘镇,,,0,,,admin_unmatched_or_ambiguous
37656,潮州,意溪镇,后径行政村,上洞村,潮州市,意溪镇,,,0,,,admin_unmatched_or_ambiguous
35910,潮州,所城镇,北山行政村,北山村,潮州市,所城镇,,,0,,,admin_unmatched_or_ambiguous
36296,潮州,新丰镇,深东行政村,和丰村,潮州市,新丰镇,,,0,,,admin_unmatched_or_ambiguous
36297,潮州,新丰镇,深东行政村,和庆村,潮州市,新丰镇,,,0,,,admin_unmatched_or_ambiguous
36300,潮州,新丰镇,深东行政村,埔坪村,潮州市,新丰镇,,,0,,,admin_unmatched_or_ambiguous
36294,潮州,新丰镇,深东行政村,大圩村,潮州市,新丰镇,,,0,,,admin_unmatched_or_ambiguous
36293,潮州,新丰镇,深东行政村,大楼村,潮州市,新丰镇,,,0,,,admin_unmatched_or_ambiguous
36292,潮州,新丰镇,深东行政村,朝阳村,潮州市,新丰镇,,,0,,,admin_unmatched_or_ambiguous
36302,潮州,新丰镇,深东行政村,溪坎村,潮州市,新丰镇,,,0,,,admin_unmatched_or_ambiguous
36303,潮州,新丰镇,深东行政村,祖厝村,潮州市,新丰镇,,,0,,,admin_unmatched_or_ambiguous
36301,潮州,新丰镇,深东行政村,西片村,潮州市,新丰镇,,,0,,,admin_unmatched_or_ambiguous
36298,潮州,新丰镇,深东行政村,见山村,潮州市,新丰镇,,,0,,,admin_unmatched_or_ambiguous
36295,潮州,新丰镇,深东行政村,观兰村,潮州市,新丰镇,,,0,,,admin_unmatched_or_ambiguous
36299,潮州,新丰镇,深东行政村,里扬楼村,潮州市,新丰镇,,,0,,,admin_unmatched_or_ambiguous
36314,潮州,新丰镇,深西行政村,下寨村,潮州市,新丰镇,,,0,,,admin_unmatched_or_ambiguous
36308,潮州,新丰镇,深西行政村,丰盛楼村,潮州市,新丰镇,,,0,,,admin_unmatched_or_ambiguous
36312,潮州,新丰镇,深西行政村,五全楼村,潮州市,新丰镇,,,0,,,admin_unmatched_or_ambiguous
36306,潮州,新丰镇,深西行政村,大窑村,潮州市,新丰镇,,,0,,,admin_unmatched_or_ambiguous
36310,潮州,新丰镇,深西行政村,杉铺村,潮州市,新丰镇,,,0,,,admin_unmatched_or_ambiguous
36313,潮州,新丰镇,深西行政村,溪仔村,潮州市,新丰镇,,,0,,,admin_unmatched_or_ambiguous
36311,潮州,新丰镇,深西行政村,田峰新村,潮州市,新丰镇,,,0,,,admin_unmatched_or_ambiguous
36304,潮州,新丰镇,深西行政村,白塔村,潮州市,新丰镇,,,0,,,admin_unmatched_or_ambiguous
36316,潮州,新丰镇,深西行政村,竹围村,潮州市,新丰镇,,,0,,,admin_unmatched_or_ambiguous
36315,潮州,新丰镇,深西行政村,耀西楼村,潮州市,新丰镇,,,0,,,admin_unmatched_or_ambiguous
36309,潮州,新丰镇,深西行政村,邱厝村,潮州市,新丰镇,,,0,,,admin_unmatched_or_ambiguous
36305,潮州,新丰镇,深西行政村,陈厝村,潮州市,新丰镇,,,0,,,admin_unmatched_or_ambiguous
36307,潮州,新丰镇,深西行政村,顶新楼村,潮州市,新丰镇,,,0,,,admin_unmatched_or_ambiguous
35925,潮州,柘林镇,柘中社区,柘中村,潮州市,柘林镇,,,0,,,admin_unmatched_or_ambiguous
35927,潮州,柘林镇,渔农社区,渔农村,潮州市,柘林镇,,,0,,,admin_unmatched_or_ambiguous
37571,潮州,桥东街道,桥东社区,寮仔村,潮州市,桥东街道,,,0,,,admin_unmatched_or_ambiguous
37570,潮州,桥东街道,桥东社区,桥头村,潮州市,桥东街道,,,0,,,admin_unmatched_or_ambiguous
36349,潮州,樟溪镇,乌溪行政村,乌溪村,潮州市,樟溪镇,,,0,,,admin_unmatched_or_ambiguous
36350,潮州,樟溪镇,乌溪行政村,瓦窑头村,潮州市,樟溪镇,,,0,,,admin_unmatched_or_ambiguous
36356,潮州,樟溪镇,月畔楼行政村,月畔楼村,潮州市,樟溪镇,,,0,,,admin_unmatched_or_ambiguous
35747,潮州,洪洲镇,洪东社区,洪东村,潮州市,汫洲镇,,,0,,,admin_unmatched_or_ambiguous
35749,潮州,洪洲镇,洪北社区,洪北村,潮州市,汫洲镇,,,0,,,admin_unmatched_or_ambiguous
35750,潮州,洪洲镇,洪和社区,洪和村,潮州市,汫洲镇,,,0,,,admin_unmatched_or_ambiguous
35751,潮州,洪洲镇,洪平社区,洪平村,潮州市,汫洲镇,,,0,,,admin_unmatched_or_ambiguous
35748,潮州,洪洲镇,洪西社区,洪西村,潮州市,汫洲镇,,,0,,,admin_unmatched_or_ambiguous
35761,潮州,浮山镇,东官行政村,东官村,潮州市,浮山镇,,,0,,,admin_unmatched_or_ambiguous
36134,潮州,浮滨镇,坪溪行政村,坪坑村,潮州市,浮滨镇,,,0,,,admin_unmatched_or_ambiguous
36135,潮州,浮滨镇,坪溪行政村,坪溪村,潮州市,浮滨镇,,,0,,,admin_unmatched_or_ambiguous
36127,潮州,浮滨镇,沃潭行政村,含村,潮州市,浮滨镇,,,0,,,admin_unmatched_or_ambiguous
36129,潮州,浮滨镇,沃潭行政村,岭脚村,潮州市,浮滨镇,,,0,,,admin_unmatched_or_ambiguous
36125,潮州,浮滨镇,沃潭行政村,带仔下村,潮州市,浮滨镇,,,0,,,admin_unmatched_or_ambiguous
36124,潮州,浮滨镇,沃潭行政村,沃潭村,潮州市,浮滨镇,,,0,,,admin_unmatched_or_ambiguous
36130,潮州,浮滨镇,沃潭行政村,牛角厝村,潮州市,浮滨镇,,,0,,,admin_unmatched_or_ambiguous
36128,潮州,浮滨镇,沃潭行政村,葵塘村,潮州市,浮滨镇,,,0,,,admin_unmatched_or_ambiguous
36126,潮州,浮滨镇,沃潭行政村,鸡笼山村,潮州市,浮滨镇,,,0,,,admin_unmatched_or_ambiguous
36050,潮州,浮滨镇,石槽行政村,石槽村,潮州市,浮滨镇,,,0,,,admin_unmatched_or_ambiguous
36133,潮州,浮滨镇,黄坪行政村,溪背村,潮州市,浮滨镇,,,0,,,admin_unmatched_or_ambiguous
36132,潮州,浮滨镇,黄坪行政村,茅坪村,潮州市,浮滨镇,,,0,,,admin_unmatched_or_ambiguous
36131,潮州,浮滨镇,黄坪行政村,黄山水村,潮州市,浮滨镇,,,0,,,admin_unmatched_or_ambiguous
35973,潮州,海山镇,隆东社区,隆东村,潮州市,海山镇,,,0,,,admin_unmatched_or_ambiguous
35976,潮州,海山镇,隆北社区,隆北村,潮州市,海山镇,,,0,,,admin_unmatched_or_ambiguous
35974,潮州,海山镇,隆南社区,隆南村,潮州市,海山镇,,,0,,,admin_unmatched_or_ambiguous
35975,潮州,海山镇,隆西社区,隆西村,潮州市,海山镇,,,0,,,admin_unmatched_or_ambiguous
36934,潮州,登塘镇,扬美行政村,扬美村,潮州市,登塘镇,,,0,,,admin_unmatched_or_ambiguous
37683,潮州,磷溪镇,塔后行政村,塔后村,潮州市,磷溪镇,,,0,,,admin_unmatched_or_ambiguous
36368,潮州,联饶镇,城岗行政村,城岗村,潮州市,联饶镇,,,0,,,admin_unmatched_or_ambiguous
36394,潮州,联饶镇,新陂行政村,新陂村,潮州市,联饶镇,,,0,,,admin_unmatched_or_ambiguous
36367,潮州,联饶镇,暗井行政村,暗井村,潮州市,联饶镇,,,0,,,admin_unmatched_or_ambiguous
35726,潮州,钱东镇,崎头行政村,峙头村,潮州市,钱东镇,,,0,,,admin_unmatched_or_ambiguous
36426,潮州,饶洋镇,赤棠行政村,上坑口村,潮州市,饶洋镇,,,0,,,admin_unmatched_or_ambiguous
36427,潮州,饶洋镇,赤棠行政村,下坑口村,潮州市,饶洋镇,,,0,,,admin_unmatched_or_ambiguous
36431,潮州,饶洋镇,赤棠行政村,中央楼村,潮州市,饶洋镇,,,0,,,admin_unmatched_or_ambiguous
36425,潮州,饶洋镇,赤棠行政村,坎下村,潮州市,饶洋镇,,,0,,,admin_unmatched_or_ambiguous
36424,潮州,饶洋镇,赤棠行政村,大夫第村,潮州市,饶洋镇,,,0,,,admin_unmatched_or_ambiguous
36428,潮州,饶洋镇,赤棠行政村,寨尾村,潮州市,饶洋镇,,,0,,,admin_unmatched_or_ambiguous
36423,潮州,饶洋镇,赤棠行政村,打铁寮村,潮州市,饶洋镇,,,0,,,admin_unmatched_or_ambiguous
36432,潮州,饶洋镇,赤棠行政村,散屋村,潮州市,饶洋镇,,,0,,,admin_unmatched_or_ambiguous
36429,潮州,饶洋镇,赤棠行政村,新彩楼村,潮州市,饶洋镇,,,0,,,admin_unmatched_or_ambiguous
36430,潮州,饶洋镇,赤棠行政村,留福园村,潮州市,饶洋镇,,,0,,,admin_unmatched_or_ambiguous
36422,潮州,饶洋镇,赤棠行政村,赤大楼村,潮州市,饶洋镇,,,0,,,admin_unmatched_or_ambiguous
81954,珠海,万山镇,万山行政村,万山村,珠海市,万山镇,,,0,,,admin_unmatched_or_ambiguous
81951,珠海,嘴粤桂山镇,桂山行政村,桂山村,珠海市,桂山镇,,,0,,,admin_unmatched_or_ambiguous
81952,珠海,担杆镇,外伶仃行政村,外伶仃村,珠海市,担杆镇,,,0,,,admin_unmatched_or_ambiguous
81953,珠海,担杆镇,担杆行政村,担杆村,珠海市,担杆镇,,,0,,,admin_unmatched_or_ambiguous
81930,珠海,横山行政区,东滘行政村,东滘村,珠海市,莲洲镇,,,0,,,admin_unmatched_or_ambiguous
81931,珠海,横山行政区,西滘行政村,西滘村,珠海市,莲洲镇,,,0,,,admin_unmatched_or_ambiguous
16424,肇庆,下茆镇,高崑行政村,新兴村,肇庆市,下茆镇,,,0,,,admin_unmatched_or_ambiguous
16422,肇庆,下茆镇,高崑行政村,松木咀村,肇庆市,下茆镇,,,0,,,admin_unmatched_or_ambiguous
16423,肇庆,下茆镇,高崑行政村,田心村,肇庆市,下茆镇,,,0,,,admin_unmatched_or_ambiguous
16420,肇庆,下茆镇,高崑行政村,盘龙村,肇庆市,下茆镇,,,0,,,admin_unmatched_or_ambiguous
16421,肇庆,下茆镇,高崑行政村,石榴村,肇庆市,下茆镇,,,0,,,admin_unmatched_or_ambiguous
16415,肇庆,下茆镇,高崑行政村,红卫村,肇庆市,下茆镇,,,0,,,admin_unmatched_or_ambiguous
16418,肇庆,下茆镇,高崑行政村,辣山村,肇庆市,下茆镇,,,0,,,admin_unmatched_or_ambiguous
16419,肇庆,下茆镇,高崑行政村,门口岭村,肇庆市,下茆镇,,,0,,,admin_unmatched_or_ambiguous
16414,肇庆,下茆镇,高崑行政村,高崑村,肇庆市,下茆镇,,,0,,,admin_unmatched_or_ambiguous
16416,肇庆,下茆镇,高崑行政村,黄塘村,肇庆市,下茆镇,,,0,,,admin_unmatched_or_ambiguous
16417,肇庆,下茆镇,高崑行政村,黄竹园村,肇庆市,下茆镇,,,0,,,admin_unmatched_or_ambiguous
13925,肇庆,中洲镇,白良行政村,上寨村,肇庆市,中洲镇,,,0,,,admin_unmatched_or_ambiguous
13930,肇庆,中洲镇,白良行政村,双狮村,肇庆市,中洲镇,,,0,,,admin_unmatched_or_ambiguous
13924,肇庆,中洲镇,白良行政村,大寨村,肇庆市,中洲镇,,,0,,,admin_unmatched_or_ambiguous
13926,肇庆,中洲镇,白良行政村,新洲村,肇庆市,中洲镇,,,0,,,admin_unmatched_or_ambiguous
13927,肇庆,中洲镇,白良行政村,枫田村,肇庆市,中洲镇,,,0,,,admin_unmatched_or_ambiguous
13929,肇庆,中洲镇,白良行政村,石基村,肇庆市,中洲镇,,,0,,,admin_unmatched_or_ambiguous
13928,肇庆,中洲镇,白良行政村,蓝坑村,肇庆市,中洲镇,,,0,,,admin_unmatched_or_ambiguous
13964,肇庆,中洲镇,龙潭行政村,上下三连村,肇庆市,中洲镇,,,0,,,admin_unmatched_or_ambiguous
13960,肇庆,中洲镇,龙潭行政村,上下黎村,肇庆市,中洲镇,,,0,,,admin_unmatched_or_ambiguous
13962,肇庆,中洲镇,龙潭行政村,口村,肇庆市,中洲镇,,,0,,,admin_unmatched_or_ambiguous
13961,肇庆,中洲镇,龙潭行政村,梁屋村,肇庆市,中洲镇,,,0,,,admin_unmatched_or_ambiguous
13963,肇庆,中洲镇,龙潭行政村,楼洞村,肇庆市,中洲镇,,,0,,,admin_unmatched_or_ambiguous
13958,肇庆,中洲镇,龙潭行政村,黄屋村,肇庆市,中洲镇,,,0,,,admin_unmatched_or_ambiguous
13957,肇庆,中洲镇,龙潭行政村,黑屋村,肇庆市,中洲镇,,,0,,,admin_unmatched_or_ambiguous
13959,肇庆,中洲镇,龙潭行政村,龙田村,肇庆市,中洲镇,,,0,,,admin_unmatched_or_ambiguous
12518,肇庆,全粤潭布镇,严桐行政村,东坑村,肇庆市,潭布镇,,,0,,,admin_unmatched_or_ambiguous
12514,肇庆,全粤潭布镇,严桐行政村,仓前村,肇庆市,潭布镇,,,0,,,admin_unmatched_or_ambiguous
12515,肇庆,全粤潭布镇,严桐行政村,仓头村,肇庆市,潭布镇,,,0,,,admin_unmatched_or_ambiguous
12519,肇庆,全粤潭布镇,严桐行政村,佛仔下村,肇庆市,潭布镇,,,0,,,admin_unmatched_or_ambiguous
12516,肇庆,全粤潭布镇,严桐行政村,大塘村,肇庆市,潭布镇,,,0,,,admin_unmatched_or_ambiguous
12520,肇庆,全粤潭布镇,严桐行政村,岗美村,肇庆市,潭布镇,,,0,,,admin_unmatched_or_ambiguous
12522,肇庆,全粤潭布镇,严桐行政村,岭尾村,肇庆市,潭布镇,,,0,,,admin_unmatched_or_ambiguous
12517,肇庆,全粤潭布镇,严桐行政村,带仔下村,肇庆市,潭布镇,,,0,,,admin_unmatched_or_ambiguous
12526,肇庆,全粤潭布镇,严桐行政村,新屋村,肇庆市,潭布镇,,,0,,,admin_unmatched_or_ambiguous
12523,肇庆,全粤潭布镇,严桐行政村,欧坑村,肇庆市,潭布镇,,,0,,,admin_unmatched_or_ambiguous
12525,肇庆,全粤潭布镇,严桐行政村,瓦窑榜村,肇庆市,潭布镇,,,0,,,admin_unmatched_or_ambiguous
12524,肇庆,全粤潭布镇,严桐行政村,石云村,肇庆市,潭布镇,,,0,,,admin_unmatched_or_ambiguous
12521,肇庆,全粤潭布镇,严桐行政村,高寨村,肇庆市,潭布镇,,,0,,,admin_unmatched_or_ambiguous
12501,肇庆,全粤潭布镇,前桐行政村,山花村,肇庆市,潭布镇,,,0,,,admin_unmatched_or_ambiguous
12504,肇庆,全粤潭布镇,前桐行政村,朱带村,肇庆市,潭布镇,,,0,,,admin_unmatched_or_ambiguous
12502,肇庆,全粤潭布镇,前桐行政村,松油村,肇庆市,潭布镇,,,0,,,admin_unmatched_or_ambiguous
12499,肇庆,全粤潭布镇,前桐行政村,横岗村,肇庆市,潭布镇,,,0,,,admin_unmatched_or_ambiguous
12503,肇庆,全粤潭布镇,前桐行政村,甑桐村,肇庆市,潭布镇,,,0,,,admin_unmatched_or_ambiguous
12500,肇庆,全粤潭布镇,前桐行政村,麒麟地村,肇庆市,潭布镇,,,0,,,admin_unmatched_or_ambiguous
15354,肇庆,冷坑镇,爱三行政村,东门村,肇庆市,冷坑镇,,,0,,,admin_unmatched_or_ambiguous
15357,肇庆,冷坑镇,爱三行政村,加蓝村,肇庆市,冷坑镇,,,0,,,admin_unmatched_or_ambiguous
15355,肇庆,冷坑镇,爱三行政村,北门村,肇庆市,冷坑镇,,,0,,,admin_unmatched_or_ambiguous
15359,肇庆,冷坑镇,爱三行政村,石桥村,肇庆市,冷坑镇,,,0,,,admin_unmatched_or_ambiguous
15358,肇庆,冷坑镇,爱三行政村,罗汉村,肇庆市,冷坑镇,,,0,,,admin_unmatched_or_ambiguous
15356,肇庆,冷坑镇,爱三行政村,蔡屋村,肇庆市,冷坑镇,,,0,,,admin_unmatched_or_ambiguous
14266,肇庆,凤岗镇,凤岗镇圩镇社区,凤岗圩,肇庆市,凤岗镇,,,0,,,admin_unmatched_or_ambiguous
14318,肇庆,凤岗镇,欧上行政村,坳头村,肇庆市,凤岗镇,,,0,,,admin_unmatched_or_ambiguous
14320,肇庆,凤岗镇,欧上行政村,太平坑村,肇庆市,凤岗镇,,,0,,,admin_unmatched_or_ambiguous
14321,肇庆,凤岗镇,欧上行政村,新田崑村,肇庆市,凤岗镇,,,0,,,admin_unmatched_or_ambiguous
14319,肇庆,凤岗镇,欧上行政村,朗坑村,肇庆市,凤岗镇,,,0,,,admin_unmatched_or_ambiguous
14264,肇庆,凤岗镇,碲下行政村,力崑村,肇庆市,凤岗镇,,,0,,,admin_unmatched_or_ambiguous
14263,肇庆,凤岗镇,碲下行政村,坑坪村,肇庆市,凤岗镇,,,0,,,admin_unmatched_or_ambiguous
14265,肇庆,凤岗镇,碲下行政村,庙背村,肇庆市,凤岗镇,,,0,,,admin_unmatched_or_ambiguous
14262,肇庆,凤岗镇,碲下行政村,金龙村,肇庆市,凤岗镇,,,0,,,admin_unmatched_or_ambiguous
14261,肇庆,凤岗镇,碲下行政村,黄竹埔村,肇庆市,凤岗镇,,,0,,,admin_unmatched_or_ambiguous
9021,肇庆,凤村镇,宝坪行政村,大地村,肇庆市,凤村镇,,,0,,,admin_unmatched_or_ambiguous
9020,肇庆,凤村镇,宝坪行政村,宝坪村,肇庆市,凤村镇,,,0,,,admin_unmatched_or_ambiguous
9023,肇庆,凤村镇,宝坪行政村,荔枝坪村,肇庆市,凤村镇,,,0,,,admin_unmatched_or_ambiguous
9022,肇庆,凤村镇,宝坪行政村,贡坪村,肇庆市,凤村镇,,,0,,,admin_unmatched_or_ambiguous
10519,肇庆,南丰镇,汶塘行政村,三江口村,肇庆市,南丰镇,,,0,,,admin_unmatched_or_ambiguous
10518,肇庆,南丰镇,汶塘行政村,上洲村,肇庆市,南丰镇,,,0,,,admin_unmatched_or_ambiguous
10523,肇庆,南丰镇,汶塘行政村,中龙村,肇庆市,南丰镇,,,0,,,admin_unmatched_or_ambiguous
10521,肇庆,南丰镇,汶塘行政村,埔塘村,肇庆市,南丰镇,,,0,,,admin_unmatched_or_ambiguous
10520,肇庆,南丰镇,汶塘行政村,大埔口村,肇庆市,南丰镇,,,0,,,admin_unmatched_or_ambiguous
10522,肇庆,南丰镇,汶塘行政村,大播村,肇庆市,南丰镇,,,0,,,admin_unmatched_or_ambiguous
10525,肇庆,南丰镇,汶塘行政村,木莆村,肇庆市,南丰镇,,,0,,,admin_unmatched_or_ambiguous
10517,肇庆,南丰镇,汶塘行政村,汶塘村,肇庆市,南丰镇,,,0,,,admin_unmatched_or_ambiguous
10524,肇庆,南丰镇,汶塘行政村,深范村,肇庆市,南丰镇,,,0,,,admin_unmatched_or_ambiguous
10526,肇庆,南丰镇,汶塘行政村,边江村,肇庆市,南丰镇,,,0,,,admin_unmatched_or_ambiguous
10527,肇庆,南丰镇,汶塘行政村,黄岗头村,肇庆市,南丰镇,,,0,,,admin_unmatched_or_ambiguous
10494,肇庆,南丰镇,连岐行政村,何屋村,肇庆市,南丰镇,,,0,,,admin_unmatched_or_ambiguous
10495,肇庆,南丰镇,连岐行政村,双下村,肇庆市,南丰镇,,,0,,,admin_unmatched_or_ambiguous
10492,肇庆,南丰镇,连岐行政村,大双村,肇庆市,南丰镇,,,0,,,admin_unmatched_or_ambiguous
10498,肇庆,南丰镇,连岐行政村,石岐村,肇庆市,南丰镇,,,0,,,admin_unmatched_or_ambiguous
10497,肇庆,南丰镇,连岐行政村,莲塘村,肇庆市,南丰镇,,,0,,,admin_unmatched_or_ambiguous
10493,肇庆,南丰镇,连岐行政村,葛藤村,肇庆市,南丰镇,,,0,,,admin_unmatched_or_ambiguous
10491,肇庆,南丰镇,连岐行政村,边水村,肇庆市,南丰镇,,,0,,,admin_unmatched_or_ambiguous
10496,肇庆,南丰镇,连岐行政村,黄屋村,肇庆市,南丰镇,,,0,,,admin_unmatched_or_ambiguous
12150,肇庆,南街镇,护国社区,三多村,肇庆市,南街镇,,,0,,,admin_unmatched_or_ambiguous
12152,肇庆,南街镇,护国社区,乡贤村,肇庆市,南街镇,,,0,,,admin_unmatched_or_ambiguous
12147,肇庆,南街镇,护国社区,倒装村,肇庆市,南街镇,,,0,,,admin_unmatched_or_ambiguous
12155,肇庆,南街镇,护国社区,十三行村,肇庆市,南街镇,,,0,,,admin_unmatched_or_ambiguous
12148,肇庆,南街镇,护国社区,庙背村,肇庆市,南街镇,,,0,,,admin_unmatched_or_ambiguous
12151,肇庆,南街镇,护国社区,新沙村,肇庆市,南街镇,,,0,,,admin_unmatched_or_ambiguous
12153,肇庆,南街镇,护国社区,武魁村,肇庆市,南街镇,,,0,,,admin_unmatched_or_ambiguous
12154,肇庆,南街镇,护国社区,石屋村,肇庆市,南街镇,,,0,,,admin_unmatched_or_ambiguous
12149,肇庆,南街镇,护国社区,青云村,肇庆市,南街镇,,,0,,,admin_unmatched_or_ambiguous
12245,肇庆,南街镇,星坪行政村,井汶村,肇庆市,南街镇,,,0,,,admin_unmatched_or_ambiguous
12247,肇庆,南街镇,星坪行政村,山仔侧村,肇庆市,南街镇,,,0,,,admin_unmatched_or_ambiguous
12248,肇庆,南街镇,星坪行政村,石挞坑村,肇庆市,南街镇,,,0,,,admin_unmatched_or_ambiguous
12249,肇庆,南街镇,星坪行政村,石羊村,肇庆市,南街镇,,,0,,,admin_unmatched_or_ambiguous
12246,肇庆,南街镇,星坪行政村,莫二村,肇庆市,南街镇,,,0,,,admin_unmatched_or_ambiguous
12250,肇庆,南街镇,星坪行政村,银坑村,肇庆市,南街镇,,,0,,,admin_unmatched_or_ambiguous
12156,肇庆,南街镇,永青社区,吴宅村,肇庆市,南街镇,,,0,,,admin_unmatched_or_ambiguous
12157,肇庆,南街镇,永青社区,城内村,肇庆市,南街镇,,,0,,,admin_unmatched_or_ambiguous
12161,肇庆,南街镇,永青社区,大坪村,肇庆市,南街镇,,,0,,,admin_unmatched_or_ambiguous
12159,肇庆,南街镇,永青社区,新光村,肇庆市,南街镇,,,0,,,admin_unmatched_or_ambiguous
12160,肇庆,南街镇,永青社区,新寨村,肇庆市,南街镇,,,0,,,admin_unmatched_or_ambiguous
12163,肇庆,南街镇,永青社区,木林村,肇庆市,南街镇,,,0,,,admin_unmatched_or_ambiguous
12164,肇庆,南街镇,永青社区,水圳村,肇庆市,南街镇,,,0,,,admin_unmatched_or_ambiguous
12158,肇庆,南街镇,永青社区,西村,肇庆市,南街镇,,,0,,,admin_unmatched_or_ambiguous
12162,肇庆,南街镇,永青社区,都巷村,肇庆市,南街镇,,,0,,,admin_unmatched_or_ambiguous
15891,肇庆,地豆镇,塔崑行政村,三家村,肇庆市,地豆镇,,,0,,,admin_unmatched_or_ambiguous
15886,肇庆,地豆镇,塔崑行政村,中间寨村,肇庆市,地豆镇,,,0,,,admin_unmatched_or_ambiguous
15892,肇庆,地豆镇,塔崑行政村,冲口村,肇庆市,地豆镇,,,0,,,admin_unmatched_or_ambiguous
15890,肇庆,地豆镇,塔崑行政村,大寨村,肇庆市,地豆镇,,,0,,,admin_unmatched_or_ambiguous
15883,肇庆,地豆镇,塔崑行政村,大岭村,肇庆市,地豆镇,,,0,,,admin_unmatched_or_ambiguous
15889,肇庆,地豆镇,塔崑行政村,崑仔村,肇庆市,地豆镇,,,0,,,admin_unmatched_or_ambiguous
15899,肇庆,地豆镇,塔崑行政村,新寨村,肇庆市,地豆镇,,,0,,,admin_unmatched_or_ambiguous
15898,肇庆,地豆镇,塔崑行政村,新屋村,肇庆市,地豆镇,,,0,,,admin_unmatched_or_ambiguous
15885,肇庆,地豆镇,塔崑行政村,格岗山村,肇庆市,地豆镇,,,0,,,admin_unmatched_or_ambiguous
15884,肇庆,地豆镇,塔崑行政村,深水坜村,肇庆市,地豆镇,,,0,,,admin_unmatched_or_ambiguous
15894,肇庆,地豆镇,塔崑行政村,甫前岗村,肇庆市,地豆镇,,,0,,,admin_unmatched_or_ambiguous
15881,肇庆,地豆镇,塔崑行政村,田寮村,肇庆市,地豆镇,,,0,,,admin_unmatched_or_ambiguous
15882,肇庆,地豆镇,塔崑行政村,白鹤崑村,肇庆市,地豆镇,,,0,,,admin_unmatched_or_ambiguous
15895,肇庆,地豆镇,塔崑行政村,邓塘村,肇庆市,地豆镇,,,0,,,admin_unmatched_or_ambiguous
15888,肇庆,地豆镇,塔崑行政村,邓家村,肇庆市,地豆镇,,,0,,,admin_unmatched_or_ambiguous
15893,肇庆,地豆镇,塔崑行政村,铜鼓岗村,肇庆市,地豆镇,,,0,,,admin_unmatched_or_ambiguous
15887,肇庆,地豆镇,塔崑行政村,雷家村,肇庆市,地豆镇,,,0,,,admin_unmatched_or_ambiguous
15896,肇庆,地豆镇,塔崑行政村,鹅寮村,肇庆市,地豆镇,,,0,,,admin_unmatched_or_ambiguous
15897,肇庆,地豆镇,塔崑行政村,黄芒塘村,肇庆市,地豆镇,,,0,,,admin_unmatched_or_ambiguous
14177,肇庆,坳仔镇,东西行政村,冲口村,肇庆市,坳仔镇,,,0,,,admin_unmatched_or_ambiguous
14178,肇庆,坳仔镇,东西行政村,大村,肇庆市,坳仔镇,,,0,,,admin_unmatched_or_ambiguous
14176,肇庆,坳仔镇,东西行政村,田心村,肇庆市,坳仔镇,,,0,,,admin_unmatched_or_ambiguous
14180,肇庆,坳仔镇,东西行政村,石脚村,肇庆市,坳仔镇,,,0,,,admin_unmatched_or_ambiguous
14179,肇庆,坳仔镇,东西行政村,范浪村,肇庆市,坳仔镇,,,0,,,admin_unmatched_or_ambiguous
14181,肇庆,坳仔镇,东西行政村,营后村,肇庆市,坳仔镇,,,0,,,admin_unmatched_or_ambiguous
14192,肇庆,坳仔镇,山奢行政村,下塘村,肇庆市,坳仔镇,,,0,,,admin_unmatched_or_ambiguous
14193,肇庆,坳仔镇,山奢行政村,日六村,肇庆市,坳仔镇,,,0,,,admin_unmatched_or_ambiguous
14189,肇庆,坳仔镇,山奢行政村,牛韫村,肇庆市,坳仔镇,,,0,,,admin_unmatched_or_ambiguous
14191,肇庆,坳仔镇,山奢行政村,王挪村,肇庆市,坳仔镇,,,0,,,admin_unmatched_or_ambiguous
14190,肇庆,坳仔镇,山奢行政村,田崩村,肇庆市,坳仔镇,,,0,,,admin_unmatched_or_ambiguous
14188,肇庆,坳仔镇,山奢行政村,罗力村,肇庆市,坳仔镇,,,0,,,admin_unmatched_or_ambiguous
14174,肇庆,坳仔镇,车福行政村,上寨村,肇庆市,坳仔镇,,,0,,,admin_unmatched_or_ambiguous
14175,肇庆,坳仔镇,车福行政村,涂寨村,肇庆市,坳仔镇,,,0,,,admin_unmatched_or_ambiguous
14172,肇庆,坳仔镇,车福行政村,车村,肇庆市,坳仔镇,,,0,,,admin_unmatched_or_ambiguous
14173,肇庆,坳仔镇,车福行政村,陈友村,肇庆市,坳仔镇,,,0,,,admin_unmatched_or_ambiguous
14187,肇庆,坳仔镇,黄翰行政村,中心村,肇庆市,坳仔镇,,,0,,,admin_unmatched_or_ambiguous
14183,肇庆,坳仔镇,黄翰行政村,岭冲村,肇庆市,坳仔镇,,,0,,,admin_unmatched_or_ambiguous
14182,肇庆,坳仔镇,黄翰行政村,浪带村,肇庆市,坳仔镇,,,0,,,admin_unmatched_or_ambiguous
14186,肇庆,坳仔镇,黄翰行政村,王洞村,肇庆市,坳仔镇,,,0,,,admin_unmatched_or_ambiguous
14185,肇庆,坳仔镇,黄翰行政村,马屋村,肇庆市,坳仔镇,,,0,,,admin_unmatched_or_ambiguous
14184,肇庆,坳仔镇,黄翰行政村,龙锐村,肇庆市,坳仔镇,,,0,,,admin_unmatched_or_ambiguous
17062,肇庆,城东街道,厚岗社区,厚岗村,肇庆市,端州区城东街道,,,0,,,admin_unmatched_or_ambiguous
17063,肇庆,城东街道,厚岗社区,塘尾村,肇庆市,端州区城东街道,,,0,,,admin_unmatched_or_ambiguous
17061,肇庆,城东街道,厚岗社区,渡头村,肇庆市,端州区城东街道,,,0,,,admin_unmatched_or_ambiguous
17056,肇庆,城东街道,岩前社区,岩前村,肇庆市,端州区城东街道,,,0,,,admin_unmatched_or_ambiguous
17058,肇庆,城东街道,工农社区,军屯村,肇庆市,端州区城东街道,,,0,,,admin_unmatched_or_ambiguous
17060,肇庆,城东街道,工农社区,沙墩村,肇庆市,端州区城东街道,,,0,,,admin_unmatched_or_ambiguous
17059,肇庆,城东街道,工农社区,芹田村,肇庆市,端州区城东街道,,,0,,,admin_unmatched_or_ambiguous
17057,肇庆,城东街道,工农社区,贵屯村,肇庆市,端州区城东街道,,,0,,,admin_unmatched_or_ambiguous
16602,肇庆,城中街道,高怖行政村,茅园村,肇庆市,城中街道,,,0,,,admin_unmatched_or_ambiguous
16601,肇庆,城中街道,高怖行政村,高埽村,肇庆市,城中街道,,,0,,,admin_unmatched_or_ambiguous
17071,肇庆,城西街道,下瑶社区,上瑶村,肇庆市,,,,0,,,town_unmatched
17072,肇庆,城西街道,下瑶社区,下瑶村,肇庆市,,,,0,,,town_unmatched
17073,肇庆,城西街道,下瑶社区,独石村,肇庆市,,,,0,,,town_unmatched
17069,肇庆,城西街道,沙街社区,基围头村,肇庆市,,,,0,,,town_unmatched
17067,肇庆,城西街道,沙街社区,大岗头村,肇庆市,,,,0,,,town_unmatched
17068,肇庆,城西街道,沙街社区,大粉村,肇庆市,,,,0,,,town_unmatched
17066,肇庆,城西街道,沙街社区,大菜园村,肇庆市,,,,0,,,town_unmatched
17070,肇庆,城西街道,沙街社区,正西村,肇庆市,,,,0,,,town_unmatched
17064,肇庆,城西街道,沙街社区,沙街村,肇庆市,,,,0,,,town_unmatched
17065,肇庆,城西街道,沙街社区,白沙村,肇庆市,,,,0,,,town_unmatched
14579,肇庆,大岗镇,上亭行政村,本吉村,肇庆市,大岗镇,,,0,,,admin_unmatched_or_ambiguous
14584,肇庆,大岗镇,上亭行政村,朱屋村,肇庆市,大岗镇,,,0,,,admin_unmatched_or_ambiguous
14582,肇庆,大岗镇,上亭行政村,社岗村,肇庆市,大岗镇,,,0,,,admin_unmatched_or_ambiguous
14581,肇庆,大岗镇,上亭行政村,莫屋村,肇庆市,大岗镇,,,0,,,admin_unmatched_or_ambiguous
14583,肇庆,大岗镇,上亭行政村,覃屋村,肇庆市,大岗镇,,,0,,,admin_unmatched_or_ambiguous
14580,肇庆,大岗镇,上亭行政村,郭屋村,肇庆市,大岗镇,,,0,,,admin_unmatched_or_ambiguous
14553,肇庆,大岗镇,连会行政村,全屋村,肇庆市,大岗镇,,,0,,,admin_unmatched_or_ambiguous
14551,肇庆,大岗镇,连会行政村,孔屋村,肇庆市,大岗镇,,,0,,,admin_unmatched_or_ambiguous
14557,肇庆,大岗镇,连会行政村,徐屋村,肇庆市,大岗镇,,,0,,,admin_unmatched_or_ambiguous
14550,肇庆,大岗镇,连会行政村,扶溪村,肇庆市,大岗镇,,,0,,,admin_unmatched_or_ambiguous
14552,肇庆,大岗镇,连会行政村,李屋村,肇庆市,大岗镇,,,0,,,admin_unmatched_or_ambiguous
14554,肇庆,大岗镇,连会行政村,深潭村,肇庆市,大岗镇,,,0,,,admin_unmatched_or_ambiguous
14555,肇庆,大岗镇,连会行政村,石進村,肇庆市,大岗镇,,,0,,,admin_unmatched_or_ambiguous
14556,肇庆,大岗镇,连会行政村,苏屋村,肇庆市,大岗镇,,,0,,,admin_unmatched_or_ambiguous
14549,肇庆,大岗镇,连会行政村,陈屋村,肇庆市,大岗镇,,,0,,,admin_unmatched_or_ambiguous
16092,肇庆,大沙镇,陈冲行政村,下罗村,肇庆市,大沙镇,,,0,,,admin_unmatched_or_ambiguous
16090,肇庆,大沙镇,陈冲行政村,唐屋村,肇庆市,大沙镇,,,0,,,admin_unmatched_or_ambiguous
16087,肇庆,大沙镇,陈冲行政村,堤城村,肇庆市,大沙镇,,,0,,,admin_unmatched_or_ambiguous
16091,肇庆,大沙镇,陈冲行政村,塘村,肇庆市,大沙镇,,,0,,,admin_unmatched_or_ambiguous
16084,肇庆,大沙镇,陈冲行政村,崑屈村,肇庆市,大沙镇,,,0,,,admin_unmatched_or_ambiguous
16085,肇庆,大沙镇,陈冲行政村,梁巷村,肇庆市,大沙镇,,,0,,,admin_unmatched_or_ambiguous
16089,肇庆,大沙镇,陈冲行政村,欧岗七村,肇庆市,大沙镇,,,0,,,admin_unmatched_or_ambiguous
16088,肇庆,大沙镇,陈冲行政村,欧岗六村,肇庆市,大沙镇,,,0,,,admin_unmatched_or_ambiguous
16093,肇庆,大沙镇,陈冲行政村,竹园村,肇庆市,大沙镇,,,0,,,admin_unmatched_or_ambiguous
16086,肇庆,大沙镇,陈冲行政村,陆铁村,肇庆市,大沙镇,,,0,,,admin_unmatched_or_ambiguous
16083,肇庆,大沙镇,陈冲行政村,陈冲村,肇庆市,大沙镇,,,0,,,admin_unmatched_or_ambiguous
13050,肇庆,大湾镇,三稔行政村,三稔村,肇庆市,大湾镇,,,0,,,admin_unmatched_or_ambiguous
13052,肇庆,大湾镇,三稔行政村,下营村,肇庆市,大湾镇,,,0,,,admin_unmatched_or_ambiguous
13046,肇庆,大湾镇,三稔行政村,后坑村,肇庆市,大湾镇,,,0,,,admin_unmatched_or_ambiguous
13048,肇庆,大湾镇,三稔行政村,婆爱村,肇庆市,大湾镇,,,0,,,admin_unmatched_or_ambiguous
13045,肇庆,大湾镇,三稔行政村,洞尾村,肇庆市,大湾镇,,,0,,,admin_unmatched_or_ambiguous
13049,肇庆,大湾镇,三稔行政村,稔田村,肇庆市,大湾镇,,,0,,,admin_unmatched_or_ambiguous
13047,肇庆,大湾镇,三稔行政村,解塘村,肇庆市,大湾镇,,,0,,,admin_unmatched_or_ambiguous
13051,肇庆,大湾镇,三稔行政村,黎源村,肇庆市,大湾镇,,,0,,,admin_unmatched_or_ambiguous
12966,肇庆,大湾镇,三股行政村,九子湾村,肇庆市,大湾镇,,,0,,,admin_unmatched_or_ambiguous
12968,肇庆,大湾镇,三股行政村,勒竹村,肇庆市,大湾镇,,,0,,,admin_unmatched_or_ambiguous
12971,肇庆,大湾镇,三股行政村,和睦岗村,肇庆市,大湾镇,,,0,,,admin_unmatched_or_ambiguous
12970,肇庆,大湾镇,三股行政村,大新村,肇庆市,大湾镇,,,0,,,admin_unmatched_or_ambiguous
12969,肇庆,大湾镇,三股行政村,彭村,肇庆市,大湾镇,,,0,,,admin_unmatched_or_ambiguous
12972,肇庆,大湾镇,三股行政村,沙咀村,肇庆市,大湾镇,,,0,,,admin_unmatched_or_ambiguous
12973,肇庆,大湾镇,三股行政村,沙村,肇庆市,大湾镇,,,0,,,admin_unmatched_or_ambiguous
12967,肇庆,大湾镇,三股行政村,黄塘村,肇庆市,大湾镇,,,0,,,admin_unmatched_or_ambiguous
13013,肇庆,大湾镇,上围行政村,下围村,肇庆市,大湾镇,,,0,,,admin_unmatched_or_ambiguous
13012,肇庆,大湾镇,上围行政村,中围村,肇庆市,大湾镇,,,0,,,admin_unmatched_or_ambiguous
13014,肇庆,大湾镇,上围行政村,獭咀村,肇庆市,大湾镇,,,0,,,admin_unmatched_or_ambiguous
13011,肇庆,大湾镇,上围行政村,芒坑村,肇庆市,大湾镇,,,0,,,admin_unmatched_or_ambiguous
13033,肇庆,大湾镇,九源行政村,三岐村,肇庆市,大湾镇,,,0,,,admin_unmatched_or_ambiguous
13039,肇庆,大湾镇,九源行政村,上村,肇庆市,大湾镇,,,0,,,admin_unmatched_or_ambiguous
13042,肇庆,大湾镇,九源行政村,乌榄村,肇庆市,大湾镇,,,0,,,admin_unmatched_or_ambiguous
13040,肇庆,大湾镇,九源行政村,书房村,肇庆市,大湾镇,,,0,,,admin_unmatched_or_ambiguous
13032,肇庆,大湾镇,九源行政村,二岐村,肇庆市,大湾镇,,,0,,,admin_unmatched_or_ambiguous
13031,肇庆,大湾镇,九源行政村,大王湾村,肇庆市,大湾镇,,,0,,,admin_unmatched_or_ambiguous
13037,肇庆,大湾镇,九源行政村,排一村,肇庆市,大湾镇,,,0,,,admin_unmatched_or_ambiguous
13038,肇庆,大湾镇,九源行政村,排二村,肇庆市,大湾镇,,,0,,,admin_unmatched_or_ambiguous
13041,肇庆,大湾镇,九源行政村,文武村,肇庆市,大湾镇,,,0,,,admin_unmatched_or_ambiguous
13043,肇庆,大湾镇,九源行政村,新屋村,肇庆市,大湾镇,,,0,,,admin_unmatched_or_ambiguous
13034,肇庆,大湾镇,九源行政村,横水村,肇庆市,大湾镇,,,0,,,admin_unmatched_or_ambiguous
13044,肇庆,大湾镇,九源行政村,牙英石村,肇庆市,大湾镇,,,0,,,admin_unmatched_or_ambiguous
13036,肇庆,大湾镇,九源行政村,牛坑村,肇庆市,大湾镇,,,0,,,admin_unmatched_or_ambiguous
13035,肇庆,大湾镇,九源行政村,蓝青村,肇庆市,大湾镇,,,0,,,admin_unmatched_or_ambiguous
12999,肇庆,大湾镇,塱口行政村,塱口村,肇庆市,大湾镇,,,0,,,admin_unmatched_or_ambiguous
13000,肇庆,大湾镇,塱口行政村,霞乐村,肇庆市,大湾镇,,,0,,,admin_unmatched_or_ambiguous
12998,肇庆,大湾镇,大塘行政村,塘济村,肇庆市,大湾镇,,,0,,,admin_unmatched_or_ambiguous
12996,肇庆,大湾镇,大塘行政村,大怖村,肇庆市,大湾镇,,,0,,,admin_unmatched_or_ambiguous
12997,肇庆,大湾镇,大塘行政村,甲元坑村,肇庆市,大湾镇,,,0,,,admin_unmatched_or_ambiguous
13017,肇庆,大湾镇,大白行政村,东昌村,肇庆市,大湾镇,,,0,,,admin_unmatched_or_ambiguous
13030,肇庆,大湾镇,大白行政村,云夜村,肇庆市,大湾镇,,,0,,,admin_unmatched_or_ambiguous
13029,肇庆,大湾镇,大白行政村,云带村,肇庆市,大湾镇,,,0,,,admin_unmatched_or_ambiguous
13023,肇庆,大湾镇,大白行政村,六队村,肇庆市,大湾镇,,,0,,,admin_unmatched_or_ambiguous
13022,肇庆,大湾镇,大白行政村,刘队村,肇庆市,大湾镇,,,0,,,admin_unmatched_or_ambiguous
13021,肇庆,大湾镇,大白行政村,后岗村,肇庆市,大湾镇,,,0,,,admin_unmatched_or_ambiguous
13024,肇庆,大湾镇,大白行政村,天堂村,肇庆市,大湾镇,,,0,,,admin_unmatched_or_ambiguous
13018,肇庆,大湾镇,大白行政村,岗尾村,肇庆市,大湾镇,,,0,,,admin_unmatched_or_ambiguous
13020,肇庆,大湾镇,大白行政村,旱坑村,肇庆市,大湾镇,,,0,,,admin_unmatched_or_ambiguous
13028,肇庆,大湾镇,大白行政村,杨队村,肇庆市,大湾镇,,,0,,,admin_unmatched_or_ambiguous
13025,肇庆,大湾镇,大白行政村,田坳村,肇庆市,大湾镇,,,0,,,admin_unmatched_or_ambiguous
13026,肇庆,大湾镇,大白行政村,田心村,肇庆市,大湾镇,,,0,,,admin_unmatched_or_ambiguous
13015,肇庆,大湾镇,大白行政村,白云岗村,肇庆市,大湾镇,,,0,,,admin_unmatched_or_ambiguous
13027,肇庆,大湾镇,大白行政村,相思坪村,肇庆市,大湾镇,,,0,,,admin_unmatched_or_ambiguous
13016,肇庆,大湾镇,大白行政村,陈队村,肇庆市,大湾镇,,,0,,,admin_unmatched_or_ambiguous
13019,肇庆,大湾镇,大白行政村,高利村,肇庆市,大湾镇,,,0,,,admin_unmatched_or_ambiguous
12995,肇庆,大湾镇,太平围行政村,东村,肇庆市,大湾镇,,,0,,,admin_unmatched_or_ambiguous
12994,肇庆,大湾镇,太平围行政村,太平围村,肇庆市,大湾镇,,,0,,,admin_unmatched_or_ambiguous
12964,肇庆,大湾镇,孔湾行政村,孔湾村,肇庆市,大湾镇,,,0,,,admin_unmatched_or_ambiguous
13006,肇庆,大湾镇,杨梅行政村,上杨梅村,肇庆市,大湾镇,,,0,,,admin_unmatched_or_ambiguous
13007,肇庆,大湾镇,杨梅行政村,下杨梅村,肇庆市,大湾镇,,,0,,,admin_unmatched_or_ambiguous
13003,肇庆,大湾镇,杨梅行政村,九龙村,肇庆市,大湾镇,,,0,,,admin_unmatched_or_ambiguous
13010,肇庆,大湾镇,杨梅行政村,元江村,肇庆市,大湾镇,,,0,,,admin_unmatched_or_ambiguous
13004,肇庆,大湾镇,杨梅行政村,坑口村,肇庆市,大湾镇,,,0,,,admin_unmatched_or_ambiguous
13005,肇庆,大湾镇,杨梅行政村,坑尾村,肇庆市,大湾镇,,,0,,,admin_unmatched_or_ambiguous
13001,肇庆,大湾镇,杨梅行政村,大磅村,肇庆市,大湾镇,,,0,,,admin_unmatched_or_ambiguous
13008,肇庆,大湾镇,杨梅行政村,太平村,肇庆市,大湾镇,,,0,,,admin_unmatched_or_ambiguous
13009,肇庆,大湾镇,杨梅行政村,新村,肇庆市,大湾镇,,,0,,,admin_unmatched_or_ambiguous
13002,肇庆,大湾镇,杨梅行政村,横水村,肇庆市,大湾镇,,,0,,,admin_unmatched_or_ambiguous
12963,肇庆,大湾镇,桔材行政村,桔材村,肇庆市,大湾镇,,,0,,,admin_unmatched_or_ambiguous
12974,肇庆,大湾镇,汉塘行政村,大社村,肇庆市,大湾镇,,,0,,,admin_unmatched_or_ambiguous
12976,肇庆,大湾镇,汉塘行政村,新围村,肇庆市,大湾镇,,,0,,,admin_unmatched_or_ambiguous
12977,肇庆,大湾镇,汉塘行政村,新屋村,肇庆市,大湾镇,,,0,,,admin_unmatched_or_ambiguous
12975,肇庆,大湾镇,汉塘行政村,汉塘村,肇庆市,大湾镇,,,0,,,admin_unmatched_or_ambiguous
12962,肇庆,大湾镇,爱村行政村,爱村,肇庆市,大湾镇,,,0,,,admin_unmatched_or_ambiguous
12981,肇庆,大湾镇,石印行政村,大田村,肇庆市,大湾镇,,,0,,,admin_unmatched_or_ambiguous
12982,肇庆,大湾镇,石印行政村,宝鸭塘村,肇庆市,大湾镇,,,0,,,admin_unmatched_or_ambiguous
12983,肇庆,大湾镇,石印行政村,松树窝村,肇庆市,大湾镇,,,0,,,admin_unmatched_or_ambiguous
12978,肇庆,大湾镇,石印行政村,石印村,肇庆市,大湾镇,,,0,,,admin_unmatched_or_ambiguous
12979,肇庆,大湾镇,石印行政村,金湖村,肇庆市,大湾镇,,,0,,,admin_unmatched_or_ambiguous
12980,肇庆,大湾镇,石印行政村,金瓜寮村,肇庆市,大湾镇,,,0,,,admin_unmatched_or_ambiguous
12984,肇庆,大湾镇,石印行政村,黄作尾村,肇庆市,大湾镇,,,0,,,admin_unmatched_or_ambiguous
12965,肇庆,大湾镇,笋围行政村,笋围村,肇庆市,大湾镇,,,0,,,admin_unmatched_or_ambiguous
12991,肇庆,大湾镇,联星社区,上水村,肇庆市,大湾镇,,,0,,,admin_unmatched_or_ambiguous
12986,肇庆,大湾镇,联星社区,冲口村,肇庆市,大湾镇,,,0,,,admin_unmatched_or_ambiguous
12988,肇庆,大湾镇,联星社区,凤田村,肇庆市,大湾镇,,,0,,,admin_unmatched_or_ambiguous
12987,肇庆,大湾镇,联星社区,大湘口村,肇庆市,大湾镇,,,0,,,admin_unmatched_or_ambiguous
12989,肇庆,大湾镇,联星社区,柑树村,肇庆市,大湾镇,,,0,,,admin_unmatched_or_ambiguous
12992,肇庆,大湾镇,联星社区,水口村,肇庆市,大湾镇,,,0,,,admin_unmatched_or_ambiguous
12985,肇庆,大湾镇,联星社区,茶湾村,肇庆市,大湾镇,,,0,,,admin_unmatched_or_ambiguous
12990,肇庆,大湾镇,联星社区,黄禁村,肇庆市,大湾镇,,,0,,,admin_unmatched_or_ambiguous
13054,肇庆,大湾镇,脉源行政村,东生口村,肇庆市,大湾镇,,,0,,,admin_unmatched_or_ambiguous
13055,肇庆,大湾镇,脉源行政村,佛坳村,肇庆市,大湾镇,,,0,,,admin_unmatched_or_ambiguous
13060,肇庆,大湾镇,脉源行政村,利和龙村,肇庆市,大湾镇,,,0,,,admin_unmatched_or_ambiguous
13059,肇庆,大湾镇,脉源行政村,勒脚村,肇庆市,大湾镇,,,0,,,admin_unmatched_or_ambiguous
13058,肇庆,大湾镇,脉源行政村,坑岗村,肇庆市,大湾镇,,,0,,,admin_unmatched_or_ambiguous
13064,肇庆,大湾镇,脉源行政村,头岗村,肇庆市,大湾镇,,,0,,,admin_unmatched_or_ambiguous
13056,肇庆,大湾镇,脉源行政村,官山村,肇庆市,大湾镇,,,0,,,admin_unmatched_or_ambiguous
13057,肇庆,大湾镇,脉源行政村,河田村,肇庆市,大湾镇,,,0,,,admin_unmatched_or_ambiguous
13053,肇庆,大湾镇,脉源行政村,百芒口村,肇庆市,大湾镇,,,0,,,admin_unmatched_or_ambiguous
13061,肇庆,大湾镇,脉源行政村,粟地坪村,肇庆市,大湾镇,,,0,,,admin_unmatched_or_ambiguous
13062,肇庆,大湾镇,脉源行政村,脉源村,肇庆市,大湾镇,,,0,,,admin_unmatched_or_ambiguous
13063,肇庆,大湾镇,脉源行政村,蛇坑村,肇庆市,大湾镇,,,0,,,admin_unmatched_or_ambiguous
13065,肇庆,大湾镇,脉源行政村,西坑村,肇庆市,大湾镇,,,0,,,admin_unmatched_or_ambiguous
13067,肇庆,大湾镇,脉源行政村,长度村,肇庆市,大湾镇,,,0,,,admin_unmatched_or_ambiguous
13066,肇庆,大湾镇,脉源行政村,鸭囤寮村,肇庆市,大湾镇,,,0,,,admin_unmatched_or_ambiguous
12993,肇庆,大湾镇,迳口行政村,天湖岗村,肇庆市,大湾镇,,,0,,,admin_unmatched_or_ambiguous
8592,肇庆,官圩镇,大莆行政村,下莆村,肇庆市,官圩镇,,,0,,,admin_unmatched_or_ambiguous
8587,肇庆,官圩镇,大莆行政村,大莆村,肇庆市,官圩镇,,,0,,,admin_unmatched_or_ambiguous
8589,肇庆,官圩镇,大莆行政村,孔诵村,肇庆市,官圩镇,,,0,,,admin_unmatched_or_ambiguous
8591,肇庆,官圩镇,大莆行政村,沙河埔村,肇庆市,官圩镇,,,0,,,admin_unmatched_or_ambiguous
8590,肇庆,官圩镇,大莆行政村,牛尾埔村,肇庆市,官圩镇,,,0,,,admin_unmatched_or_ambiguous
8588,肇庆,官圩镇,大莆行政村,谷埔村,肇庆市,官圩镇,,,0,,,admin_unmatched_or_ambiguous
8585,肇庆,官圩镇,崩坭行政村,兰石村,肇庆市,官圩镇,,,0,,,admin_unmatched_or_ambiguous
8579,肇庆,官圩镇,崩坭行政村,大塘角村,肇庆市,官圩镇,,,0,,,admin_unmatched_or_ambiguous
8578,肇庆,官圩镇,崩坭行政村,崩坭村,肇庆市,官圩镇,,,0,,,admin_unmatched_or_ambiguous
8582,肇庆,官圩镇,崩坭行政村,横垌村,肇庆市,官圩镇,,,0,,,admin_unmatched_or_ambiguous
8584,肇庆,官圩镇,崩坭行政村,江底村,肇庆市,官圩镇,,,0,,,admin_unmatched_or_ambiguous
8581,肇庆,官圩镇,崩坭行政村,河儿村,肇庆市,官圩镇,,,0,,,admin_unmatched_or_ambiguous
8580,肇庆,官圩镇,崩坭行政村,蛤塘村,肇庆市,官圩镇,,,0,,,admin_unmatched_or_ambiguous
8586,肇庆,官圩镇,崩坭行政村,西江村,肇庆市,官圩镇,,,0,,,admin_unmatched_or_ambiguous
8583,肇庆,官圩镇,崩坭行政村,视水埔村,肇庆市,官圩镇,,,0,,,admin_unmatched_or_ambiguous
15211,肇庆,怀城镇,富扬行政村,力塘村,肇庆市,怀城镇,,,0,,,admin_unmatched_or_ambiguous
15208,肇庆,怀城镇,富扬行政村,和合村,肇庆市,怀城镇,,,0,,,admin_unmatched_or_ambiguous
15215,肇庆,怀城镇,富扬行政村,四姓村,肇庆市,怀城镇,,,0,,,admin_unmatched_or_ambiguous
15210,肇庆,怀城镇,富扬行政村,坑口村,肇庆市,怀城镇,,,0,,,admin_unmatched_or_ambiguous
15216,肇庆,怀城镇,富扬行政村,塘下村,肇庆市,怀城镇,,,0,,,admin_unmatched_or_ambiguous
15205,肇庆,怀城镇,富扬行政村,大路螃村,肇庆市,怀城镇,,,0,,,admin_unmatched_or_ambiguous
15207,肇庆,怀城镇,富扬行政村,独石村,肇庆市,怀城镇,,,0,,,admin_unmatched_or_ambiguous
15214,肇庆,怀城镇,富扬行政村,社墩村,肇庆市,怀城镇,,,0,,,admin_unmatched_or_ambiguous
15217,肇庆,怀城镇,富扬行政村,祝屋村,肇庆市,怀城镇,,,0,,,admin_unmatched_or_ambiguous
15206,肇庆,怀城镇,富扬行政村,都步李埔村,肇庆市,怀城镇,,,0,,,admin_unmatched_or_ambiguous
15204,肇庆,怀城镇,富扬行政村,陂头村,肇庆市,怀城镇,,,0,,,admin_unmatched_or_ambiguous
15213,肇庆,怀城镇,富扬行政村,麻竹坪村,肇庆市,怀城镇,,,0,,,admin_unmatched_or_ambiguous
15209,肇庆,怀城镇,富扬行政村,黄羗村,肇庆市,怀城镇,,,0,,,admin_unmatched_or_ambiguous
15212,肇庆,怀城镇,富扬行政村,龙门村,肇庆市,怀城镇,,,0,,,admin_unmatched_or_ambiguous
15122,肇庆,怀城镇,文化社区,余屋村,肇庆市,怀城镇,,,0,,,admin_unmatched_or_ambiguous
15121,肇庆,怀城镇,文化社区,邓屋村,肇庆市,怀城镇,,,0,,,admin_unmatched_or_ambiguous
15123,肇庆,怀城镇,永光社区,邓屋村,肇庆市,怀城镇,,,0,,,admin_unmatched_or_ambiguous
8933,肇庆,悦城镇,云帮行政村,三马坪村,肇庆市,悦城镇,,,0,,,admin_unmatched_or_ambiguous
8937,肇庆,悦城镇,云帮行政村,云帮村,肇庆市,悦城镇,,,0,,,admin_unmatched_or_ambiguous
8939,肇庆,悦城镇,云帮行政村,仔围村,肇庆市,悦城镇,,,0,,,admin_unmatched_or_ambiguous
8932,肇庆,悦城镇,云帮行政村,大坪村,肇庆市,悦城镇,,,0,,,admin_unmatched_or_ambiguous
8928,肇庆,悦城镇,云帮行政村,大岗村,肇庆市,悦城镇,,,0,,,admin_unmatched_or_ambiguous
8930,肇庆,悦城镇,云帮行政村,大科田村,肇庆市,悦城镇,,,0,,,admin_unmatched_or_ambiguous
8935,肇庆,悦城镇,云帮行政村,新村,肇庆市,悦城镇,,,0,,,admin_unmatched_or_ambiguous
8929,肇庆,悦城镇,云帮行政村,林场村,肇庆市,悦城镇,,,0,,,admin_unmatched_or_ambiguous
8934,肇庆,悦城镇,云帮行政村,结坑村,肇庆市,悦城镇,,,0,,,admin_unmatched_or_ambiguous
8938,肇庆,悦城镇,云帮行政村,葵坑埌村,肇庆市,悦城镇,,,0,,,admin_unmatched_or_ambiguous
8936,肇庆,悦城镇,云帮行政村,金坑村,肇庆市,悦城镇,,,0,,,admin_unmatched_or_ambiguous
8931,肇庆,悦城镇,云帮行政村,门楼村,肇庆市,悦城镇,,,0,,,admin_unmatched_or_ambiguous
11496,肇庆,排沙镇,木垮行政村,三角村,肇庆市,排沙镇,,,0,,,admin_unmatched_or_ambiguous
11498,肇庆,排沙镇,木垮行政村,上木村,肇庆市,排沙镇,,,0,,,admin_unmatched_or_ambiguous
11497,肇庆,排沙镇,木垮行政村,上白村,肇庆市,排沙镇,,,0,,,admin_unmatched_or_ambiguous
11501,肇庆,排沙镇,木垮行政村,下木村,肇庆市,排沙镇,,,0,,,admin_unmatched_or_ambiguous
11500,肇庆,排沙镇,木垮行政村,下白村,肇庆市,排沙镇,,,0,,,admin_unmatched_or_ambiguous
11503,肇庆,排沙镇,木垮行政村,严肖村,肇庆市,排沙镇,,,0,,,admin_unmatched_or_ambiguous
11502,肇庆,排沙镇,木垮行政村,先生塘村,肇庆市,排沙镇,,,0,,,admin_unmatched_or_ambiguous
11490,肇庆,排沙镇,木垮行政村,大王下村,肇庆市,排沙镇,,,0,,,admin_unmatched_or_ambiguous
11494,肇庆,排沙镇,木垮行政村,廖坑村,肇庆市,排沙镇,,,0,,,admin_unmatched_or_ambiguous
11491,肇庆,排沙镇,木垮行政村,担田村,肇庆市,排沙镇,,,0,,,admin_unmatched_or_ambiguous
11504,肇庆,排沙镇,木垮行政村,油树崑村,肇庆市,排沙镇,,,0,,,admin_unmatched_or_ambiguous
11495,肇庆,排沙镇,木垮行政村,流布村,肇庆市,排沙镇,,,0,,,admin_unmatched_or_ambiguous
11499,肇庆,排沙镇,木垮行政村,田寮村,肇庆市,排沙镇,,,0,,,admin_unmatched_or_ambiguous
11492,肇庆,排沙镇,木垮行政村,高碑村,肇庆市,排沙镇,,,0,,,admin_unmatched_or_ambiguous
11505,肇庆,排沙镇,木垮行政村,鱼仔跳村,肇庆市,排沙镇,,,0,,,admin_unmatched_or_ambiguous
11493,肇庆,排沙镇,木垮行政村,黄坭坳村,肇庆市,排沙镇,,,0,,,admin_unmatched_or_ambiguous
12756,肇庆,新桥镇,堤塘行政村,坭塘旧村,肇庆市,新桥镇,,,0,,,admin_unmatched_or_ambiguous
12757,肇庆,新桥镇,堤塘行政村,堤塘新村,肇庆市,新桥镇,,,0,,,admin_unmatched_or_ambiguous
12752,肇庆,新桥镇,樟岗社区,多等村,肇庆市,新桥镇,,,0,,,admin_unmatched_or_ambiguous
12753,肇庆,新桥镇,樟岗社区,牛渡头村,肇庆市,新桥镇,,,0,,,admin_unmatched_or_ambiguous
16730,肇庆,桂城街道,塘口社区,三合村,肇庆市,桂城街道,,,0,,,admin_unmatched_or_ambiguous
16729,肇庆,桂城街道,塘口社区,塘口村,肇庆市,桂城街道,,,0,,,admin_unmatched_or_ambiguous
16732,肇庆,桂城街道,塘口社区,赤顶村,肇庆市,桂城街道,,,0,,,admin_unmatched_or_ambiguous
16731,肇庆,桂城街道,塘口社区,龙刘村,肇庆市,桂城街道,,,0,,,admin_unmatched_or_ambiguous
16713,肇庆,桂城街道,广利街道砚洲社区,三巷罗村,肇庆市,桂城街道,,,0,,,admin_unmatched_or_ambiguous
16717,肇庆,桂城街道,广利街道砚洲社区,严李村,肇庆市,桂城街道,,,0,,,admin_unmatched_or_ambiguous
16716,肇庆,桂城街道,广利街道砚洲社区,二房李村,肇庆市,桂城街道,,,0,,,admin_unmatched_or_ambiguous
16718,肇庆,桂城街道,广利街道砚洲社区,傅姓村,肇庆市,桂城街道,,,0,,,admin_unmatched_or_ambiguous
16722,肇庆,桂城街道,广利街道砚洲社区,南边苏村,肇庆市,桂城街道,,,0,,,admin_unmatched_or_ambiguous
16723,肇庆,桂城街道,广利街道砚洲社区,南边陈村,肇庆市,桂城街道,,,0,,,admin_unmatched_or_ambiguous
16715,肇庆,桂城街道,广利街道砚洲社区,大房李村,肇庆市,桂城街道,,,0,,,admin_unmatched_or_ambiguous
16719,肇庆,桂城街道,广利街道砚洲社区,徐黎邓村,肇庆市,桂城街道,,,0,,,admin_unmatched_or_ambiguous
16721,肇庆,桂城街道,广利街道砚洲社区,新屋村,肇庆市,桂城街道,,,0,,,admin_unmatched_or_ambiguous
16712,肇庆,桂城街道,广利街道砚洲社区,洲头罗村,肇庆市,桂城街道,,,0,,,admin_unmatched_or_ambiguous
16720,肇庆,桂城街道,广利街道砚洲社区,耕沙村,肇庆市,桂城街道,,,0,,,admin_unmatched_or_ambiguous
16714,肇庆,桂城街道,广利街道砚洲社区,鬓缆苏何罗村,肇庆市,桂城街道,,,0,,,admin_unmatched_or_ambiguous
16724,肇庆,桂城街道,彭寿社区,彭寿村,肇庆市,桂城街道,,,0,,,admin_unmatched_or_ambiguous
16725,肇庆,桂城街道,彭寿社区,田心村,肇庆市,桂城街道,,,0,,,admin_unmatched_or_ambiguous
16735,肇庆,桂城街道,长利社区,平坦村,肇庆市,桂城街道,,,0,,,admin_unmatched_or_ambiguous
16734,肇庆,桂城街道,长利社区,文华村,肇庆市,桂城街道,,,0,,,admin_unmatched_or_ambiguous
16733,肇庆,桂城街道,长利社区,长利村,肇庆市,桂城街道,,,0,,,admin_unmatched_or_ambiguous
16752,肇庆,桂城街道,院主一社区,中和坊,肇庆市,桂城街道,,,0,,,admin_unmatched_or_ambiguous
16750,肇庆,桂城街道,院主一社区,兴华坊,肇庆市,桂城街道,,,0,,,admin_unmatched_or_ambiguous
16754,肇庆,桂城街道,院主一社区,同仁坊,肇庆市,桂城街道,,,0,,,admin_unmatched_or_ambiguous
16755,肇庆,桂城街道,院主一社区,敦仁坊,肇庆市,桂城街道,,,0,,,admin_unmatched_or_ambiguous
16749,肇庆,桂城街道,院主一社区,清泰坊,肇庆市,桂城街道,,,0,,,admin_unmatched_or_ambiguous
16751,肇庆,桂城街道,院主一社区,聚华坊,肇庆市,桂城街道,,,0,,,admin_unmatched_or_ambiguous
16753,肇庆,桂城街道,院主一社区,辑宁坊,肇庆市,桂城街道,,,0,,,admin_unmatched_or_ambiguous
16748,肇庆,桂城街道,院主一社区,近桂坊,肇庆市,桂城街道,,,0,,,admin_unmatched_or_ambiguous
16756,肇庆,桂城街道,院主二社区,习卫坊,肇庆市,桂城街道,,,0,,,admin_unmatched_or_ambiguous
16757,肇庆,桂城街道,院主二社区,习张坊,肇庆市,桂城街道,,,0,,,admin_unmatched_or_ambiguous
16759,肇庆,桂城街道,院主二社区,元庆坊,肇庆市,桂城街道,,,0,,,admin_unmatched_or_ambiguous
16758,肇庆,桂城街道,院主二社区,南门坊,肇庆市,桂城街道,,,0,,,admin_unmatched_or_ambiguous
16727,肇庆,桂城街道,黎桥社区,桂荣村,肇庆市,桂城街道,,,0,,,admin_unmatched_or_ambiguous
16728,肇庆,桂城街道,黎桥社区,永宁村,肇庆市,桂城街道,,,0,,,admin_unmatched_or_ambiguous
16726,肇庆,桂城街道,黎桥社区,黎桥村,肇庆市,桂城街道,,,0,,,admin_unmatched_or_ambiguous
16744,肇庆,桂城街道,龙二社区,塘埗村,肇庆市,桂城街道,,,0,,,admin_unmatched_or_ambiguous
16741,肇庆,桂城街道,龙二社区,庙侧村,肇庆市,桂城街道,,,0,,,admin_unmatched_or_ambiguous
16742,肇庆,桂城街道,龙二社区,榄水张姓村,肇庆市,桂城街道,,,0,,,admin_unmatched_or_ambiguous
16743,肇庆,桂城街道,龙二社区,榄水梁姓村,肇庆市,桂城街道,,,0,,,admin_unmatched_or_ambiguous
16740,肇庆,桂城街道,龙二社区,榄水龙姓村,肇庆市,桂城街道,,,0,,,admin_unmatched_or_ambiguous
16745,肇庆,桂城街道,龙二社区,龙塘龙上村,肇庆市,桂城街道,,,0,,,admin_unmatched_or_ambiguous
16747,肇庆,桂城街道,龙二社区,龙塘龙下村,肇庆市,桂城街道,,,0,,,admin_unmatched_or_ambiguous
16746,肇庆,桂城街道,龙二社区,龙塘龙中村,肇庆市,桂城街道,,,0,,,admin_unmatched_or_ambiguous
16738,肇庆,桂城街道,龙头社区,外海梁村,肇庆市,桂城街道,,,0,,,admin_unmatched_or_ambiguous
16736,肇庆,桂城街道,龙头社区,槎头村,肇庆市,桂城街道,,,0,,,admin_unmatched_or_ambiguous
16739,肇庆,桂城街道,龙头社区,槎布村,肇庆市,桂城街道,,,0,,,admin_unmatched_or_ambiguous
16737,肇庆,桂城街道,龙头社区,龙头村,肇庆市,桂城街道,,,0,,,admin_unmatched_or_ambiguous
13787,肇庆,梁村镇,圩镇社区,多罗岗村,肇庆市,梁村镇,,,0,,,admin_unmatched_or_ambiguous
13786,肇庆,梁村镇,圩镇社区,石砼口村,肇庆市,梁村镇,,,0,,,admin_unmatched_or_ambiguous
13723,肇庆,梁村镇,游水行政村,下谭村,肇庆市,梁村镇,,,0,,,admin_unmatched_or_ambiguous
13710,肇庆,梁村镇,游水行政村,何屋村,肇庆市,梁村镇,,,0,,,admin_unmatched_or_ambiguous
13724,肇庆,梁村镇,游水行政村,余田村,肇庆市,梁村镇,,,0,,,admin_unmatched_or_ambiguous
13718,肇庆,梁村镇,游水行政村,六竹村,肇庆市,梁村镇,,,0,,,admin_unmatched_or_ambiguous
13713,肇庆,梁村镇,游水行政村,后龙村,肇庆市,梁村镇,,,0,,,admin_unmatched_or_ambiguous
13728,肇庆,梁村镇,游水行政村,唐屋村,肇庆市,梁村镇,,,0,,,admin_unmatched_or_ambiguous
13712,肇庆,梁村镇,游水行政村,大园村,肇庆市,梁村镇,,,0,,,admin_unmatched_or_ambiguous
13716,肇庆,梁村镇,游水行政村,新寨村,肇庆市,梁村镇,,,0,,,admin_unmatched_or_ambiguous
13717,肇庆,梁村镇,游水行政村,林仓村,肇庆市,梁村镇,,,0,,,admin_unmatched_or_ambiguous
13721,肇庆,梁村镇,游水行政村,水口村,肇庆市,梁村镇,,,0,,,admin_unmatched_or_ambiguous
13711,肇庆,梁村镇,游水行政村,白鹤村,肇庆市,梁村镇,,,0,,,admin_unmatched_or_ambiguous
13725,肇庆,梁村镇,游水行政村,百楼村,肇庆市,梁村镇,,,0,,,admin_unmatched_or_ambiguous
13720,肇庆,梁村镇,游水行政村,石塘村,肇庆市,梁村镇,,,0,,,admin_unmatched_or_ambiguous
13727,肇庆,梁村镇,游水行政村,石板村,肇庆市,梁村镇,,,0,,,admin_unmatched_or_ambiguous
13719,肇庆,梁村镇,游水行政村,石桥村,肇庆市,梁村镇,,,0,,,admin_unmatched_or_ambiguous
13714,肇庆,梁村镇,游水行政村,老寨村,肇庆市,梁村镇,,,0,,,admin_unmatched_or_ambiguous
13722,肇庆,梁村镇,游水行政村,苏屋村,肇庆市,梁村镇,,,0,,,admin_unmatched_or_ambiguous
13726,肇庆,梁村镇,游水行政村,陆屋村,肇庆市,梁村镇,,,0,,,admin_unmatched_or_ambiguous
13715,肇庆,梁村镇,游水行政村,龙俊村,肇庆市,梁村镇,,,0,,,admin_unmatched_or_ambiguous
13827,肇庆,梁村镇,镇兴行政村,镇兴村,肇庆市,梁村镇,,,0,,,admin_unmatched_or_ambiguous
11585,肇庆,横山镇,曾宽行政村,冲头坑村,肇庆市,横山镇,,,0,,,admin_unmatched_or_ambiguous
11587,肇庆,横山镇,曾宽行政村,宽塘村,肇庆市,横山镇,,,0,,,admin_unmatched_or_ambiguous
11588,肇庆,横山镇,曾宽行政村,宽塘迳村,肇庆市,横山镇,,,0,,,admin_unmatched_or_ambiguous
11592,肇庆,横山镇,曾宽行政村,新墟村,肇庆市,横山镇,,,0,,,admin_unmatched_or_ambiguous
11591,肇庆,横山镇,曾宽行政村,新风里村,肇庆市,横山镇,,,0,,,admin_unmatched_or_ambiguous
11584,肇庆,横山镇,曾宽行政村,曾寨村,肇庆市,横山镇,,,0,,,admin_unmatched_or_ambiguous
11589,肇庆,横山镇,曾宽行政村,礼坪村,肇庆市,横山镇,,,0,,,admin_unmatched_or_ambiguous
11590,肇庆,横山镇,曾宽行政村,路堂寨村,肇庆市,横山镇,,,0,,,admin_unmatched_or_ambiguous
11586,肇庆,横山镇,曾宽行政村,高肖村,肇庆市,横山镇,,,0,,,admin_unmatched_or_ambiguous
13359,肇庆,水南镇,双波行政村,双任村,肇庆市,水南镇,,,0,,,admin_unmatched_or_ambiguous
13351,肇庆,水南镇,双波行政村,双料坑村,肇庆市,水南镇,,,0,,,admin_unmatched_or_ambiguous
13350,肇庆,水南镇,双波行政村,双波村,肇庆市,水南镇,,,0,,,admin_unmatched_or_ambiguous
13354,肇庆,水南镇,双波行政村,坑口村,肇庆市,水南镇,,,0,,,admin_unmatched_or_ambiguous
13356,肇庆,水南镇,双波行政村,坑尾村,肇庆市,水南镇,,,0,,,admin_unmatched_or_ambiguous
13358,肇庆,水南镇,双波行政村,大坑边村,肇庆市,水南镇,,,0,,,admin_unmatched_or_ambiguous
13357,肇庆,水南镇,双波行政村,大石坑村,肇庆市,水南镇,,,0,,,admin_unmatched_or_ambiguous
13352,肇庆,水南镇,双波行政村,小良村,肇庆市,水南镇,,,0,,,admin_unmatched_or_ambiguous
13353,肇庆,水南镇,双波行政村,石降下村,肇庆市,水南镇,,,0,,,admin_unmatched_or_ambiguous
13355,肇庆,水南镇,双波行政村,蓝山村,肇庆市,水南镇,,,0,,,admin_unmatched_or_ambiguous
14895,肇庆,永固镇,富邦行政村,伯芒村,肇庆市,永固镇,,,0,,,admin_unmatched_or_ambiguous
14898,肇庆,永固镇,富邦行政村,南寨村,肇庆市,永固镇,,,0,,,admin_unmatched_or_ambiguous
14896,肇庆,永固镇,富邦行政村,大院村,肇庆市,永固镇,,,0,,,admin_unmatched_or_ambiguous
14897,肇庆,永固镇,富邦行政村,木堆村,肇庆市,永固镇,,,0,,,admin_unmatched_or_ambiguous
14900,肇庆,永固镇,富邦行政村,清水村,肇庆市,永固镇,,,0,,,admin_unmatched_or_ambiguous
14899,肇庆,永固镇,富邦行政村,糯坑村,肇庆市,永固镇,,,0,,,admin_unmatched_or_ambiguous
16778,肇庆,永安镇,夏江行政村,夏江村,肇庆市,永安镇,,,0,,,admin_unmatched_or_ambiguous
16779,肇庆,永安镇,夏江行政村,聚蚬村,肇庆市,永安镇,,,0,,,admin_unmatched_or_ambiguous
16807,肇庆,永安镇,岐洲行政村,西化村,肇庆市,永安镇,,,0,,,admin_unmatched_or_ambiguous
16796,肇庆,永安镇,苍南行政村,筋溪村,肇庆市,永安镇,,,0,,,admin_unmatched_or_ambiguous
16798,肇庆,永安镇,苍南行政村,苍北村,肇庆市,永安镇,,,0,,,admin_unmatched_or_ambiguous
16797,肇庆,永安镇,苍南行政村,苍南村,肇庆市,永安镇,,,0,,,admin_unmatched_or_ambiguous
16799,肇庆,永安镇,苍南行政村,黄竹园村,肇庆市,永安镇,,,0,,,admin_unmatched_or_ambiguous
15656,肇庆,江谷镇,一村社区,李家村,肇庆市,江谷镇,,,0,,,admin_unmatched_or_ambiguous
15655,肇庆,江谷镇,一村社区,范家村,肇庆市,江谷镇,,,0,,,admin_unmatched_or_ambiguous
15654,肇庆,江谷镇,一村社区,蒋家村,肇庆市,江谷镇,,,0,,,admin_unmatched_or_ambiguous
15653,肇庆,江谷镇,一村社区,黎家村,肇庆市,江谷镇,,,0,,,admin_unmatched_or_ambiguous
15568,肇庆,江谷镇,培崑行政村,刀坑村,肇庆市,江谷镇,,,0,,,admin_unmatched_or_ambiguous
15589,肇庆,江谷镇,培崑行政村,十二带村,肇庆市,江谷镇,,,0,,,admin_unmatched_or_ambiguous
15588,肇庆,江谷镇,培崑行政村,南厂村,肇庆市,江谷镇,,,0,,,admin_unmatched_or_ambiguous
15566,肇庆,江谷镇,培崑行政村,南寮村,肇庆市,江谷镇,,,0,,,admin_unmatched_or_ambiguous
15564,肇庆,江谷镇,培崑行政村,古槽村,肇庆市,江谷镇,,,0,,,admin_unmatched_or_ambiguous
15578,肇庆,江谷镇,培崑行政村,圳边村,肇庆市,江谷镇,,,0,,,admin_unmatched_or_ambiguous
15586,肇庆,江谷镇,培崑行政村,坑口村,肇庆市,江谷镇,,,0,,,admin_unmatched_or_ambiguous
15580,肇庆,江谷镇,培崑行政村,培崑村,肇庆市,江谷镇,,,0,,,admin_unmatched_or_ambiguous
15594,肇庆,江谷镇,培崑行政村,塘垌村,肇庆市,江谷镇,,,0,,,admin_unmatched_or_ambiguous
15567,肇庆,江谷镇,培崑行政村,大坪村,肇庆市,江谷镇,,,0,,,admin_unmatched_or_ambiguous
15579,肇庆,江谷镇,培崑行政村,大山口村,肇庆市,江谷镇,,,0,,,admin_unmatched_or_ambiguous
15571,肇庆,江谷镇,培崑行政村,建洪村,肇庆市,江谷镇,,,0,,,admin_unmatched_or_ambiguous
15591,肇庆,江谷镇,培崑行政村,新联村,肇庆市,江谷镇,,,0,,,admin_unmatched_or_ambiguous
15575,肇庆,江谷镇,培崑行政村,曙光村,肇庆市,江谷镇,,,0,,,admin_unmatched_or_ambiguous
15572,肇庆,江谷镇,培崑行政村,杀竹村,肇庆市,江谷镇,,,0,,,admin_unmatched_or_ambiguous
15587,肇庆,江谷镇,培崑行政村,梅子坪村,肇庆市,江谷镇,,,0,,,admin_unmatched_or_ambiguous
15584,肇庆,江谷镇,培崑行政村,横岭脚村,肇庆市,江谷镇,,,0,,,admin_unmatched_or_ambiguous
15585,肇庆,江谷镇,培崑行政村,横溪村,肇庆市,江谷镇,,,0,,,admin_unmatched_or_ambiguous
15577,肇庆,江谷镇,培崑行政村,水花潭村,肇庆市,江谷镇,,,0,,,admin_unmatched_or_ambiguous
15570,肇庆,江谷镇,培崑行政村,洪尾村,肇庆市,江谷镇,,,0,,,admin_unmatched_or_ambiguous
15574,肇庆,江谷镇,培崑行政村,深坑三村,肇庆市,江谷镇,,,0,,,admin_unmatched_or_ambiguous
15573,肇庆,江谷镇,培崑行政村,深坑村,肇庆市,江谷镇,,,0,,,admin_unmatched_or_ambiguous
15583,肇庆,江谷镇,培崑行政村,烟仔地村,肇庆市,江谷镇,,,0,,,admin_unmatched_or_ambiguous
15576,肇庆,江谷镇,培崑行政村,牛古肖村,肇庆市,江谷镇,,,0,,,admin_unmatched_or_ambiguous
15582,肇庆,江谷镇,培崑行政村,王村,肇庆市,江谷镇,,,0,,,admin_unmatched_or_ambiguous
15565,肇庆,江谷镇,培崑行政村,联安村,肇庆市,江谷镇,,,0,,,admin_unmatched_or_ambiguous
15590,肇庆,江谷镇,培崑行政村,蜈蚣肖村,肇庆市,江谷镇,,,0,,,admin_unmatched_or_ambiguous
15581,肇庆,江谷镇,培崑行政村,邱黄村,肇庆市,江谷镇,,,0,,,admin_unmatched_or_ambiguous
15569,肇庆,江谷镇,培崑行政村,高带村,肇庆市,江谷镇,,,0,,,admin_unmatched_or_ambiguous
15592,肇庆,江谷镇,培崑行政村,高龙尾村,肇庆市,江谷镇,,,0,,,admin_unmatched_or_ambiguous
15593,肇庆,江谷镇,培崑行政村,黄沙坑村,肇庆市,江谷镇,,,0,,,admin_unmatched_or_ambiguous
15635,肇庆,江谷镇,大桐行政村,上木良村,肇庆市,江谷镇,,,0,,,admin_unmatched_or_ambiguous
15634,肇庆,江谷镇,大桐行政村,下木良村,肇庆市,江谷镇,,,0,,,admin_unmatched_or_ambiguous
15627,肇庆,江谷镇,大桐行政村,严坑大寨村,肇庆市,江谷镇,,,0,,,admin_unmatched_or_ambiguous
15629,肇庆,江谷镇,大桐行政村,严坑尾村,肇庆市,江谷镇,,,0,,,admin_unmatched_or_ambiguous
15648,肇庆,江谷镇,大桐行政村,养老坑村,肇庆市,江谷镇,,,0,,,admin_unmatched_or_ambiguous
15642,肇庆,江谷镇,大桐行政村,冬溪村,肇庆市,江谷镇,,,0,,,admin_unmatched_or_ambiguous
15644,肇庆,江谷镇,大桐行政村,塘垌村,肇庆市,江谷镇,,,0,,,admin_unmatched_or_ambiguous
15647,肇庆,江谷镇,大桐行政村,墩子村,肇庆市,江谷镇,,,0,,,admin_unmatched_or_ambiguous
15630,肇庆,江谷镇,大桐行政村,大夫田村,肇庆市,江谷镇,,,0,,,admin_unmatched_or_ambiguous
15638,肇庆,江谷镇,大桐行政村,大桐村,肇庆市,江谷镇,,,0,,,admin_unmatched_or_ambiguous
15641,肇庆,江谷镇,大桐行政村,大瓮村,肇庆市,江谷镇,,,0,,,admin_unmatched_or_ambiguous
15649,肇庆,江谷镇,大桐行政村,小乐村,肇庆市,江谷镇,,,0,,,admin_unmatched_or_ambiguous
15640,肇庆,江谷镇,大桐行政村,小瓮村,肇庆市,江谷镇,,,0,,,admin_unmatched_or_ambiguous
15636,肇庆,江谷镇,大桐行政村,岭坳村,肇庆市,江谷镇,,,0,,,admin_unmatched_or_ambiguous
15652,肇庆,江谷镇,大桐行政村,带头角村,肇庆市,江谷镇,,,0,,,admin_unmatched_or_ambiguous
15626,肇庆,江谷镇,大桐行政村,彭坑村,肇庆市,江谷镇,,,0,,,admin_unmatched_or_ambiguous
15646,肇庆,江谷镇,大桐行政村,新旧屋村,肇庆市,江谷镇,,,0,,,admin_unmatched_or_ambiguous
15628,肇庆,江谷镇,大桐行政村,点菜引村,肇庆市,江谷镇,,,0,,,admin_unmatched_or_ambiguous
15632,肇庆,江谷镇,大桐行政村,王肖村,肇庆市,江谷镇,,,0,,,admin_unmatched_or_ambiguous
15639,肇庆,江谷镇,大桐行政村,石溪村,肇庆市,江谷镇,,,0,,,admin_unmatched_or_ambiguous
15637,肇庆,江谷镇,大桐行政村,苏坑村,肇庆市,江谷镇,,,0,,,admin_unmatched_or_ambiguous
15633,肇庆,江谷镇,大桐行政村,莫肖村,肇庆市,江谷镇,,,0,,,admin_unmatched_or_ambiguous
15651,肇庆,江谷镇,大桐行政村,虎神地村,肇庆市,江谷镇,,,0,,,admin_unmatched_or_ambiguous
15643,肇庆,江谷镇,大桐行政村,车下村,肇庆市,江谷镇,,,0,,,admin_unmatched_or_ambiguous
15645,肇庆,江谷镇,大桐行政村,里田村,肇庆市,江谷镇,,,0,,,admin_unmatched_or_ambiguous
15650,肇庆,江谷镇,大桐行政村,长乐村,肇庆市,江谷镇,,,0,,,admin_unmatched_or_ambiguous
15631,肇庆,江谷镇,大桐行政村,黄竹迁村,肇庆市,江谷镇,,,0,,,admin_unmatched_or_ambiguous
15663,肇庆,江谷镇,正隆社区,古塘村,肇庆市,江谷镇,,,0,,,admin_unmatched_or_ambiguous
15659,肇庆,江谷镇,正隆社区,崩口村,肇庆市,江谷镇,,,0,,,admin_unmatched_or_ambiguous
15658,肇庆,江谷镇,正隆社区,新寨村,肇庆市,江谷镇,,,0,,,admin_unmatched_or_ambiguous
15657,肇庆,江谷镇,正隆社区,横塘村,肇庆市,江谷镇,,,0,,,admin_unmatched_or_ambiguous
15660,肇庆,江谷镇,正隆社区,瓦窑村,肇庆市,江谷镇,,,0,,,admin_unmatched_or_ambiguous
15662,肇庆,江谷镇,正隆社区,白沙村,肇庆市,江谷镇,,,0,,,admin_unmatched_or_ambiguous
15661,肇庆,江谷镇,正隆社区,长路村,肇庆市,江谷镇,,,0,,,admin_unmatched_or_ambiguous
9645,肇庆,河儿口镇,双视行政村,乌石村,肇庆市,河儿口镇,,,0,,,admin_unmatched_or_ambiguous
9641,肇庆,河儿口镇,双视行政村,双视村,肇庆市,河儿口镇,,,0,,,admin_unmatched_or_ambiguous
9636,肇庆,河儿口镇,双视行政村,大为村,肇庆市,河儿口镇,,,0,,,admin_unmatched_or_ambiguous
9635,肇庆,河儿口镇,双视行政村,大旺口村,肇庆市,河儿口镇,,,0,,,admin_unmatched_or_ambiguous
9638,肇庆,河儿口镇,双视行政村,干冲村,肇庆市,河儿口镇,,,0,,,admin_unmatched_or_ambiguous
9644,肇庆,河儿口镇,双视行政村,梦炭塘村,肇庆市,河儿口镇,,,0,,,admin_unmatched_or_ambiguous
9642,肇庆,河儿口镇,双视行政村,水柳村,肇庆市,河儿口镇,,,0,,,admin_unmatched_or_ambiguous
9639,肇庆,河儿口镇,双视行政村,河儿岗村,肇庆市,河儿口镇,,,0,,,admin_unmatched_or_ambiguous
9643,肇庆,河儿口镇,双视行政村,甘村,肇庆市,河儿口镇,,,0,,,admin_unmatched_or_ambiguous
9640,肇庆,河儿口镇,双视行政村,石桥村,肇庆市,河儿口镇,,,0,,,admin_unmatched_or_ambiguous
9637,肇庆,河儿口镇,双视行政村,石迳村,肇庆市,河儿口镇,,,0,,,admin_unmatched_or_ambiguous
9687,肇庆,河儿口镇,梦炭行政村,井边村,肇庆市,河儿口镇,,,0,,,admin_unmatched_or_ambiguous
9685,肇庆,河儿口镇,梦炭行政村,凤院村,肇庆市,河儿口镇,,,0,,,admin_unmatched_or_ambiguous
9690,肇庆,河儿口镇,梦炭行政村,炭村,肇庆市,河儿口镇,,,0,,,admin_unmatched_or_ambiguous
9686,肇庆,河儿口镇,梦炭行政村,甫务村,肇庆市,河儿口镇,,,0,,,admin_unmatched_or_ambiguous
9689,肇庆,河儿口镇,梦炭行政村,石中村,肇庆市,河儿口镇,,,0,,,admin_unmatched_or_ambiguous
9688,肇庆,河儿口镇,梦炭行政村,荔枝村,肇庆市,河儿口镇,,,0,,,admin_unmatched_or_ambiguous
9691,肇庆,河儿口镇,梦炭行政村,院塘村,肇庆市,河儿口镇,,,0,,,admin_unmatched_or_ambiguous
13108,肇庆,河台镇,大崑行政村,三丫村,肇庆市,河台镇,,,0,,,admin_unmatched_or_ambiguous
13104,肇庆,河台镇,大崑行政村,不六坪村,肇庆市,河台镇,,,0,,,admin_unmatched_or_ambiguous
13112,肇庆,河台镇,大崑行政村,云福村,肇庆市,河台镇,,,0,,,admin_unmatched_or_ambiguous
13111,肇庆,河台镇,大崑行政村,双管村,肇庆市,河台镇,,,0,,,admin_unmatched_or_ambiguous
13106,肇庆,河台镇,大崑行政村,大崑村,肇庆市,河台镇,,,0,,,admin_unmatched_or_ambiguous
13105,肇庆,河台镇,大崑行政村,岑塘村,肇庆市,河台镇,,,0,,,admin_unmatched_or_ambiguous
13107,肇庆,河台镇,大崑行政村,荷包田村,肇庆市,河台镇,,,0,,,admin_unmatched_or_ambiguous
13110,肇庆,河台镇,大崑行政村,近松一村,肇庆市,河台镇,,,0,,,admin_unmatched_or_ambiguous
13109,肇庆,河台镇,大崑行政村,近松二村,肇庆市,河台镇,,,0,,,admin_unmatched_or_ambiguous
13513,肇庆,活道镇,螯头行政村,鳌头村,肇庆市,活道镇,,,0,,,admin_unmatched_or_ambiguous
14407,肇庆,洽水镇,旺兰行政村,下祝屋巷村,肇庆市,洽水镇,,,0,,,admin_unmatched_or_ambiguous
14403,肇庆,洽水镇,旺兰行政村,兰洞寮肖村,肇庆市,洽水镇,,,0,,,admin_unmatched_or_ambiguous
14402,肇庆,洽水镇,旺兰行政村,军田村,肇庆市,洽水镇,,,0,,,admin_unmatched_or_ambiguous
14405,肇庆,洽水镇,旺兰行政村,欧屋巷村,肇庆市,洽水镇,,,0,,,admin_unmatched_or_ambiguous
14406,肇庆,洽水镇,旺兰行政村,田洞心村,肇庆市,洽水镇,,,0,,,admin_unmatched_or_ambiguous
14408,肇庆,洽水镇,旺兰行政村,祝屋巷村,肇庆市,洽水镇,,,0,,,admin_unmatched_or_ambiguous
14404,肇庆,洽水镇,旺兰行政村,罗屋巷村,肇庆市,洽水镇,,,0,,,admin_unmatched_or_ambiguous
14409,肇庆,洽水镇,谿村行政村,天塘村,肇庆市,洽水镇,,,0,,,admin_unmatched_or_ambiguous
14411,肇庆,洽水镇,谿村行政村,芋烙村,肇庆市,洽水镇,,,0,,,admin_unmatched_or_ambiguous
14410,肇庆,洽水镇,谿村行政村,谿村,肇庆市,洽水镇,,,0,,,admin_unmatched_or_ambiguous
10759,肇庆,渔涝镇,戴村行政村,井村,肇庆市,渔涝镇,,,0,,,admin_unmatched_or_ambiguous
10756,肇庆,渔涝镇,戴村行政村,仙塘村,肇庆市,渔涝镇,,,0,,,admin_unmatched_or_ambiguous
10760,肇庆,渔涝镇,戴村行政村,力马村,肇庆市,渔涝镇,,,0,,,admin_unmatched_or_ambiguous
10762,肇庆,渔涝镇,戴村行政村,均埌村,肇庆市,渔涝镇,,,0,,,admin_unmatched_or_ambiguous
10764,肇庆,渔涝镇,戴村行政村,大坪村,肇庆市,渔涝镇,,,0,,,admin_unmatched_or_ambiguous
10758,肇庆,渔涝镇,戴村行政村,带村,肇庆市,渔涝镇,,,0,,,admin_unmatched_or_ambiguous
10765,肇庆,渔涝镇,戴村行政村,江嘴村,肇庆市,渔涝镇,,,0,,,admin_unmatched_or_ambiguous
10755,肇庆,渔涝镇,戴村行政村,江坡村,肇庆市,渔涝镇,,,0,,,admin_unmatched_or_ambiguous
10757,肇庆,渔涝镇,戴村行政村,禾莆村,肇庆市,渔涝镇,,,0,,,admin_unmatched_or_ambiguous
10763,肇庆,渔涝镇,戴村行政村,莲花村,肇庆市,渔涝镇,,,0,,,admin_unmatched_or_ambiguous
10754,肇庆,渔涝镇,戴村行政村,麒麟田村,肇庆市,渔涝镇,,,0,,,admin_unmatched_or_ambiguous
10761,肇庆,渔涝镇,戴村行政村,黄塘村,肇庆市,渔涝镇,,,0,,,admin_unmatched_or_ambiguous
10718,肇庆,渔涝镇,梦良行政村,均塘村,肇庆市,渔涝镇,,,0,,,admin_unmatched_or_ambiguous
10713,肇庆,渔涝镇,梦良行政村,社山头村,肇庆市,渔涝镇,,,0,,,admin_unmatched_or_ambiguous
10715,肇庆,渔涝镇,梦良行政村,罗乐村,肇庆市,渔涝镇,,,0,,,admin_unmatched_or_ambiguous
10716,肇庆,渔涝镇,梦良行政村,罗院村,肇庆市,渔涝镇,,,0,,,admin_unmatched_or_ambiguous
10714,肇庆,渔涝镇,梦良行政村,良村,肇庆市,渔涝镇,,,0,,,admin_unmatched_or_ambiguous
10717,肇庆,渔涝镇,梦良行政村,莫家村,肇庆市,渔涝镇,,,0,,,admin_unmatched_or_ambiguous
12633,肇庆,白土镇,塱鹤行政村,塱鹤村,肇庆市,白土镇,,,0,,,admin_unmatched_or_ambiguous
12643,肇庆,白土镇,沿塱行政村,沿塱村,肇庆市,白土镇,,,0,,,admin_unmatched_or_ambiguous
12604,肇庆,白土镇,白联社区,仁里任村,肇庆市,白土镇,,,0,,,admin_unmatched_or_ambiguous
12610,肇庆,白土镇,白联社区,区边村,肇庆市,白土镇,,,0,,,admin_unmatched_or_ambiguous
12611,肇庆,白土镇,白联社区,围边村,肇庆市,白土镇,,,0,,,admin_unmatched_or_ambiguous
12606,肇庆,白土镇,白联社区,坑口村,肇庆市,白土镇,,,0,,,admin_unmatched_or_ambiguous
12602,肇庆,白土镇,白联社区,坑尾村,肇庆市,白土镇,,,0,,,admin_unmatched_or_ambiguous
12605,肇庆,白土镇,白联社区,坑陈村,肇庆市,白土镇,,,0,,,admin_unmatched_or_ambiguous
12608,肇庆,白土镇,白联社区,大洲村,肇庆市,白土镇,,,0,,,admin_unmatched_or_ambiguous
12609,肇庆,白土镇,白联社区,大洲莫村,肇庆市,白土镇,,,0,,,admin_unmatched_or_ambiguous
12607,肇庆,白土镇,白联社区,河边村,肇庆市,白土镇,,,0,,,admin_unmatched_or_ambiguous
12603,肇庆,白土镇,白联社区,竹根村,肇庆市,白土镇,,,0,,,admin_unmatched_or_ambiguous
12612,肇庆,白土镇,白联社区,细洲村,肇庆市,白土镇,,,0,,,admin_unmatched_or_ambiguous
12613,肇庆,白土镇,白联社区,造美村,肇庆市,白土镇,,,0,,,admin_unmatched_or_ambiguous
9561,肇庆,白垢镇,瀛村行政村,大庙角村,肇庆市,白垢镇,,,0,,,admin_unmatched_or_ambiguous
9564,肇庆,白垢镇,瀛村行政村,学堂坪村,肇庆市,白垢镇,,,0,,,admin_unmatched_or_ambiguous
9563,肇庆,白垢镇,瀛村行政村,文章坪村,肇庆市,白垢镇,,,0,,,admin_unmatched_or_ambiguous
9560,肇庆,白垢镇,瀛村行政村,瀛村,肇庆市,白垢镇,,,0,,,admin_unmatched_or_ambiguous
9562,肇庆,白垢镇,瀛村行政村,风车儿村,肇庆市,白垢镇,,,0,,,admin_unmatched_or_ambiguous
12823,肇庆,白诸镇,圩镇社区,碧湖村,肇庆市,白诸镇,,,0,,,admin_unmatched_or_ambiguous
16189,肇庆,石狗镇,都崑行政村,上新屋村,肇庆市,石狗镇,,,0,,,admin_unmatched_or_ambiguous
16192,肇庆,石狗镇,都崑行政村,下新屋村,肇庆市,石狗镇,,,0,,,admin_unmatched_or_ambiguous
16188,肇庆,石狗镇,都崑行政村,企山村,肇庆市,石狗镇,,,0,,,admin_unmatched_or_ambiguous
16183,肇庆,石狗镇,都崑行政村,凤村,肇庆市,石狗镇,,,0,,,admin_unmatched_or_ambiguous
16186,肇庆,石狗镇,都崑行政村,新兴村,肇庆市,石狗镇,,,0,,,admin_unmatched_or_ambiguous
16181,肇庆,石狗镇,都崑行政村,梅坑村,肇庆市,石狗镇,,,0,,,admin_unmatched_or_ambiguous
16190,肇庆,石狗镇,都崑行政村,水口村,肇庆市,石狗镇,,,0,,,admin_unmatched_or_ambiguous
16191,肇庆,石狗镇,都崑行政村,永红村,肇庆市,石狗镇,,,0,,,admin_unmatched_or_ambiguous
16182,肇庆,石狗镇,都崑行政村,船头岗村,肇庆市,石狗镇,,,0,,,admin_unmatched_or_ambiguous
16180,肇庆,石狗镇,都崑行政村,都崑村,肇庆市,石狗镇,,,0,,,admin_unmatched_or_ambiguous
16187,肇庆,石狗镇,都崑行政村,马头塘村,肇庆市,石狗镇,,,0,,,admin_unmatched_or_ambiguous
16184,肇庆,石狗镇,都崑行政村,鸡头岗村,肇庆市,石狗镇,,,0,,,admin_unmatched_or_ambiguous
16185,肇庆,石狗镇,都崑行政村,鸦了洞村,肇庆市,石狗镇,,,0,,,admin_unmatched_or_ambiguous
9286,肇庆,罗董镇,大洞行政村,上诰村,肇庆市,罗董镇,,,0,,,admin_unmatched_or_ambiguous
9287,肇庆,罗董镇,大洞行政村,下诰村,肇庆市,罗董镇,,,0,,,admin_unmatched_or_ambiguous
9285,肇庆,罗董镇,大洞行政村,会龙圩村,肇庆市,罗董镇,,,0,,,admin_unmatched_or_ambiguous
9284,肇庆,罗董镇,大洞行政村,古贤诵村,肇庆市,罗董镇,,,0,,,admin_unmatched_or_ambiguous
9282,肇庆,罗董镇,大洞行政村,大窝口村,肇庆市,罗董镇,,,0,,,admin_unmatched_or_ambiguous
9281,肇庆,罗董镇,大洞行政村,大贡底村,肇庆市,罗董镇,,,0,,,admin_unmatched_or_ambiguous
9283,肇庆,罗董镇,大洞行政村,德可村,肇庆市,罗董镇,,,0,,,admin_unmatched_or_ambiguous
8737,肇庆,聘九市镇,洞寮行政村,寮车村,肇庆市,九市镇,,,0,,,admin_unmatched_or_ambiguous
8736,肇庆,聘九市镇,洞寮行政村,洞寮村,肇庆市,九市镇,,,0,,,admin_unmatched_or_ambiguous
16881,肇庆,莲花镇,大怖行政村,南田村,肇庆市,莲花镇,,,0,,,admin_unmatched_or_ambiguous
16880,肇庆,莲花镇,大怖行政村,大怖村,肇庆市,莲花镇,,,0,,,admin_unmatched_or_ambiguous
10048,肇庆,莲都镇,芬守行政村,三步村,肇庆市,连都镇,,,0,,,admin_unmatched_or_ambiguous
10045,肇庆,莲都镇,芬守行政村,义子村,肇庆市,连都镇,,,0,,,admin_unmatched_or_ambiguous
10046,肇庆,莲都镇,芬守行政村,古六口村,肇庆市,连都镇,,,0,,,admin_unmatched_or_ambiguous
10043,肇庆,莲都镇,芬守行政村,沙台村,肇庆市,连都镇,,,0,,,admin_unmatched_or_ambiguous
10042,肇庆,莲都镇,芬守行政村,芬守村,肇庆市,连都镇,,,0,,,admin_unmatched_or_ambiguous
10047,肇庆,莲都镇,芬守行政村,车儿村,肇庆市,连都镇,,,0,,,admin_unmatched_or_ambiguous
10044,肇庆,莲都镇,芬守行政村,车禾村,肇庆市,连都镇,,,0,,,admin_unmatched_or_ambiguous
12760,肇庆,蚬岗镇,蚬二行政村,蚬二村,肇庆市,蚬岗镇,,,0,,,admin_unmatched_or_ambiguous
12791,肇庆,蛟塘镇,塱下行政村,塱下村,肇庆市,蛟塘镇,,,0,,,admin_unmatched_or_ambiguous
12781,肇庆,蛟塘镇,大怖行政村,岐山村,肇庆市,蛟塘镇,,,0,,,admin_unmatched_or_ambiguous
12787,肇庆,蛟塘镇,高怖行政村,高布村,肇庆市,蛟塘镇,,,0,,,admin_unmatched_or_ambiguous
14988,肇庆,诗洞镇,健丰行政村,付洲村,肇庆市,诗洞镇,,,0,,,admin_unmatched_or_ambiguous
14987,肇庆,诗洞镇,健丰行政村,佛仔村,肇庆市,诗洞镇,,,0,,,admin_unmatched_or_ambiguous
14989,肇庆,诗洞镇,健丰行政村,古方平村,肇庆市,诗洞镇,,,0,,,admin_unmatched_or_ambiguous
14985,肇庆,诗洞镇,健丰行政村,大塘村,肇庆市,诗洞镇,,,0,,,admin_unmatched_or_ambiguous
14984,肇庆,诗洞镇,健丰行政村,大江村,肇庆市,诗洞镇,,,0,,,admin_unmatched_or_ambiguous
14992,肇庆,诗洞镇,健丰行政村,水足口村,肇庆市,诗洞镇,,,0,,,admin_unmatched_or_ambiguous
14986,肇庆,诗洞镇,健丰行政村,范屋村,肇庆市,诗洞镇,,,0,,,admin_unmatched_or_ambiguous
14990,肇庆,诗洞镇,健丰行政村,黄坭介村,肇庆市,诗洞镇,,,0,,,admin_unmatched_or_ambiguous
14991,肇庆,诗洞镇,健丰行政村,黄学塘村,肇庆市,诗洞镇,,,0,,,admin_unmatched_or_ambiguous
15096,肇庆,诗洞镇,实源行政村,上实村,肇庆市,诗洞镇,,,0,,,admin_unmatched_or_ambiguous
15097,肇庆,诗洞镇,实源行政村,天堂村,肇庆市,诗洞镇,,,0,,,admin_unmatched_or_ambiguous
15094,肇庆,诗洞镇,实源行政村,岑棉村,肇庆市,诗洞镇,,,0,,,admin_unmatched_or_ambiguous
15095,肇庆,诗洞镇,实源行政村,甘屋村,肇庆市,诗洞镇,,,0,,,admin_unmatched_or_ambiguous
15099,肇庆,诗洞镇,实源行政村,由援村,肇庆市,诗洞镇,,,0,,,admin_unmatched_or_ambiguous
15098,肇庆,诗洞镇,实源行政村,由胜村,肇庆市,诗洞镇,,,0,,,admin_unmatched_or_ambiguous
15061,肇庆,诗洞镇,龙凤行政村,六幼村,肇庆市,诗洞镇,,,0,,,admin_unmatched_or_ambiguous
15060,肇庆,诗洞镇,龙凤行政村,六榜村,肇庆市,诗洞镇,,,0,,,admin_unmatched_or_ambiguous
15054,肇庆,诗洞镇,龙凤行政村,凤苑村,肇庆市,诗洞镇,,,0,,,admin_unmatched_or_ambiguous
15053,肇庆,诗洞镇,龙凤行政村,凤袖村,肇庆市,诗洞镇,,,0,,,admin_unmatched_or_ambiguous
15052,肇庆,诗洞镇,龙凤行政村,凤角村,肇庆市,诗洞镇,,,0,,,admin_unmatched_or_ambiguous
15059,肇庆,诗洞镇,龙凤行政村,力竹村,肇庆市,诗洞镇,,,0,,,admin_unmatched_or_ambiguous
15056,肇庆,诗洞镇,龙凤行政村,加禁村,肇庆市,诗洞镇,,,0,,,admin_unmatched_or_ambiguous
15067,肇庆,诗洞镇,龙凤行政村,十二肖村,肇庆市,诗洞镇,,,0,,,admin_unmatched_or_ambiguous
15063,肇庆,诗洞镇,龙凤行政村,南吊村,肇庆市,诗洞镇,,,0,,,admin_unmatched_or_ambiguous
15068,肇庆,诗洞镇,龙凤行政村,双其村,肇庆市,诗洞镇,,,0,,,admin_unmatched_or_ambiguous
15065,肇庆,诗洞镇,龙凤行政村,善寨村,肇庆市,诗洞镇,,,0,,,admin_unmatched_or_ambiguous
15066,肇庆,诗洞镇,龙凤行政村,圣堂村,肇庆市,诗洞镇,,,0,,,admin_unmatched_or_ambiguous
15050,肇庆,诗洞镇,龙凤行政村,宝碌村,肇庆市,诗洞镇,,,0,,,admin_unmatched_or_ambiguous
15071,肇庆,诗洞镇,龙凤行政村,徐屋村,肇庆市,诗洞镇,,,0,,,admin_unmatched_or_ambiguous
15055,肇庆,诗洞镇,龙凤行政村,格化村,肇庆市,诗洞镇,,,0,,,admin_unmatched_or_ambiguous
15057,肇庆,诗洞镇,龙凤行政村,江咀村,肇庆市,诗洞镇,,,0,,,admin_unmatched_or_ambiguous
15051,肇庆,诗洞镇,龙凤行政村,沉沛村,肇庆市,诗洞镇,,,0,,,admin_unmatched_or_ambiguous
15064,肇庆,诗洞镇,龙凤行政村,确根村,肇庆市,诗洞镇,,,0,,,admin_unmatched_or_ambiguous
15070,肇庆,诗洞镇,龙凤行政村,西牛湾村,肇庆市,诗洞镇,,,0,,,admin_unmatched_or_ambiguous
15069,肇庆,诗洞镇,龙凤行政村,谭屋村,肇庆市,诗洞镇,,,0,,,admin_unmatched_or_ambiguous
15058,肇庆,诗洞镇,龙凤行政村,金榜村,肇庆市,诗洞镇,,,0,,,admin_unmatched_or_ambiguous
15062,肇庆,诗洞镇,龙凤行政村,马列村,肇庆市,诗洞镇,,,0,,,admin_unmatched_or_ambiguous
12077,肇庆,赤坑镇,旺洞行政村,下汕村,肇庆市,赤坑镇,,,0,,,admin_unmatched_or_ambiguous
12075,肇庆,赤坑镇,旺洞行政村,利更村,肇庆市,赤坑镇,,,0,,,admin_unmatched_or_ambiguous
12074,肇庆,赤坑镇,旺洞行政村,坑仔村,肇庆市,赤坑镇,,,0,,,admin_unmatched_or_ambiguous
12069,肇庆,赤坑镇,旺洞行政村,大寨村,肇庆市,赤坑镇,,,0,,,admin_unmatched_or_ambiguous
12076,肇庆,赤坑镇,旺洞行政村,屋地村,肇庆市,赤坑镇,,,0,,,admin_unmatched_or_ambiguous
12073,肇庆,赤坑镇,旺洞行政村,积庆村,肇庆市,赤坑镇,,,0,,,admin_unmatched_or_ambiguous
12071,肇庆,赤坑镇,旺洞行政村,贺田村,肇庆市,赤坑镇,,,0,,,admin_unmatched_or_ambiguous
12078,肇庆,赤坑镇,旺洞行政村,长肖村,肇庆市,赤坑镇,,,0,,,admin_unmatched_or_ambiguous
12070,肇庆,赤坑镇,旺洞行政村,高寨村,肇庆市,赤坑镇,,,0,,,admin_unmatched_or_ambiguous
12072,肇庆,赤坑镇,旺洞行政村,黄梅村,肇庆市,赤坑镇,,,0,,,admin_unmatched_or_ambiguous
10356,肇庆,都平镇,官诵行政村,上旺村,肇庆市,都平镇,,,0,,,admin_unmatched_or_ambiguous
10362,肇庆,都平镇,官诵行政村,冲人村,肇庆市,都平镇,,,0,,,admin_unmatched_or_ambiguous
10363,肇庆,都平镇,官诵行政村,大伐村,肇庆市,都平镇,,,0,,,admin_unmatched_or_ambiguous
10358,肇庆,都平镇,官诵行政村,官埔口村,肇庆市,都平镇,,,0,,,admin_unmatched_or_ambiguous
10357,肇庆,都平镇,官诵行政村,扶赖村,肇庆市,都平镇,,,0,,,admin_unmatched_or_ambiguous
10361,肇庆,都平镇,官诵行政村,盈田村,肇庆市,都平镇,,,0,,,admin_unmatched_or_ambiguous
10360,肇庆,都平镇,官诵行政村,石景村,肇庆市,都平镇,,,0,,,admin_unmatched_or_ambiguous
10355,肇庆,都平镇,官诵行政村,花谷村,肇庆市,都平镇,,,0,,,admin_unmatched_or_ambiguous
10359,肇庆,都平镇,官诵行政村,龙边村,肇庆市,都平镇,,,0,,,admin_unmatched_or_ambiguous
13687,肇庆,金利镇,小塱社区,榄洲二村,肇庆市,金利镇,,,0,,,admin_unmatched_or_ambiguous
13688,肇庆,金利镇,小塱社区,欧村,肇庆市,金利镇,,,0,,,admin_unmatched_or_ambiguous
13686,肇庆,金利镇,小塱社区,白塔村,肇庆市,金利镇,,,0,,,admin_unmatched_or_ambiguous
13689,肇庆,金利镇,小塱社区,长江村,肇庆市,金利镇,,,0,,,admin_unmatched_or_ambiguous
13709,肇庆,金利镇,珠江社区,下倚村,肇庆市,金利镇,,,0,,,admin_unmatched_or_ambiguous
13708,肇庆,金利镇,珠江社区,帽江村,肇庆市,金利镇,,,0,,,admin_unmatched_or_ambiguous
13707,肇庆,金利镇,珠江社区,锦江村,肇庆市,金利镇,,,0,,,admin_unmatched_or_ambiguous
12600,肇庆,金渡镇,大坑社区,大坑村,肇庆市,金渡镇,,,0,,,admin_unmatched_or_ambiguous
12601,肇庆,金渡镇,平怖社区,平埔村,肇庆市,金渡镇,,,0,,,admin_unmatched_or_ambiguous
12597,肇庆,金渡镇,耕沙社区,上沙村,肇庆市,金渡镇,,,0,,,admin_unmatched_or_ambiguous
12598,肇庆,金渡镇,耕沙社区,四合村,肇庆市,金渡镇,,,0,,,admin_unmatched_or_ambiguous
12596,肇庆,金渡镇,耕沙社区,耕沙村,肇庆市,金渡镇,,,0,,,admin_unmatched_or_ambiguous
14816,肇庆,闸岗镇,共和行政村,上罗村,肇庆市,闸岗镇,,,0,,,admin_unmatched_or_ambiguous
14809,肇庆,闸岗镇,共和行政村,何屋村,肇庆市,闸岗镇,,,0,,,admin_unmatched_or_ambiguous
14808,肇庆,闸岗镇,共和行政村,反塘村,肇庆市,闸岗镇,,,0,,,admin_unmatched_or_ambiguous
14811,肇庆,闸岗镇,共和行政村,君全村,肇庆市,闸岗镇,,,0,,,admin_unmatched_or_ambiguous
14807,肇庆,闸岗镇,共和行政村,墩头村,肇庆市,闸岗镇,,,0,,,admin_unmatched_or_ambiguous
14818,肇庆,闸岗镇,共和行政村,学斗村,肇庆市,闸岗镇,,,0,,,admin_unmatched_or_ambiguous
14812,肇庆,闸岗镇,共和行政村,来龙村,肇庆市,闸岗镇,,,0,,,admin_unmatched_or_ambiguous
14817,肇庆,闸岗镇,共和行政村,松柏村,肇庆市,闸岗镇,,,0,,,admin_unmatched_or_ambiguous
14813,肇庆,闸岗镇,共和行政村,榄岭村,肇庆市,闸岗镇,,,0,,,admin_unmatched_or_ambiguous
14815,肇庆,闸岗镇,共和行政村,罗妹村,肇庆市,闸岗镇,,,0,,,admin_unmatched_or_ambiguous
14814,肇庆,闸岗镇,共和行政村,罗斗村,肇庆市,闸岗镇,,,0,,,admin_unmatched_or_ambiguous
14806,肇庆,闸岗镇,共和行政村,邓屋村,肇庆市,闸岗镇,,,0,,,admin_unmatched_or_ambiguous
14810,肇庆,闸岗镇,共和行政村,黄姜村,肇庆市,闸岗镇,,,0,,,admin_unmatched_or_ambiguous
13883,肇庆,马宁镇,群龙行政村,大墩村,肇庆市,马宁镇,,,0,,,admin_unmatched_or_ambiguous
13885,肇庆,马宁镇,群龙行政村,马宁圩村,肇庆市,马宁镇,,,0,,,admin_unmatched_or_ambiguous
13884,肇庆,马宁镇,群龙行政村,高崑村,肇庆市,马宁镇,,,0,,,admin_unmatched_or_ambiguous
17053,肇庆,黄岗街道,三村社区,上黄岗村,肇庆市,端州区黄岗街道,,,0,,,admin_unmatched_or_ambiguous
17055,肇庆,黄岗街道,三村社区,卫村,肇庆市,端州区黄岗街道,,,0,,,admin_unmatched_or_ambiguous
17051,肇庆,黄岗街道,三村社区,坑边村,肇庆市,端州区黄岗街道,,,0,,,admin_unmatched_or_ambiguous
17054,肇庆,黄岗街道,三村社区,头村,肇庆市,端州区黄岗街道,,,0,,,admin_unmatched_or_ambiguous
17049,肇庆,黄岗街道,三村社区,岗边村,肇庆市,端州区黄岗街道,,,0,,,admin_unmatched_or_ambiguous
17050,肇庆,黄岗街道,三村社区,格布村,肇庆市,端州区黄岗街道,,,0,,,admin_unmatched_or_ambiguous
17052,肇庆,黄岗街道,三村社区,龙塘村,肇庆市,端州区黄岗街道,,,0,,,admin_unmatched_or_ambiguous
16999,肇庆,黄岗街道,下黄冈一社区,东禺村,肇庆市,端州区黄岗街道,,,0,,,admin_unmatched_or_ambiguous
16998,肇庆,黄岗街道,下黄冈一社区,白石村,肇庆市,端州区黄岗街道,,,0,,,admin_unmatched_or_ambiguous
17000,肇庆,黄岗街道,下黄冈二社区,宾日村,肇庆市,端州区黄岗街道,,,0,,,admin_unmatched_or_ambiguous
17001,肇庆,黄岗街道,下黄冈二社区,泰宁村,肇庆市,端州区黄岗街道,,,0,,,admin_unmatched_or_ambiguous
17002,肇庆,黄岗街道,下黄冈二社区,阜通村,肇庆市,端州区黄岗街道,,,0,,,admin_unmatched_or_ambiguous
17005,肇庆,黄岗街道,东岗社区,东岗村,肇庆市,端州区黄岗街道,,,0,,,admin_unmatched_or_ambiguous
17007,肇庆,黄岗街道,东岗社区,前村,肇庆市,端州区黄岗街道,,,0,,,admin_unmatched_or_ambiguous
17004,肇庆,黄岗街道,东岗社区,向阳村,肇庆市,端州区黄岗街道,,,0,,,admin_unmatched_or_ambiguous
17006,肇庆,黄岗街道,东岗社区,大塘面村,肇庆市,端州区黄岗街道,,,0,,,admin_unmatched_or_ambiguous
17008,肇庆,黄岗街道,东岗社区,大路田村,肇庆市,端州区黄岗街道,,,0,,,admin_unmatched_or_ambiguous
17036,肇庆,黄岗街道,兰龙社区,九山村,肇庆市,端州区黄岗街道,,,0,,,admin_unmatched_or_ambiguous
17038,肇庆,黄岗街道,兰龙社区,兰龙村,肇庆市,端州区黄岗街道,,,0,,,admin_unmatched_or_ambiguous
17037,肇庆,黄岗街道,兰龙社区,坑尾村,肇庆市,端州区黄岗街道,,,0,,,admin_unmatched_or_ambiguous
17034,肇庆,黄岗街道,兰龙社区,坳头村,肇庆市,端州区黄岗街道,,,0,,,admin_unmatched_or_ambiguous
17040,肇庆,黄岗街道,兰龙社区,山坳村,肇庆市,端州区黄岗街道,,,0,,,admin_unmatched_or_ambiguous
17039,肇庆,黄岗街道,兰龙社区,岭塘村,肇庆市,端州区黄岗街道,,,0,,,admin_unmatched_or_ambiguous
17035,肇庆,黄岗街道,兰龙社区,甘岭村,肇庆市,端州区黄岗街道,,,0,,,admin_unmatched_or_ambiguous
17041,肇庆,黄岗街道,兰龙社区,蛇尾村,肇庆市,端州区黄岗街道,,,0,,,admin_unmatched_or_ambiguous
17042,肇庆,黄岗街道,兰龙社区,镇南村,肇庆市,端州区黄岗街道,,,0,,,admin_unmatched_or_ambiguous
17014,肇庆,黄岗街道,大冲社区,坎脚村,肇庆市,端州区黄岗街道,,,0,,,admin_unmatched_or_ambiguous
17012,肇庆,黄岗街道,大冲社区,大冲村,肇庆市,端州区黄岗街道,,,0,,,admin_unmatched_or_ambiguous
17015,肇庆,黄岗街道,大冲社区,水基村,肇庆市,端州区黄岗街道,,,0,,,admin_unmatched_or_ambiguous
17016,肇庆,黄岗街道,大冲社区,金鸡村,肇庆市,端州区黄岗街道,,,0,,,admin_unmatched_or_ambiguous
17013,肇庆,黄岗街道,大冲社区,马头岗村,肇庆市,端州区黄岗街道,,,0,,,admin_unmatched_or_ambiguous
17017,肇庆,黄岗街道,大冲社区,鸡寮村,肇庆市,端州区黄岗街道,,,0,,,admin_unmatched_or_ambiguous
17029,肇庆,黄岗街道,大洲社区,云路村,肇庆市,端州区黄岗街道,,,0,,,admin_unmatched_or_ambiguous
17027,肇庆,黄岗街道,大洲社区,向东村,肇庆市,端州区黄岗街道,,,0,,,admin_unmatched_or_ambiguous
17030,肇庆,黄岗街道,大洲社区,向南村,肇庆市,端州区黄岗街道,,,0,,,admin_unmatched_or_ambiguous
17028,肇庆,黄岗街道,大洲社区,向西村,肇庆市,端州区黄岗街道,,,0,,,admin_unmatched_or_ambiguous
17025,肇庆,黄岗街道,大洲社区,森村,肇庆市,端州区黄岗街道,,,0,,,admin_unmatched_or_ambiguous
17026,肇庆,黄岗街道,大洲社区,沙堆村,肇庆市,端州区黄岗街道,,,0,,,admin_unmatched_or_ambiguous
16991,肇庆,黄岗街道,沙湖社区,元咀村,肇庆市,端州区黄岗街道,,,0,,,admin_unmatched_or_ambiguous
16995,肇庆,黄岗街道,沙湖社区,凤岗村,肇庆市,端州区黄岗街道,,,0,,,admin_unmatched_or_ambiguous
16997,肇庆,黄岗街道,沙湖社区,带村,肇庆市,端州区黄岗街道,,,0,,,admin_unmatched_or_ambiguous
16993,肇庆,黄岗街道,沙湖社区,格塘村,肇庆市,端州区黄岗街道,,,0,,,admin_unmatched_or_ambiguous
16992,肇庆,黄岗街道,沙湖社区,沙头村,肇庆市,端州区黄岗街道,,,0,,,admin_unmatched_or_ambiguous
16994,肇庆,黄岗街道,沙湖社区,沙湖村,肇庆市,端州区黄岗街道,,,0,,,admin_unmatched_or_ambiguous
16996,肇庆,黄岗街道,沙湖社区,黄龙岗村,肇庆市,端州区黄岗街道,,,0,,,admin_unmatched_or_ambiguous
16987,肇庆,黄岗街道,河旁社区,岗头村,肇庆市,端州区黄岗街道,,,0,,,admin_unmatched_or_ambiguous
16988,肇庆,黄岗街道,河旁社区,岗尾村,肇庆市,端州区黄岗街道,,,0,,,admin_unmatched_or_ambiguous
16989,肇庆,黄岗街道,河旁社区,沙埽村,肇庆市,端州区黄岗街道,,,0,,,admin_unmatched_or_ambiguous
16986,肇庆,黄岗街道,河旁社区,河旁村,肇庆市,端州区黄岗街道,,,0,,,admin_unmatched_or_ambiguous
16990,肇庆,黄岗街道,河旁社区,长湖村,肇庆市,端州区黄岗街道,,,0,,,admin_unmatched_or_ambiguous
17045,肇庆,黄岗街道,睦岗社区,上园村,肇庆市,端州区黄岗街道,,,0,,,admin_unmatched_or_ambiguous
17043,肇庆,黄岗街道,睦岗社区,上龙塘村,肇庆市,端州区黄岗街道,,,0,,,admin_unmatched_or_ambiguous
17047,肇庆,黄岗街道,睦岗社区,棠美村,肇庆市,端州区黄岗街道,,,0,,,admin_unmatched_or_ambiguous
17046,肇庆,黄岗街道,睦岗社区,水松根村,肇庆市,端州区黄岗街道,,,0,,,admin_unmatched_or_ambiguous
17048,肇庆,黄岗街道,睦岗社区,湾头村,肇庆市,端州区黄岗街道,,,0,,,admin_unmatched_or_ambiguous
17044,肇庆,黄岗街道,睦岗社区,睦岗村,肇庆市,端州区黄岗街道,,,0,,,admin_unmatched_or_ambiguous
17023,肇庆,黄岗街道,睦岗街道大龙社区,下坑村,肇庆市,端州区黄岗街道,,,0,,,admin_unmatched_or_ambiguous
17020,肇庆,黄岗街道,睦岗街道大龙社区,塱心村,肇庆市,端州区黄岗街道,,,0,,,admin_unmatched_or_ambiguous
17022,肇庆,黄岗街道,睦岗街道大龙社区,外迳村,肇庆市,端州区黄岗街道,,,0,,,admin_unmatched_or_ambiguous
17018,肇庆,黄岗街道,睦岗街道大龙社区,大龙村,肇庆市,端州区黄岗街道,,,0,,,admin_unmatched_or_ambiguous
17021,肇庆,黄岗街道,睦岗街道大龙社区,山寺村,肇庆市,端州区黄岗街道,,,0,,,admin_unmatched_or_ambiguous
17019,肇庆,黄岗街道,睦岗街道大龙社区,岗咀村,肇庆市,端州区黄岗街道,,,0,,,admin_unmatched_or_ambiguous
17024,肇庆,黄岗街道,睦岗街道大龙社区,新村,肇庆市,端州区黄岗街道,,,0,,,admin_unmatched_or_ambiguous
17011,肇庆,黄岗街道,石牌社区,仕贤村,肇庆市,端州区黄岗街道,,,0,,,admin_unmatched_or_ambiguous
17009,肇庆,黄岗街道,石牌社区,大坪村,肇庆市,端州区黄岗街道,,,0,,,admin_unmatched_or_ambiguous
17010,肇庆,黄岗街道,石牌社区,新村,肇庆市,端州区黄岗街道,,,0,,,admin_unmatched_or_ambiguous
17003,肇庆,黄岗街道,蓝塘社区,蓝塘村,肇庆市,端州区黄岗街道,,,0,,,admin_unmatched_or_ambiguous
17033,肇庆,黄岗街道,蕉园社区,外坑村,肇庆市,端州区黄岗街道,,,0,,,admin_unmatched_or_ambiguous
17032,肇庆,黄岗街道,蕉园社区,蕉园村,肇庆市,端州区黄岗街道,,,0,,,admin_unmatched_or_ambiguous
17031,肇庆,黄岗街道,蕉园社区,黄茅岗村,肇庆市,端州区黄岗街道,,,0,,,admin_unmatched_or_ambiguous
15696,肇庆,黄田镇,黎崑行政村,住山村,肇庆市,黄田镇,,,0,,,admin_unmatched_or_ambiguous
15692,肇庆,黄田镇,黎崑行政村,大迳村,肇庆市,黄田镇,,,0,,,admin_unmatched_or_ambiguous
15695,肇庆,黄田镇,黎崑行政村,新寨村,肇庆市,黄田镇,,,0,,,admin_unmatched_or_ambiguous
15694,肇庆,黄田镇,黎崑行政村,石脚村,肇庆市,黄田镇,,,0,,,admin_unmatched_or_ambiguous
15693,肇庆,黄田镇,黎崑行政村,高崑村,肇庆市,黄田镇,,,0,,,admin_unmatched_or_ambiguous
47886,茂名,七迳镇,园南社区,园南新村,茂名市,七迳镇,,,0,,,admin_unmatched_or_ambiguous
47788,茂名,七迳镇,马鹿行政村,官祖湾村,茂名市,七迳镇,,,0,,,admin_unmatched_or_ambiguous
47793,茂名,七迳镇,马鹿行政村,木棉洋村,茂名市,七迳镇,,,0,,,admin_unmatched_or_ambiguous
47790,茂名,七迳镇,马鹿行政村,楼层村,茂名市,七迳镇,,,0,,,admin_unmatched_or_ambiguous
47789,茂名,七迳镇,马鹿行政村,河田村,茂名市,七迳镇,,,0,,,admin_unmatched_or_ambiguous
54808,茂名,七迳镇,马鹿行政村,糖寮岭村,茂名市,七迳镇,,,0,,,admin_unmatched_or_ambiguous
47791,茂名,七迳镇,马鹿行政村,罗乾村,茂名市,七迳镇,,,0,,,admin_unmatched_or_ambiguous
47787,茂名,七迳镇,马鹿行政村,赤兰山村,茂名市,七迳镇,,,0,,,admin_unmatched_or_ambiguous
47794,茂名,七迳镇,马鹿行政村,长秋梁村,茂名市,七迳镇,,,0,,,admin_unmatched_or_ambiguous
47792,茂名,七迳镇,马鹿行政村,马鹿村,茂名市,七迳镇,,,0,,,admin_unmatched_or_ambiguous
53338,茂名,东山街道,上坡行政村,上坡村,茂名市,东山街道,,,0,,,admin_unmatched_or_ambiguous
53336,茂名,东山街道,上坡行政村,下坡村,茂名市,东山街道,,,0,,,admin_unmatched_or_ambiguous
53340,茂名,东山街道,上坡行政村,中间垌村,茂名市,东山街道,,,0,,,admin_unmatched_or_ambiguous
53339,茂名,东山街道,上坡行政村,塘口村,茂名市,东山街道,,,0,,,admin_unmatched_or_ambiguous
53337,茂名,东山街道,上坡行政村,山茄村,茂名市,东山街道,,,0,,,admin_unmatched_or_ambiguous
53341,茂名,东山街道,上坡行政村,竹儿根村,茂名市,东山街道,,,0,,,admin_unmatched_or_ambiguous
53344,茂名,东山街道,上街社区,上水尾村,茂名市,东山街道,,,0,,,admin_unmatched_or_ambiguous
53345,茂名,东山街道,上街社区,下塘尾村,茂名市,东山街道,,,0,,,admin_unmatched_or_ambiguous
53343,茂名,东山街道,上街社区,东岸村,茂名市,东山街道,,,0,,,admin_unmatched_or_ambiguous
53347,茂名,东山街道,下街社区,下水尾村,茂名市,东山街道,,,0,,,admin_unmatched_or_ambiguous
53346,茂名,东山街道,下街社区,大东山村,茂名市,东山街道,,,0,,,admin_unmatched_or_ambiguous
53348,茂名,东山街道,下街社区,小东山村,茂名市,东山街道,,,0,,,admin_unmatched_or_ambiguous
53342,茂名,东山街道,站前社区,上塘尾村,茂名市,东山街道,,,0,,,admin_unmatched_or_ambiguous
52059,茂名,东岸镇,方桐行政村,仁山村,茂名市,东岸镇,,,0,,,admin_unmatched_or_ambiguous
52058,茂名,东岸镇,方桐行政村,介板村,茂名市,东岸镇,,,0,,,admin_unmatched_or_ambiguous
52061,茂名,东岸镇,方桐行政村,元二村,茂名市,东岸镇,,,0,,,admin_unmatched_or_ambiguous
52054,茂名,东岸镇,方桐行政村,单桐村,茂名市,东岸镇,,,0,,,admin_unmatched_or_ambiguous
52053,茂名,东岸镇,方桐行政村,大村,茂名市,东岸镇,,,0,,,admin_unmatched_or_ambiguous
52052,茂名,东岸镇,方桐行政村,大陂村,茂名市,东岸镇,,,0,,,admin_unmatched_or_ambiguous
52055,茂名,东岸镇,方桐行政村,打箩村,茂名市,东岸镇,,,0,,,admin_unmatched_or_ambiguous
52056,茂名,东岸镇,方桐行政村,方一村,茂名市,东岸镇,,,0,,,admin_unmatched_or_ambiguous
52057,茂名,东岸镇,方桐行政村,方二村,茂名市,东岸镇,,,0,,,admin_unmatched_or_ambiguous
52060,茂名,东岸镇,方桐行政村,水简村,茂名市,东岸镇,,,0,,,admin_unmatched_or_ambiguous
52062,茂名,东岸镇,方桐行政村,长三村,茂名市,东岸镇,,,0,,,admin_unmatched_or_ambiguous
52080,茂名,东岸镇,河朗坡行政村,东岸村,茂名市,东岸镇,,,0,,,admin_unmatched_or_ambiguous
52084,茂名,东岸镇,河朗坡行政村,中间桐村,茂名市,东岸镇,,,0,,,admin_unmatched_or_ambiguous
52082,茂名,东岸镇,河朗坡行政村,利铁村,茂名市,东岸镇,,,0,,,admin_unmatched_or_ambiguous
52083,茂名,东岸镇,河朗坡行政村,山脚村,茂名市,东岸镇,,,0,,,admin_unmatched_or_ambiguous
52081,茂名,东岸镇,河朗坡行政村,河朗坡村,茂名市,东岸镇,,,0,,,admin_unmatched_or_ambiguous
54919,茂名,东岸镇,河朗坡行政村,长田村,茂名市,东岸镇,,,0,,,admin_unmatched_or_ambiguous
53629,茂名,中桐镇,中桐社区,三家店村,茂名市,中垌镇,,,0,,,admin_unmatched_or_ambiguous
53627,茂名,中桐镇,中桐社区,塘坦村,茂名市,中垌镇,,,0,,,admin_unmatched_or_ambiguous
53625,茂名,中桐镇,中桐社区,洗脚塘村,茂名市,中垌镇,,,0,,,admin_unmatched_or_ambiguous
53626,茂名,中桐镇,中桐社区,牛角龙村,茂名市,中垌镇,,,0,,,admin_unmatched_or_ambiguous
53628,茂名,中桐镇,中桐社区,西门坡村,茂名市,中垌镇,,,0,,,admin_unmatched_or_ambiguous
49418,茂名,云潭镇,平桐行政村,书房屋村,茂名市,云潭镇,,,0,,,admin_unmatched_or_ambiguous
49409,茂名,云潭镇,平桐行政村,勒竹园村,茂名市,云潭镇,,,0,,,admin_unmatched_or_ambiguous
49400,茂名,云潭镇,平桐行政村,大塘村,茂名市,云潭镇,,,0,,,admin_unmatched_or_ambiguous
49419,茂名,云潭镇,平桐行政村,太阳面村,茂名市,云潭镇,,,0,,,admin_unmatched_or_ambiguous
49406,茂名,云潭镇,平桐行政村,夹胫村,茂名市,云潭镇,,,0,,,admin_unmatched_or_ambiguous
49401,茂名,云潭镇,平桐行政村,官桐村,茂名市,云潭镇,,,0,,,admin_unmatched_or_ambiguous
49415,茂名,云潭镇,平桐行政村,山坪村,茂名市,云潭镇,,,0,,,admin_unmatched_or_ambiguous
49416,茂名,云潭镇,平桐行政村,山塘村,茂名市,云潭镇,,,0,,,admin_unmatched_or_ambiguous
49402,茂名,云潭镇,平桐行政村,旱田角村,茂名市,云潭镇,,,0,,,admin_unmatched_or_ambiguous
49411,茂名,云潭镇,平桐行政村,木子桐村,茂名市,云潭镇,,,0,,,admin_unmatched_or_ambiguous
49410,茂名,云潭镇,平桐行政村,木山尾村,茂名市,云潭镇,,,0,,,admin_unmatched_or_ambiguous
49417,茂名,云潭镇,平桐行政村,杉木地村,茂名市,云潭镇,,,0,,,admin_unmatched_or_ambiguous
49413,茂名,云潭镇,平桐行政村,榕木坡村,茂名市,云潭镇,,,0,,,admin_unmatched_or_ambiguous
49414,茂名,云潭镇,平桐行政村,沙田村,茂名市,云潭镇,,,0,,,admin_unmatched_or_ambiguous
49421,茂名,云潭镇,平桐行政村,油桁村,茂名市,云潭镇,,,0,,,admin_unmatched_or_ambiguous
49420,茂名,云潭镇,平桐行政村,湾角村,茂名市,云潭镇,,,0,,,admin_unmatched_or_ambiguous
49404,茂名,云潭镇,平桐行政村,滑石河村,茂名市,云潭镇,,,0,,,admin_unmatched_or_ambiguous
49403,茂名,云潭镇,平桐行政村,禾塘墩村,茂名市,云潭镇,,,0,,,admin_unmatched_or_ambiguous
49408,茂名,云潭镇,平桐行政村,老屋村,茂名市,云潭镇,,,0,,,admin_unmatched_or_ambiguous
49407,茂名,云潭镇,平桐行政村,蕉园村,茂名市,云潭镇,,,0,,,admin_unmatched_or_ambiguous
49412,茂名,云潭镇,平桐行政村,铺垌村,茂名市,云潭镇,,,0,,,admin_unmatched_or_ambiguous
49405,茂名,云潭镇,平桐行政村,黄竹桥村,茂名市,云潭镇,,,0,,,admin_unmatched_or_ambiguous
49399,茂名,云潭镇,河琅行政村,严水桐村,茂名市,云潭镇,,,0,,,admin_unmatched_or_ambiguous
49389,茂名,云潭镇,河琅行政村,冲口村,茂名市,云潭镇,,,0,,,admin_unmatched_or_ambiguous
49398,茂名,云潭镇,河琅行政村,垃垌村,茂名市,云潭镇,,,0,,,admin_unmatched_or_ambiguous
49395,茂名,云潭镇,河琅行政村,山仔尾村,茂名市,云潭镇,,,0,,,admin_unmatched_or_ambiguous
49394,茂名,云潭镇,河琅行政村,岭脚村,茂名市,云潭镇,,,0,,,admin_unmatched_or_ambiguous
49391,茂名,云潭镇,河琅行政村,旧屋垌村,茂名市,云潭镇,,,0,,,admin_unmatched_or_ambiguous
49397,茂名,云潭镇,河琅行政村,王坑村,茂名市,云潭镇,,,0,,,admin_unmatched_or_ambiguous
49396,茂名,云潭镇,河琅行政村,石古桐村,茂名市,云潭镇,,,0,,,admin_unmatched_or_ambiguous
49392,茂名,云潭镇,河琅行政村,荔枝坑村,茂名市,云潭镇,,,0,,,admin_unmatched_or_ambiguous
49393,茂名,云潭镇,河琅行政村,荔枝田村,茂名市,云潭镇,,,0,,,admin_unmatched_or_ambiguous
54849,茂名,云潭镇,河琅行政村,高坡村,茂名市,云潭镇,,,0,,,admin_unmatched_or_ambiguous
49390,茂名,云潭镇,河琅行政村,高坡桐村,茂名市,云潭镇,,,0,,,admin_unmatched_or_ambiguous
59652,茂名,全大成镇,埔尾行政村,三座屋村,茂名市,大成镇,,,0,,,admin_unmatched_or_ambiguous
59648,茂名,全大成镇,埔尾行政村,丰树排村,茂名市,大成镇,,,0,,,admin_unmatched_or_ambiguous
59650,茂名,全大成镇,埔尾行政村,合水口村,茂名市,大成镇,,,0,,,admin_unmatched_or_ambiguous
59647,茂名,全大成镇,埔尾行政村,大新屋村,茂名市,大成镇,,,0,,,admin_unmatched_or_ambiguous
59646,茂名,全大成镇,埔尾行政村,大田村,茂名市,大成镇,,,0,,,admin_unmatched_or_ambiguous
59653,茂名,全大成镇,埔尾行政村,杉木坑村,茂名市,大成镇,,,0,,,admin_unmatched_or_ambiguous
59651,茂名,全大成镇,埔尾行政村,横岗垌村,茂名市,大成镇,,,0,,,admin_unmatched_or_ambiguous
59654,茂名,全大成镇,埔尾行政村,石屋村,茂名市,大成镇,,,0,,,admin_unmatched_or_ambiguous
59649,茂名,全大成镇,埔尾行政村,高田垌村,茂名市,大成镇,,,0,,,admin_unmatched_or_ambiguous
59691,茂名,全大成镇,塘坳行政村,坑尾村,茂名市,大成镇,,,0,,,admin_unmatched_or_ambiguous
59686,茂名,全大成镇,塘坳行政村,坳背村,茂名市,大成镇,,,0,,,admin_unmatched_or_ambiguous
59689,茂名,全大成镇,塘坳行政村,垌头田村,茂名市,大成镇,,,0,,,admin_unmatched_or_ambiguous
59690,茂名,全大成镇,塘坳行政村,垌心村,茂名市,大成镇,,,0,,,admin_unmatched_or_ambiguous
59688,茂名,全大成镇,塘坳行政村,大水坑村,茂名市,大成镇,,,0,,,admin_unmatched_or_ambiguous
59697,茂名,全大成镇,塘坳行政村,屋背埔村,茂名市,大成镇,,,0,,,admin_unmatched_or_ambiguous
59692,茂名,全大成镇,塘坳行政村,岭脚村,茂名市,大成镇,,,0,,,admin_unmatched_or_ambiguous
59693,茂名,全大成镇,塘坳行政村,庙北村,茂名市,大成镇,,,0,,,admin_unmatched_or_ambiguous
59695,茂名,全大成镇,塘坳行政村,沙塘坪村,茂名市,大成镇,,,0,,,admin_unmatched_or_ambiguous
59687,茂名,全大成镇,塘坳行政村,白水带村,茂名市,大成镇,,,0,,,admin_unmatched_or_ambiguous
59696,茂名,全大成镇,塘坳行政村,石埔尾村,茂名市,大成镇,,,0,,,admin_unmatched_or_ambiguous
59694,茂名,全大成镇,塘坳行政村,芹菜塘村,茂名市,大成镇,,,0,,,admin_unmatched_or_ambiguous
59610,茂名,全大成镇,水美行政村,坡脚村,茂名市,大成镇,,,0,,,admin_unmatched_or_ambiguous
59611,茂名,全大成镇,水美行政村,塘面村,茂名市,大成镇,,,0,,,admin_unmatched_or_ambiguous
59608,茂名,全大成镇,水美行政村,大坪村,茂名市,大成镇,,,0,,,admin_unmatched_or_ambiguous
59609,茂名,全大成镇,水美行政村,平寨村,茂名市,大成镇,,,0,,,admin_unmatched_or_ambiguous
59607,茂名,全大成镇,水美行政村,茶亭村,茂名市,大成镇,,,0,,,admin_unmatched_or_ambiguous
59641,茂名,全大成镇,禄豪行政村,三升米村,茂名市,大成镇,,,0,,,admin_unmatched_or_ambiguous
59638,茂名,全大成镇,禄豪行政村,大塘头村,茂名市,大成镇,,,0,,,admin_unmatched_or_ambiguous
59642,茂名,全大成镇,禄豪行政村,山塘村,茂名市,大成镇,,,0,,,admin_unmatched_or_ambiguous
59639,茂名,全大成镇,禄豪行政村,桐心村,茂名市,大成镇,,,0,,,admin_unmatched_or_ambiguous
59645,茂名,全大成镇,禄豪行政村,湾角村,茂名市,大成镇,,,0,,,admin_unmatched_or_ambiguous
59644,茂名,全大成镇,禄豪行政村,瓦塘村,茂名市,大成镇,,,0,,,admin_unmatched_or_ambiguous
59643,茂名,全大成镇,禄豪行政村,石古下村,茂名市,大成镇,,,0,,,admin_unmatched_or_ambiguous
59637,茂名,全大成镇,禄豪行政村,茶山村,茂名市,大成镇,,,0,,,admin_unmatched_or_ambiguous
59640,茂名,全大成镇,禄豪行政村,高山村,茂名市,大成镇,,,0,,,admin_unmatched_or_ambiguous
45309,茂名,全粤沙琅镇,堂砥行政村,书房园村,茂名市,沙琅镇,,,0,,,admin_unmatched_or_ambiguous
45293,茂名,全粤沙琅镇,堂砥行政村,公厅村,茂名市,沙琅镇,,,0,,,admin_unmatched_or_ambiguous
45321,茂名,全粤沙琅镇,堂砥行政村,圳背村,茂名市,沙琅镇,,,0,,,admin_unmatched_or_ambiguous
45306,茂名,全粤沙琅镇,堂砥行政村,坡新村,茂名市,沙琅镇,,,0,,,admin_unmatched_or_ambiguous
45305,茂名,全粤沙琅镇,堂砥行政村,坡水头村,茂名市,沙琅镇,,,0,,,admin_unmatched_or_ambiguous
45313,茂名,全粤沙琅镇,堂砥行政村,塘寮村,茂名市,沙琅镇,,,0,,,admin_unmatched_or_ambiguous
45314,茂名,全粤沙琅镇,堂砥行政村,塘尾村,茂名市,沙琅镇,,,0,,,admin_unmatched_or_ambiguous
45312,茂名,全粤沙琅镇,堂砥行政村,塘角仔村,茂名市,沙琅镇,,,0,,,admin_unmatched_or_ambiguous
45311,茂名,全粤沙琅镇,堂砥行政村,塘角山村,茂名市,沙琅镇,,,0,,,admin_unmatched_or_ambiguous
45292,茂名,全粤沙琅镇,堂砥行政村,墩仔塘村,茂名市,沙琅镇,,,0,,,admin_unmatched_or_ambiguous
45290,茂名,全粤沙琅镇,堂砥行政村,大塘面村,茂名市,沙琅镇,,,0,,,admin_unmatched_or_ambiguous
45291,茂名,全粤沙琅镇,堂砥行政村,大秧地村,茂名市,沙琅镇,,,0,,,admin_unmatched_or_ambiguous
45289,茂名,全粤沙琅镇,堂砥行政村,大马树村,茂名市,沙琅镇,,,0,,,admin_unmatched_or_ambiguous
45316,茂名,全粤沙琅镇,堂砥行政村,新屋村,茂名市,沙琅镇,,,0,,,admin_unmatched_or_ambiguous
45319,茂名,全粤沙琅镇,堂砥行政村,月朗口村,茂名市,沙琅镇,,,0,,,admin_unmatched_or_ambiguous
45299,茂名,全粤沙琅镇,堂砥行政村,林东村,茂名市,沙琅镇,,,0,,,admin_unmatched_or_ambiguous
45300,茂名,全粤沙琅镇,堂砥行政村,林西村,茂名市,沙琅镇,,,0,,,admin_unmatched_or_ambiguous
45295,茂名,全粤沙琅镇,堂砥行政村,果仔园村,茂名市,沙琅镇,,,0,,,admin_unmatched_or_ambiguous
45294,茂名,全粤沙琅镇,堂砥行政村,果新村,茂名市,沙琅镇,,,0,,,admin_unmatched_or_ambiguous
45307,茂名,全粤沙琅镇,堂砥行政村,沙地角村,茂名市,沙琅镇,,,0,,,admin_unmatched_or_ambiguous
45318,茂名,全粤沙琅镇,堂砥行政村,油行村,茂名市,沙琅镇,,,0,,,admin_unmatched_or_ambiguous
45310,茂名,全粤沙琅镇,堂砥行政村,潭琅村,茂名市,沙琅镇,,,0,,,admin_unmatched_or_ambiguous
45303,茂名,全粤沙琅镇,堂砥行政村,牛照岭东村,茂名市,沙琅镇,,,0,,,admin_unmatched_or_ambiguous
45304,茂名,全粤沙琅镇,堂砥行政村,牛照岭西村,茂名市,沙琅镇,,,0,,,admin_unmatched_or_ambiguous
45298,茂名,全粤沙琅镇,堂砥行政村,犁头咀村,茂名市,沙琅镇,,,0,,,admin_unmatched_or_ambiguous
45308,茂名,全粤沙琅镇,堂砥行政村,生马村,茂名市,沙琅镇,,,0,,,admin_unmatched_or_ambiguous
45288,茂名,全粤沙琅镇,堂砥行政村,碰田仔村,茂名市,沙琅镇,,,0,,,admin_unmatched_or_ambiguous
45315,茂名,全粤沙琅镇,堂砥行政村,窝仔村,茂名市,沙琅镇,,,0,,,admin_unmatched_or_ambiguous
45297,茂名,全粤沙琅镇,堂砥行政村,老塘村,茂名市,沙琅镇,,,0,,,admin_unmatched_or_ambiguous
45302,茂名,全粤沙琅镇,堂砥行政村,茅岭一村,茂名市,沙琅镇,,,0,,,admin_unmatched_or_ambiguous
45301,茂名,全粤沙琅镇,堂砥行政村,茅岭二村,茂名市,沙琅镇,,,0,,,admin_unmatched_or_ambiguous
45296,茂名,全粤沙琅镇,堂砥行政村,酒饼铺村,茂名市,沙琅镇,,,0,,,admin_unmatched_or_ambiguous
45320,茂名,全粤沙琅镇,堂砥行政村,长岗岭村,茂名市,沙琅镇,,,0,,,admin_unmatched_or_ambiguous
45317,茂名,全粤沙琅镇,堂砥行政村,鸭仔塘村,茂名市,沙琅镇,,,0,,,admin_unmatched_or_ambiguous
45070,茂名,全粤沙琅镇,大塘行政村,上龙坡村,茂名市,沙琅镇,,,0,,,admin_unmatched_or_ambiguous
45074,茂名,全粤沙琅镇,大塘行政村,下路岭村,茂名市,沙琅镇,,,0,,,admin_unmatched_or_ambiguous
45075,茂名,全粤沙琅镇,大塘行政村,仙桃园村,茂名市,沙琅镇,,,0,,,admin_unmatched_or_ambiguous
45072,茂名,全粤沙琅镇,大塘行政村,吐龙庄村,茂名市,沙琅镇,,,0,,,admin_unmatched_or_ambiguous
45077,茂名,全粤沙琅镇,大塘行政村,大坪园村,茂名市,沙琅镇,,,0,,,admin_unmatched_or_ambiguous
54764,茂名,全粤沙琅镇,大塘行政村,横江仔村,茂名市,沙琅镇,,,0,,,admin_unmatched_or_ambiguous
45071,茂名,全粤沙琅镇,大塘行政村,水花东村,茂名市,沙琅镇,,,0,,,admin_unmatched_or_ambiguous
54765,茂名,全粤沙琅镇,大塘行政村,水花桐村,茂名市,沙琅镇,,,0,,,admin_unmatched_or_ambiguous
45068,茂名,全粤沙琅镇,大塘行政村,白坟塘村,茂名市,沙琅镇,,,0,,,admin_unmatched_or_ambiguous
45073,茂名,全粤沙琅镇,大塘行政村,窝仔角村,茂名市,沙琅镇,,,0,,,admin_unmatched_or_ambiguous
45076,茂名,全粤沙琅镇,大塘行政村,竹园村,茂名市,沙琅镇,,,0,,,admin_unmatched_or_ambiguous
45069,茂名,全粤沙琅镇,大塘行政村,过水田村,茂名市,沙琅镇,,,0,,,admin_unmatched_or_ambiguous
45179,茂名,全粤沙琅镇,琅西行政村,上坪坡村,茂名市,沙琅镇,,,0,,,admin_unmatched_or_ambiguous
45178,茂名,全粤沙琅镇,琅西行政村,上黄垌山村,茂名市,沙琅镇,,,0,,,admin_unmatched_or_ambiguous
45185,茂名,全粤沙琅镇,琅西行政村,下坪坡村,茂名市,沙琅镇,,,0,,,admin_unmatched_or_ambiguous
45186,茂名,全粤沙琅镇,琅西行政村,下山村,茂名市,沙琅镇,,,0,,,admin_unmatched_or_ambiguous
45184,茂名,全粤沙琅镇,琅西行政村,下黄垌山村,茂名市,沙琅镇,,,0,,,admin_unmatched_or_ambiguous
45187,茂名,全粤沙琅镇,琅西行政村,业村,茂名市,沙琅镇,,,0,,,admin_unmatched_or_ambiguous
45183,茂名,全粤沙琅镇,琅西行政村,乌坭田村,茂名市,沙琅镇,,,0,,,admin_unmatched_or_ambiguous
45175,茂名,全粤沙琅镇,琅西行政村,凉水井村,茂名市,沙琅镇,,,0,,,admin_unmatched_or_ambiguous
45181,茂名,全粤沙琅镇,琅西行政村,双岭村,茂名市,沙琅镇,,,0,,,admin_unmatched_or_ambiguous
45171,茂名,全粤沙琅镇,琅西行政村,合岭村,茂名市,沙琅镇,,,0,,,admin_unmatched_or_ambiguous
45173,茂名,全粤沙琅镇,琅西行政村,坑仔塘村,茂名市,沙琅镇,,,0,,,admin_unmatched_or_ambiguous
45182,茂名,全粤沙琅镇,琅西行政村,天城堡村,茂名市,沙琅镇,,,0,,,admin_unmatched_or_ambiguous
54767,茂名,全粤沙琅镇,琅西行政村,木头塘九队村,茂名市,沙琅镇,,,0,,,admin_unmatched_or_ambiguous
45177,茂名,全粤沙琅镇,琅西行政村,木头塘十一队村,茂名市,沙琅镇,,,0,,,admin_unmatched_or_ambiguous
45176,茂名,全粤沙琅镇,琅西行政村,木头塘十队村,茂名市,沙琅镇,,,0,,,admin_unmatched_or_ambiguous
45180,茂名,全粤沙琅镇,琅西行政村,狮子岭村,茂名市,沙琅镇,,,0,,,admin_unmatched_or_ambiguous
45174,茂名,全粤沙琅镇,琅西行政村,蓝家堡村,茂名市,沙琅镇,,,0,,,admin_unmatched_or_ambiguous
45170,茂名,全粤沙琅镇,琅西行政村,高岭脚村,茂名市,沙琅镇,,,0,,,admin_unmatched_or_ambiguous
45172,茂名,全粤沙琅镇,琅西行政村,黄垌村,茂名市,沙琅镇,,,0,,,admin_unmatched_or_ambiguous
45281,茂名,全粤沙琅镇,谭儒行政村,上河角村,茂名市,沙琅镇,,,0,,,admin_unmatched_or_ambiguous
45286,茂名,全粤沙琅镇,谭儒行政村,下河角村,茂名市,沙琅镇,,,0,,,admin_unmatched_or_ambiguous
45274,茂名,全粤沙琅镇,谭儒行政村,共和村,茂名市,沙琅镇,,,0,,,admin_unmatched_or_ambiguous
45275,茂名,全粤沙琅镇,谭儒行政村,华兰仔村,茂名市,沙琅镇,,,0,,,admin_unmatched_or_ambiguous
45279,茂名,全粤沙琅镇,谭儒行政村,南华村,茂名市,沙琅镇,,,0,,,admin_unmatched_or_ambiguous
45277,茂名,全粤沙琅镇,谭儒行政村,吉仔坡村,茂名市,沙琅镇,,,0,,,admin_unmatched_or_ambiguous
45276,茂名,全粤沙琅镇,谭儒行政村,吉仔渡村,茂名市,沙琅镇,,,0,,,admin_unmatched_or_ambiguous
45280,茂名,全粤沙琅镇,谭儒行政村,山尾村,茂名市,沙琅镇,,,0,,,admin_unmatched_or_ambiguous
45282,茂名,全粤沙琅镇,谭儒行政村,深田村,茂名市,沙琅镇,,,0,,,admin_unmatched_or_ambiguous
45273,茂名,全粤沙琅镇,谭儒行政村,番交麻村,茂名市,沙琅镇,,,0,,,admin_unmatched_or_ambiguous
45287,茂名,全粤沙琅镇,谭儒行政村,竹园村,茂名市,沙琅镇,,,0,,,admin_unmatched_or_ambiguous
45283,茂名,全粤沙琅镇,谭儒行政村,谭和村,茂名市,沙琅镇,,,0,,,admin_unmatched_or_ambiguous
45284,茂名,全粤沙琅镇,谭儒行政村,谭平村,茂名市,沙琅镇,,,0,,,admin_unmatched_or_ambiguous
45285,茂名,全粤沙琅镇,谭儒行政村,谭消村,茂名市,沙琅镇,,,0,,,admin_unmatched_or_ambiguous
45278,茂名,全粤沙琅镇,谭儒行政村,连塘面村,茂名市,沙琅镇,,,0,,,admin_unmatched_or_ambiguous
59239,茂名,全踏粤怀乡镇,旺和行政村,前进梅子根村,茂名市,怀乡镇,,,0,,,admin_unmatched_or_ambiguous
59238,茂名,全踏粤怀乡镇,旺和行政村,白水村,茂名市,怀乡镇,,,0,,,admin_unmatched_or_ambiguous
59819,茂名,全钱排镇,竹桐行政村,中心村,茂名市,钱排镇,,,0,,,admin_unmatched_or_ambiguous
59821,茂名,全钱排镇,竹桐行政村,京竹园村,茂名市,钱排镇,,,0,,,admin_unmatched_or_ambiguous
59823,茂名,全钱排镇,竹桐行政村,垌尾村,茂名市,钱排镇,,,0,,,admin_unmatched_or_ambiguous
59818,茂名,全钱排镇,竹桐行政村,大庙背村,茂名市,钱排镇,,,0,,,admin_unmatched_or_ambiguous
59822,茂名,全钱排镇,竹桐行政村,大水坑村,茂名市,钱排镇,,,0,,,admin_unmatched_or_ambiguous
59820,茂名,全钱排镇,竹桐行政村,应凤坑村,茂名市,钱排镇,,,0,,,admin_unmatched_or_ambiguous
59817,茂名,全钱排镇,竹桐行政村,车滩村,茂名市,钱排镇,,,0,,,admin_unmatched_or_ambiguous
52451,茂名,全镇江镇,日久冲行政村,上介首村,茂名市,镇江镇,,,0,,,admin_unmatched_or_ambiguous
52452,茂名,全镇江镇,日久冲行政村,下介首村,茂名市,镇江镇,,,0,,,admin_unmatched_or_ambiguous
52448,茂名,全镇江镇,日久冲行政村,介首坡村,茂名市,镇江镇,,,0,,,admin_unmatched_or_ambiguous
52447,茂名,全镇江镇,日久冲行政村,大陂垌村,茂名市,镇江镇,,,0,,,admin_unmatched_or_ambiguous
54926,茂名,全镇江镇,日久冲行政村,对文村,茂名市,镇江镇,,,0,,,admin_unmatched_or_ambiguous
54927,茂名,全镇江镇,日久冲行政村,新塘村,茂名市,镇江镇,,,0,,,admin_unmatched_or_ambiguous
52450,茂名,全镇江镇,日久冲行政村,日久冲村,茂名市,镇江镇,,,0,,,admin_unmatched_or_ambiguous
52449,茂名,全镇江镇,日久冲行政村,满村,茂名市,镇江镇,,,0,,,admin_unmatched_or_ambiguous
52453,茂名,全镇江镇,日久冲行政村,竹根园村,茂名市,镇江镇,,,0,,,admin_unmatched_or_ambiguous
52446,茂名,全镇江镇,日久冲行政村,茶胡岭村,茂名市,镇江镇,,,0,,,admin_unmatched_or_ambiguous
57908,茂名,公馆镇,十万七行政村,上塘村,茂名市,公馆镇,,,0,,,admin_unmatched_or_ambiguous
57911,茂名,公馆镇,十万七行政村,上高岭村,茂名市,公馆镇,,,0,,,admin_unmatched_or_ambiguous
57909,茂名,公馆镇,十万七行政村,白居平村,茂名市,公馆镇,,,0,,,admin_unmatched_or_ambiguous
57907,茂名,公馆镇,十万七行政村,茂兰地新村,茂名市,公馆镇,,,0,,,admin_unmatched_or_ambiguous
57906,茂名,公馆镇,十万七行政村,茂兰地村,茂名市,公馆镇,,,0,,,admin_unmatched_or_ambiguous
57910,茂名,公馆镇,十万七行政村,荔枝园村,茂名市,公馆镇,,,0,,,admin_unmatched_or_ambiguous
46142,茂名,南海街道,勤海社区,渔民新村,茂名市,南海街道,,,0,,,admin_unmatched_or_ambiguous
46141,茂名,南海街道,勤海社区,渔民炮台新村,茂名市,南海街道,,,0,,,admin_unmatched_or_ambiguous
50463,茂名,古丁镇,大冲行政村,下寨村,茂名市,古丁镇,,,0,,,admin_unmatched_or_ambiguous
50461,茂名,古丁镇,大冲行政村,斗米村,茂名市,古丁镇,,,0,,,admin_unmatched_or_ambiguous
50462,茂名,古丁镇,大冲行政村,根竹村,茂名市,古丁镇,,,0,,,admin_unmatched_or_ambiguous
50477,茂名,古丁镇,大堂行政村,塘面村,茂名市,古丁镇,,,0,,,admin_unmatched_or_ambiguous
54875,茂名,古丁镇,大堂行政村,大堂角村,茂名市,古丁镇,,,0,,,admin_unmatched_or_ambiguous
50476,茂名,古丁镇,大堂行政村,广朗岭村,茂名市,古丁镇,,,0,,,admin_unmatched_or_ambiguous
59846,茂名,合水镇,石硤行政村,头垌村,茂名市,合水镇,,,0,,,admin_unmatched_or_ambiguous
59843,茂名,合水镇,石硤行政村,山瑶埽村,茂名市,合水镇,,,0,,,admin_unmatched_or_ambiguous
59841,茂名,合水镇,石硤行政村,岭头村,茂名市,合水镇,,,0,,,admin_unmatched_or_ambiguous
59839,茂名,合水镇,石硤行政村,庵顶村,茂名市,合水镇,,,0,,,admin_unmatched_or_ambiguous
59840,茂名,合水镇,石硤行政村,旧铺村,茂名市,合水镇,,,0,,,admin_unmatched_or_ambiguous
59849,茂名,合水镇,石硤行政村,杨树垠村,茂名市,合水镇,,,0,,,admin_unmatched_or_ambiguous
59838,茂名,合水镇,石硤行政村,桐心村,茂名市,合水镇,,,0,,,admin_unmatched_or_ambiguous
59842,茂名,合水镇,石硤行政村,桥头村,茂名市,合水镇,,,0,,,admin_unmatched_or_ambiguous
59847,茂名,合水镇,石硤行政村,瓦屋村,茂名市,合水镇,,,0,,,admin_unmatched_or_ambiguous
59845,茂名,合水镇,石硤行政村,田尾村,茂名市,合水镇,,,0,,,admin_unmatched_or_ambiguous
59844,茂名,合水镇,石硤行政村,石硤街村,茂名市,合水镇,,,0,,,admin_unmatched_or_ambiguous
59848,茂名,合水镇,石硤行政村,西垌村,茂名市,合水镇,,,0,,,admin_unmatched_or_ambiguous
59865,茂名,合水镇,高垮行政村,周龙坑村,茂名市,合水镇,,,0,,,admin_unmatched_or_ambiguous
59863,茂名,合水镇,高垮行政村,塘坳村,茂名市,合水镇,,,0,,,admin_unmatched_or_ambiguous
59862,茂名,合水镇,高垮行政村,岭脚村,茂名市,合水镇,,,0,,,admin_unmatched_or_ambiguous
59861,茂名,合水镇,高垮行政村,蓝山村,茂名市,合水镇,,,0,,,admin_unmatched_or_ambiguous
59864,茂名,合水镇,高垮行政村,长田寨村,茂名市,合水镇,,,0,,,admin_unmatched_or_ambiguous
59860,茂名,合水镇,高垮行政村,高客村,茂名市,合水镇,,,0,,,admin_unmatched_or_ambiguous
57617,茂名,同庆镇,六坡行政村,六坡村,茂名市,同庆镇,,,0,,,admin_unmatched_or_ambiguous
57618,茂名,同庆镇,六坡行政村,屋面村,茂名市,同庆镇,,,0,,,admin_unmatched_or_ambiguous
57616,茂名,同庆镇,六坡行政村,村心村,茂名市,同庆镇,,,0,,,admin_unmatched_or_ambiguous
45759,茂名,嘴粤霞洞镇,甘村行政村,下坡垌村,茂名市,霞洞镇,,,0,,,admin_unmatched_or_ambiguous
45758,茂名,嘴粤霞洞镇,甘村行政村,亭树村,茂名市,霞洞镇,,,0,,,admin_unmatched_or_ambiguous
45757,茂名,嘴粤霞洞镇,甘村行政村,亭脚村,茂名市,霞洞镇,,,0,,,admin_unmatched_or_ambiguous
45750,茂名,嘴粤霞洞镇,甘村行政村,坑尾村,茂名市,霞洞镇,,,0,,,admin_unmatched_or_ambiguous
45754,茂名,嘴粤霞洞镇,甘村行政村,坡禾园村,茂名市,霞洞镇,,,0,,,admin_unmatched_or_ambiguous
45744,茂名,嘴粤霞洞镇,甘村行政村,堡门村,茂名市,霞洞镇,,,0,,,admin_unmatched_or_ambiguous
45756,茂名,嘴粤霞洞镇,甘村行政村,塘基头村,茂名市,霞洞镇,,,0,,,admin_unmatched_or_ambiguous
45755,茂名,嘴粤霞洞镇,甘村行政村,泉水沟村,茂名市,霞洞镇,,,0,,,admin_unmatched_or_ambiguous
45753,茂名,嘴粤霞洞镇,甘村行政村,牛姆堀村,茂名市,霞洞镇,,,0,,,admin_unmatched_or_ambiguous
45748,茂名,嘴粤霞洞镇,甘村行政村,甘塘村,茂名市,霞洞镇,,,0,,,admin_unmatched_or_ambiguous
45746,茂名,嘴粤霞洞镇,甘村行政村,甘村,茂名市,霞洞镇,,,0,,,admin_unmatched_or_ambiguous
45747,茂名,嘴粤霞洞镇,甘村行政村,甘村坡村,茂名市,霞洞镇,,,0,,,admin_unmatched_or_ambiguous
45760,茂名,嘴粤霞洞镇,甘村行政村,竹园村,茂名市,霞洞镇,,,0,,,admin_unmatched_or_ambiguous
45751,茂名,嘴粤霞洞镇,甘村行政村,篱竹塘村,茂名市,霞洞镇,,,0,,,admin_unmatched_or_ambiguous
45745,茂名,嘴粤霞洞镇,甘村行政村,边坑村,茂名市,霞洞镇,,,0,,,admin_unmatched_or_ambiguous
45749,茂名,嘴粤霞洞镇,甘村行政村,鹤车村,茂名市,霞洞镇,,,0,,,admin_unmatched_or_ambiguous
45752,茂名,嘴粤霞洞镇,甘村行政村,龙岭村,茂名市,霞洞镇,,,0,,,admin_unmatched_or_ambiguous
57659,茂名,嘴質桥镇,宣桥行政村,上村,茂名市,笪桥镇,,,0,,,admin_unmatched_or_ambiguous
57661,茂名,嘴質桥镇,宣桥行政村,下垌村,茂名市,笪桥镇,,,0,,,admin_unmatched_or_ambiguous
57653,茂名,嘴質桥镇,宣桥行政村,低坡村,茂名市,笪桥镇,,,0,,,admin_unmatched_or_ambiguous
57654,茂名,嘴質桥镇,宣桥行政村,古田村,茂名市,笪桥镇,,,0,,,admin_unmatched_or_ambiguous
57652,茂名,嘴質桥镇,宣桥行政村,大石古村,茂名市,笪桥镇,,,0,,,admin_unmatched_or_ambiguous
57651,茂名,嘴質桥镇,宣桥行政村,大路村,茂名市,笪桥镇,,,0,,,admin_unmatched_or_ambiguous
57650,茂名,嘴質桥镇,宣桥行政村,尘塘村,茂名市,笪桥镇,,,0,,,admin_unmatched_or_ambiguous
57658,茂名,嘴質桥镇,宣桥行政村,山埔村,茂名市,笪桥镇,,,0,,,admin_unmatched_or_ambiguous
57649,茂名,嘴質桥镇,宣桥行政村,槟榔埽村,茂名市,笪桥镇,,,0,,,admin_unmatched_or_ambiguous
57660,茂名,嘴質桥镇,宣桥行政村,水垌村,茂名市,笪桥镇,,,0,,,admin_unmatched_or_ambiguous
57655,茂名,嘴質桥镇,宣桥行政村,禾仓角村,茂名市,笪桥镇,,,0,,,admin_unmatched_or_ambiguous
57657,茂名,嘴質桥镇,宣桥行政村,良沙村,茂名市,笪桥镇,,,0,,,admin_unmatched_or_ambiguous
57662,茂名,嘴質桥镇,宣桥行政村,英笔村,茂名市,笪桥镇,,,0,,,admin_unmatched_or_ambiguous
57656,茂名,嘴質桥镇,宣桥行政村,黎七村,茂名市,笪桥镇,,,0,,,admin_unmatched_or_ambiguous
57702,茂名,嘴質桥镇,良埔行政村,圩塘村,茂名市,笪桥镇,,,0,,,admin_unmatched_or_ambiguous
57703,茂名,嘴質桥镇,良埔行政村,埔里村,茂名市,笪桥镇,,,0,,,admin_unmatched_or_ambiguous
57701,茂名,嘴質桥镇,良埔行政村,塘根村,茂名市,笪桥镇,,,0,,,admin_unmatched_or_ambiguous
57697,茂名,嘴質桥镇,良埔行政村,官塘村,茂名市,笪桥镇,,,0,,,admin_unmatched_or_ambiguous
57699,茂名,嘴質桥镇,良埔行政村,木儿桥村,茂名市,笪桥镇,,,0,,,admin_unmatched_or_ambiguous
57704,茂名,嘴質桥镇,良埔行政村,珍珠塘村,茂名市,笪桥镇,,,0,,,admin_unmatched_or_ambiguous
57695,茂名,嘴質桥镇,良埔行政村,白头村,茂名市,笪桥镇,,,0,,,admin_unmatched_or_ambiguous
57696,茂名,嘴質桥镇,良埔行政村,背埔村,茂名市,笪桥镇,,,0,,,admin_unmatched_or_ambiguous
57698,茂名,嘴質桥镇,良埔行政村,良坡村,茂名市,笪桥镇,,,0,,,admin_unmatched_or_ambiguous
57700,茂名,嘴質桥镇,良埔行政村,那安村,茂名市,笪桥镇,,,0,,,admin_unmatched_or_ambiguous
57731,茂名,嘴質桥镇,西埽行政村,上中村,茂名市,笪桥镇,,,0,,,admin_unmatched_or_ambiguous
57735,茂名,嘴質桥镇,西埽行政村,下中村,茂名市,笪桥镇,,,0,,,admin_unmatched_or_ambiguous
57728,茂名,嘴質桥镇,西埽行政村,低垌村,茂名市,笪桥镇,,,0,,,admin_unmatched_or_ambiguous
57729,茂名,嘴質桥镇,西埽行政村,凤村,茂名市,笪桥镇,,,0,,,admin_unmatched_or_ambiguous
57736,茂名,嘴質桥镇,西埽行政村,埔表村,茂名市,笪桥镇,,,0,,,admin_unmatched_or_ambiguous
57727,茂名,嘴質桥镇,西埽行政村,大院村,茂名市,笪桥镇,,,0,,,admin_unmatched_or_ambiguous
57730,茂名,嘴質桥镇,西埽行政村,榴村,茂名市,笪桥镇,,,0,,,admin_unmatched_or_ambiguous
57732,茂名,嘴質桥镇,西埽行政村,水口塘村,茂名市,笪桥镇,,,0,,,admin_unmatched_or_ambiguous
57733,茂名,嘴質桥镇,西埽行政村,田头村,茂名市,笪桥镇,,,0,,,admin_unmatched_or_ambiguous
57734,茂名,嘴質桥镇,西埽行政村,西诵村,茂名市,笪桥镇,,,0,,,admin_unmatched_or_ambiguous
45612,茂名,坡心镇,排河行政村,排河村,茂名市,坡心镇,,,0,,,admin_unmatched_or_ambiguous
45609,茂名,坡心镇,排河行政村,福坡村,茂名市,坡心镇,,,0,,,admin_unmatched_or_ambiguous
45610,茂名,坡心镇,排河行政村,禾场坡村,茂名市,坡心镇,,,0,,,admin_unmatched_or_ambiguous
45613,茂名,坡心镇,排河行政村,香山车村,茂名市,坡心镇,,,0,,,admin_unmatched_or_ambiguous
45611,茂名,坡心镇,排河行政村,鸡啼岭村,茂名市,坡心镇,,,0,,,admin_unmatched_or_ambiguous
45663,茂名,坡心镇,潭阪社区,潭阪圩,茂名市,坡心镇,,,0,,,admin_unmatched_or_ambiguous
58170,茂名,城南街道,低坪社区,周屋村,茂名市,茂南开发区,,,0,,,admin_unmatched_or_ambiguous
58169,茂名,城南街道,低坪社区,大岭村,茂名市,茂南开发区,,,0,,,admin_unmatched_or_ambiguous
58171,茂名,城南街道,大发塘社区,大发塘村,茂名市,茂南开发区,,,0,,,admin_unmatched_or_ambiguous
58172,茂名,城南街道,大发塘社区,车路村,茂名市,茂南开发区,,,0,,,admin_unmatched_or_ambiguous
58146,茂名,城南街道,锦堂社区,上塘村,茂名市,茂南开发区,,,0,,,admin_unmatched_or_ambiguous
58147,茂名,城南街道,锦堂社区,下塘村,茂名市,茂南开发区,,,0,,,admin_unmatched_or_ambiguous
58148,茂名,城南街道,锦堂社区,南全村,茂名市,茂南开发区,,,0,,,admin_unmatched_or_ambiguous
58144,茂名,城南街道,锦堂社区,南园村,茂名市,茂南开发区,,,0,,,admin_unmatched_or_ambiguous
58145,茂名,城南街道,锦堂社区,竹园村,茂名市,茂南开发区,,,0,,,admin_unmatched_or_ambiguous
58143,茂名,城南街道,锦堂社区,锦堂村,茂名市,茂南开发区,,,0,,,admin_unmatched_or_ambiguous
51514,茂名,大坡镇,上良坑行政村,上良、高垌、旺塘、沙乐村,茂名市,大坡镇,,,0,,,admin_unmatched_or_ambiguous
51515,茂名,大坡镇,上良坑行政村,下良村,茂名市,大坡镇,,,0,,,admin_unmatched_or_ambiguous
51516,茂名,大坡镇,上良坑行政村,义学木村,茂名市,大坡镇,,,0,,,admin_unmatched_or_ambiguous
51513,茂名,大坡镇,上良坑行政村,平垌岭坳村,茂名市,大坡镇,,,0,,,admin_unmatched_or_ambiguous
51512,茂名,大坡镇,上良坑行政村,河口村,茂名市,大坡镇,,,0,,,admin_unmatched_or_ambiguous
51307,茂名,大坡镇,大坪行政村,丰塘村,茂名市,大坡镇,,,0,,,admin_unmatched_or_ambiguous
51306,茂名,大坡镇,大坪行政村,大坪村,茂名市,大坡镇,,,0,,,admin_unmatched_or_ambiguous
51312,茂名,大坡镇,大坪行政村,新村,茂名市,大坡镇,,,0,,,admin_unmatched_or_ambiguous
51308,茂名,大坡镇,大坪行政村,梅垌村,茂名市,大坡镇,,,0,,,admin_unmatched_or_ambiguous
51309,茂名,大坡镇,大坪行政村,梅河村,茂名市,大坡镇,,,0,,,admin_unmatched_or_ambiguous
51311,茂名,大坡镇,大坪行政村,洒上村,茂名市,大坡镇,,,0,,,admin_unmatched_or_ambiguous
51310,茂名,大坡镇,大坪行政村,洒底村,茂名市,大坡镇,,,0,,,admin_unmatched_or_ambiguous
51448,茂名,大坡镇,良桐行政村,塘背村,茂名市,大坡镇,,,0,,,admin_unmatched_or_ambiguous
51441,茂名,大坡镇,良桐行政村,大路村,茂名市,大坡镇,,,0,,,admin_unmatched_or_ambiguous
51440,茂名,大坡镇,良桐行政村,大陂村,茂名市,大坡镇,,,0,,,admin_unmatched_or_ambiguous
51442,茂名,大坡镇,良桐行政村,斗饱村,茂名市,大坡镇,,,0,,,admin_unmatched_or_ambiguous
51443,茂名,大坡镇,良桐行政村,旧村,茂名市,大坡镇,,,0,,,admin_unmatched_or_ambiguous
51447,茂名,大坡镇,良桐行政村,水井头村,茂名市,大坡镇,,,0,,,admin_unmatched_or_ambiguous
51439,茂名,大坡镇,良桐行政村,白坟脚村,茂名市,大坡镇,,,0,,,admin_unmatched_or_ambiguous
51445,茂名,大坡镇,良桐行政村,良坑村,茂名市,大坡镇,,,0,,,admin_unmatched_or_ambiguous
51444,茂名,大坡镇,良桐行政村,良坟坡村,茂名市,大坡镇,,,0,,,admin_unmatched_or_ambiguous
51446,茂名,大坡镇,良桐行政村,门楼塘村,茂名市,大坡镇,,,0,,,admin_unmatched_or_ambiguous
51431,茂名,大坡镇,鹤垌行政村,三包村,茂名市,大坡镇,,,0,,,admin_unmatched_or_ambiguous
51434,茂名,大坡镇,鹤垌行政村,义均塘村,茂名市,大坡镇,,,0,,,admin_unmatched_or_ambiguous
51433,茂名,大坡镇,鹤垌行政村,习文桐村,茂名市,大坡镇,,,0,,,admin_unmatched_or_ambiguous
51432,茂名,大坡镇,鹤垌行政村,塘角村,茂名市,大坡镇,,,0,,,admin_unmatched_or_ambiguous
51427,茂名,大坡镇,鹤垌行政村,大秧地村,茂名市,大坡镇,,,0,,,admin_unmatched_or_ambiguous
51429,茂名,大坡镇,鹤垌行政村,浪田村,茂名市,大坡镇,,,0,,,admin_unmatched_or_ambiguous
51428,茂名,大坡镇,鹤垌行政村,观地村,茂名市,大坡镇,,,0,,,admin_unmatched_or_ambiguous
51430,茂名,大坡镇,鹤垌行政村,马朝村,茂名市,大坡镇,,,0,,,admin_unmatched_or_ambiguous
57004,茂名,官渡街道,坡咀社区,坡咀村,茂名市,官渡街道,,,0,,,admin_unmatched_or_ambiguous
57003,茂名,官渡街道,坡咀社区,车田山村,茂名市,官渡街道,,,0,,,admin_unmatched_or_ambiguous
57005,茂名,官渡街道,官山社区,官山村,茂名市,官渡街道,,,0,,,admin_unmatched_or_ambiguous
57006,茂名,官渡街道,沿江社区,六八村,茂名市,官渡街道,,,0,,,admin_unmatched_or_ambiguous
57007,茂名,官渡街道,沿江社区,坡头地村,茂名市,官渡街道,,,0,,,admin_unmatched_or_ambiguous
57009,茂名,官渡街道,隔坑社区,隔坑村,茂名市,官渡街道,,,0,,,admin_unmatched_or_ambiguous
48347,茂名,宝光街道,上坡行政村,六竹径村,茂名市,宝光街道,,,0,,,admin_unmatched_or_ambiguous
48346,茂名,宝光街道,上坡行政村,合和村,茂名市,宝光街道,,,0,,,admin_unmatched_or_ambiguous
48226,茂名,宝光街道,平江社区,茂坡渔村,茂名市,宝光街道,,,0,,,admin_unmatched_or_ambiguous
48356,茂名,宝光街道,文龙行政村,上坑村,茂名市,宝光街道,,,0,,,admin_unmatched_or_ambiguous
48354,茂名,宝光街道,文龙行政村,上高屋村,茂名市,宝光街道,,,0,,,admin_unmatched_or_ambiguous
48355,茂名,宝光街道,文龙行政村,下低屋村,茂名市,宝光街道,,,0,,,admin_unmatched_or_ambiguous
48359,茂名,宝光街道,文龙行政村,地塘仔村,茂名市,宝光街道,,,0,,,admin_unmatched_or_ambiguous
48358,茂名,宝光街道,文龙行政村,大圳口村,茂名市,宝光街道,,,0,,,admin_unmatched_or_ambiguous
48349,茂名,宝光街道,文龙行政村,大旱坡村,茂名市,宝光街道,,,0,,,admin_unmatched_or_ambiguous
48357,茂名,宝光街道,文龙行政村,头吉村,茂名市,宝光街道,,,0,,,admin_unmatched_or_ambiguous
48350,茂名,宝光街道,文龙行政村,官冲村,茂名市,宝光街道,,,0,,,admin_unmatched_or_ambiguous
48353,茂名,宝光街道,文龙行政村,山车村,茂名市,宝光街道,,,0,,,admin_unmatched_or_ambiguous
48361,茂名,宝光街道,文龙行政村,径背村,茂名市,宝光街道,,,0,,,admin_unmatched_or_ambiguous
48362,茂名,宝光街道,文龙行政村,新屋村,茂名市,宝光街道,,,0,,,admin_unmatched_or_ambiguous
48348,茂名,宝光街道,文龙行政村,明朝，属高州府茂名县。清朝，属高雷阳道茂名县。民国时期，属茂名县文垌乡。年，属高雷专区茂名县分界区；年，属湛江专区茂名县红旗公社；年月，属茂名市高州县泗水公社；年，属泗水镇；年至今，属高州市金山街,茂名市,宝光街道,,,0,,,admin_unmatched_or_ambiguous
48360,茂名,宝光街道,文龙行政村,禾塘园村,茂名市,宝光街道,,,0,,,admin_unmatched_or_ambiguous
48352,茂名,宝光街道,文龙行政村,铺仔地村,茂名市,宝光街道,,,0,,,admin_unmatched_or_ambiguous
48351,茂名,宝光街道,文龙行政村,鸡公尾村,茂名市,宝光街道,,,0,,,admin_unmatched_or_ambiguous
48143,茂名,宝光街道,曹桐行政村,六角村,茂名市,宝光街道,,,0,,,admin_unmatched_or_ambiguous
48144,茂名,宝光街道,曹桐行政村,六连村,茂名市,宝光街道,,,0,,,admin_unmatched_or_ambiguous
48141,茂名,宝光街道,曹桐行政村,坑尾头村,茂名市,宝光街道,,,0,,,admin_unmatched_or_ambiguous
48137,茂名,宝光街道,曹桐行政村,大埔村,茂名市,宝光街道,,,0,,,admin_unmatched_or_ambiguous
48147,茂名,宝光街道,曹桐行政村,新坡村,茂名市,宝光街道,,,0,,,admin_unmatched_or_ambiguous
48138,茂名,宝光街道,曹桐行政村,方垌村,茂名市,宝光街道,,,0,,,admin_unmatched_or_ambiguous
48140,茂名,宝光街道,曹桐行政村,旧屋地村,茂名市,宝光街道,,,0,,,admin_unmatched_or_ambiguous
48136,茂名,宝光街道,曹桐行政村,曹垌村,茂名市,宝光街道,,,0,,,admin_unmatched_or_ambiguous
48148,茂名,宝光街道,曹桐行政村,杨桃坑村,茂名市,宝光街道,,,0,,,admin_unmatched_or_ambiguous
48149,茂名,宝光街道,曹桐行政村,枕头垌村,茂名市,宝光街道,,,0,,,admin_unmatched_or_ambiguous
48146,茂名,宝光街道,曹桐行政村,深塘村,茂名市,宝光街道,,,0,,,admin_unmatched_or_ambiguous
48139,茂名,宝光街道,曹桐行政村,火坡村,茂名市,宝光街道,,,0,,,admin_unmatched_or_ambiguous
48133,茂名,宝光街道,曹桐行政村,白坑塘村,茂名市,宝光街道,,,0,,,admin_unmatched_or_ambiguous
48135,茂名,宝光街道,曹桐行政村,碧山村,茂名市,宝光街道,,,0,,,admin_unmatched_or_ambiguous
48134,茂名,宝光街道,曹桐行政村,邦旺平村,茂名市,宝光街道,,,0,,,admin_unmatched_or_ambiguous
48142,茂名,宝光街道,曹桐行政村,黎桐村,茂名市,宝光街道,,,0,,,admin_unmatched_or_ambiguous
48145,茂名,宝光街道,曹桐行政村,龙湖村,茂名市,宝光街道,,,0,,,admin_unmatched_or_ambiguous
48342,茂名,宝光街道,米塘行政村,书房地村,茂名市,宝光街道,,,0,,,admin_unmatched_or_ambiguous
48336,茂名,宝光街道,米塘行政村,低田窿村,茂名市,宝光街道,,,0,,,admin_unmatched_or_ambiguous
48338,茂名,宝光街道,米塘行政村,力竹山村,茂名市,宝光街道,,,0,,,admin_unmatched_or_ambiguous
48341,茂名,宝光街道,米塘行政村,山边村,茂名市,宝光街道,,,0,,,admin_unmatched_or_ambiguous
48345,茂名,宝光街道,米塘行政村,新屋垌村,茂名市,宝光街道,,,0,,,admin_unmatched_or_ambiguous
48343,茂名,宝光街道,米塘行政村,水坑垌村,茂名市,宝光街道,,,0,,,admin_unmatched_or_ambiguous
48340,茂名,宝光街道,米塘行政村,沙岭村,茂名市,宝光街道,,,0,,,admin_unmatched_or_ambiguous
48344,茂名,宝光街道,米塘行政村,王塘水村,茂名市,宝光街道,,,0,,,admin_unmatched_or_ambiguous
48339,茂名,宝光街道,米塘行政村,米塘村,茂名市,宝光街道,,,0,,,admin_unmatched_or_ambiguous
48337,茂名,宝光街道,米塘行政村,老哥塘村,茂名市,宝光街道,,,0,,,admin_unmatched_or_ambiguous
48304,茂名,宝光街道,红粉行政村,上红粉村,茂名市,宝光街道,,,0,,,admin_unmatched_or_ambiguous
48305,茂名,宝光街道,红粉行政村,下红粉村,茂名市,宝光街道,,,0,,,admin_unmatched_or_ambiguous
48317,茂名,宝光街道,红粉行政村,合山村,茂名市,宝光街道,,,0,,,admin_unmatched_or_ambiguous
48321,茂名,宝光街道,红粉行政村,多南塘村,茂名市,宝光街道,,,0,,,admin_unmatched_or_ambiguous
48303,茂名,宝光街道,红粉行政村,子京塘村,茂名市,宝光街道,,,0,,,admin_unmatched_or_ambiguous
48309,茂名,宝光街道,红粉行政村,山岐岭村,茂名市,宝光街道,,,0,,,admin_unmatched_or_ambiguous
48320,茂名,宝光街道,红粉行政村,方柿园村,茂名市,宝光街道,,,0,,,admin_unmatched_or_ambiguous
48310,茂名,宝光街道,红粉行政村,木头塘村,茂名市,宝光街道,,,0,,,admin_unmatched_or_ambiguous
48312,茂名,宝光街道,红粉行政村,木辽坡村,茂名市,宝光街道,,,0,,,admin_unmatched_or_ambiguous
48311,茂名,宝光街道,红粉行政村,木龙径村,茂名市,宝光街道,,,0,,,admin_unmatched_or_ambiguous
48306,茂名,宝光街道,红粉行政村,松柏坡村,茂名市,宝光街道,,,0,,,admin_unmatched_or_ambiguous
48308,茂名,宝光街道,红粉行政村,深和村,茂名市,宝光街道,,,0,,,admin_unmatched_or_ambiguous
48316,茂名,宝光街道,红粉行政村,琉璃村,茂名市,宝光街道,,,0,,,admin_unmatched_or_ambiguous
48307,茂名,宝光街道,红粉行政村,石陂坡村,茂名市,宝光街道,,,0,,,admin_unmatched_or_ambiguous
48322,茂名,宝光街道,红粉行政村,碰田村,茂名市,宝光街道,,,0,,,admin_unmatched_or_ambiguous
48318,茂名,宝光街道,红粉行政村,禾尾村,茂名市,宝光街道,,,0,,,admin_unmatched_or_ambiguous
48314,茂名,宝光街道,红粉行政村,茂塘村,茂名市,宝光街道,,,0,,,admin_unmatched_or_ambiguous
48313,茂名,宝光街道,红粉行政村,莫屋村,茂名市,宝光街道,,,0,,,admin_unmatched_or_ambiguous
48319,茂名,宝光街道,红粉行政村,高山村,茂名市,宝光街道,,,0,,,admin_unmatched_or_ambiguous
48315,茂名,宝光街道,红粉行政村,龙湾村,茂名市,宝光街道,,,0,,,admin_unmatched_or_ambiguous
48335,茂名,宝光街道,里麻行政村,堂美村,茂名市,宝光街道,,,0,,,admin_unmatched_or_ambiguous
48334,茂名,宝光街道,里麻行政村,里麻村,茂名市,宝光街道,,,0,,,admin_unmatched_or_ambiguous
48278,茂名,宝光街道,金山街道板桥行政村,板桥村,茂名市,宝光街道,,,0,,,admin_unmatched_or_ambiguous
48279,茂名,宝光街道,金山街道板桥行政村,长山村,茂名市,宝光街道,,,0,,,admin_unmatched_or_ambiguous
48324,茂名,宝光街道,金竹山行政村,上桐村,茂名市,宝光街道,,,0,,,admin_unmatched_or_ambiguous
48329,茂名,宝光街道,金竹山行政村,中火村,茂名市,宝光街道,,,0,,,admin_unmatched_or_ambiguous
48332,茂名,宝光街道,金竹山行政村,坡头村,茂名市,宝光街道,,,0,,,admin_unmatched_or_ambiguous
48327,茂名,宝光街道,金竹山行政村,塘辽村,茂名市,宝光街道,,,0,,,admin_unmatched_or_ambiguous
48325,茂名,宝光街道,金竹山行政村,大岭村,茂名市,宝光街道,,,0,,,admin_unmatched_or_ambiguous
48331,茂名,宝光街道,金竹山行政村,大石岭村,茂名市,宝光街道,,,0,,,admin_unmatched_or_ambiguous
48323,茂名,宝光街道,金竹山行政村,新屋村,茂名市,宝光街道,,,0,,,admin_unmatched_or_ambiguous
48326,茂名,宝光街道,金竹山行政村,桥子岭村,茂名市,宝光街道,,,0,,,admin_unmatched_or_ambiguous
48330,茂名,宝光街道,金竹山行政村,荔枝根村,茂名市,宝光街道,,,0,,,admin_unmatched_or_ambiguous
48328,茂名,宝光街道,金竹山行政村,金山村,茂名市,宝光街道,,,0,,,admin_unmatched_or_ambiguous
48333,茂名,宝光街道,金竹山行政村,长塘村,茂名市,宝光街道,,,0,,,admin_unmatched_or_ambiguous
48292,茂名,宝光街道,陈垌行政村,力山村,茂名市,宝光街道,,,0,,,admin_unmatched_or_ambiguous
48283,茂名,宝光街道,陈垌行政村,双花村,茂名市,宝光街道,,,0,,,admin_unmatched_or_ambiguous
48288,茂名,宝光街道,陈垌行政村,大塘村,茂名市,宝光街道,,,0,,,admin_unmatched_or_ambiguous
48287,茂名,宝光街道,陈垌行政村,大陂村,茂名市,宝光街道,,,0,,,admin_unmatched_or_ambiguous
48293,茂名,宝光街道,陈垌行政村,岭尾村,茂名市,宝光街道,,,0,,,admin_unmatched_or_ambiguous
48289,茂名,宝光街道,陈垌行政村,德再村,茂名市,宝光街道,,,0,,,admin_unmatched_or_ambiguous
48285,茂名,宝光街道,陈垌行政村,新兴村,茂名市,宝光街道,,,0,,,admin_unmatched_or_ambiguous
48284,茂名,宝光街道,陈垌行政村,新园村,茂名市,宝光街道,,,0,,,admin_unmatched_or_ambiguous
48282,茂名,宝光街道,陈垌行政村,沙地园村,茂名市,宝光街道,,,0,,,admin_unmatched_or_ambiguous
48295,茂名,宝光街道,陈垌行政村,田头村,茂名市,宝光街道,,,0,,,admin_unmatched_or_ambiguous
48294,茂名,宝光街道,陈垌行政村,田尾村,茂名市,宝光街道,,,0,,,admin_unmatched_or_ambiguous
48296,茂名,宝光街道,陈垌行政村,秧地村,茂名市,宝光街道,,,0,,,admin_unmatched_or_ambiguous
48286,茂名,宝光街道,陈垌行政村,秧坡村,茂名市,宝光街道,,,0,,,admin_unmatched_or_ambiguous
48280,茂名,宝光街道,陈垌行政村,陈垌村,茂名市,宝光街道,,,0,,,admin_unmatched_or_ambiguous
48281,茂名,宝光街道,陈垌行政村,陈桐圩村,茂名市,宝光街道,,,0,,,admin_unmatched_or_ambiguous
48291,茂名,宝光街道,陈垌行政村,黄塘村,茂名市,宝光街道,,,0,,,admin_unmatched_or_ambiguous
48290,茂名,宝光街道,陈垌行政村,黄谷村,茂名市,宝光街道,,,0,,,admin_unmatched_or_ambiguous
48302,茂名,宝光街道,鹤山行政村,三丫村,茂名市,宝光街道,,,0,,,admin_unmatched_or_ambiguous
48301,茂名,宝光街道,鹤山行政村,朋山村,茂名市,宝光街道,,,0,,,admin_unmatched_or_ambiguous
48297,茂名,宝光街道,鹤山行政村,深田坡村,茂名市,宝光街道,,,0,,,admin_unmatched_or_ambiguous
48300,茂名,宝光街道,鹤山行政村,金桐村,茂名市,宝光街道,,,0,,,admin_unmatched_or_ambiguous
48298,茂名,宝光街道,鹤山行政村,陂头村,茂名市,宝光街道,,,0,,,admin_unmatched_or_ambiguous
48299,茂名,宝光街道,鹤山行政村,鹤山村,茂名市,宝光街道,,,0,,,admin_unmatched_or_ambiguous
52512,茂名,宝南塘镇,大石桐行政村,丁坡村,茂名市,南塘镇,,,0,,,admin_unmatched_or_ambiguous
54932,茂名,宝南塘镇,大石桐行政村,上潭村,茂名市,南塘镇,,,0,,,admin_unmatched_or_ambiguous
52523,茂名,宝南塘镇,大石桐行政村,下潭村,茂名市,南塘镇,,,0,,,admin_unmatched_or_ambiguous
52513,茂名,宝南塘镇,大石桐行政村,东村,茂名市,南塘镇,,,0,,,admin_unmatched_or_ambiguous
52524,茂名,宝南塘镇,大石桐行政村,中坑村,茂名市,南塘镇,,,0,,,admin_unmatched_or_ambiguous
52511,茂名,宝南塘镇,大石桐行政村,丹植村,茂名市,南塘镇,,,0,,,admin_unmatched_or_ambiguous
52517,茂名,宝南塘镇,大石桐行政村,六信村,茂名市,南塘镇,,,0,,,admin_unmatched_or_ambiguous
52515,茂名,宝南塘镇,大石桐行政村,军田村,茂名市,南塘镇,,,0,,,admin_unmatched_or_ambiguous
52514,茂名,宝南塘镇,大石桐行政村,华桐村,茂名市,南塘镇,,,0,,,admin_unmatched_or_ambiguous
52521,茂名,宝南塘镇,大石桐行政村,圣山村,茂名市,南塘镇,,,0,,,admin_unmatched_or_ambiguous
52508,茂名,宝南塘镇,大石桐行政村,大坡村,茂名市,南塘镇,,,0,,,admin_unmatched_or_ambiguous
52510,茂名,宝南塘镇,大石桐行政村,大塘村,茂名市,南塘镇,,,0,,,admin_unmatched_or_ambiguous
52509,茂名,宝南塘镇,大石桐行政村,大石垌村,茂名市,南塘镇,,,0,,,admin_unmatched_or_ambiguous
52505,茂名,宝南塘镇,大石桐行政村,安坡村,茂名市,南塘镇,,,0,,,admin_unmatched_or_ambiguous
52506,茂名,宝南塘镇,大石桐行政村,安埔村,茂名市,南塘镇,,,0,,,admin_unmatched_or_ambiguous
52520,茂名,宝南塘镇,大石桐行政村,山谏村,茂名市,南塘镇,,,0,,,admin_unmatched_or_ambiguous
52518,茂名,宝南塘镇,大石桐行政村,木坡村,茂名市,南塘镇,,,0,,,admin_unmatched_or_ambiguous
52522,茂名,宝南塘镇,大石桐行政村,松根村,茂名市,南塘镇,,,0,,,admin_unmatched_or_ambiguous
52519,茂名,宝南塘镇,大石桐行政村,榕塘村,茂名市,南塘镇,,,0,,,admin_unmatched_or_ambiguous
52507,茂名,宝南塘镇,大石桐行政村,白坑村,茂名市,南塘镇,,,0,,,admin_unmatched_or_ambiguous
52516,茂名,宝南塘镇,大石桐行政村,雷垌村,茂名市,南塘镇,,,0,,,admin_unmatched_or_ambiguous
52573,茂名,宝南塘镇,谷質行政村,圩头村,茂名市,南塘镇,,,0,,,admin_unmatched_or_ambiguous
52570,茂名,宝南塘镇,谷質行政村,圩尾村,茂名市,南塘镇,,,0,,,admin_unmatched_or_ambiguous
52569,茂名,宝南塘镇,谷質行政村,圩背村,茂名市,南塘镇,,,0,,,admin_unmatched_or_ambiguous
52568,茂名,宝南塘镇,谷質行政村,圩边村,茂名市,南塘镇,,,0,,,admin_unmatched_or_ambiguous
52567,茂名,宝南塘镇,谷質行政村,坡尾村,茂名市,南塘镇,,,0,,,admin_unmatched_or_ambiguous
52564,茂名,宝南塘镇,谷質行政村,大村,茂名市,南塘镇,,,0,,,admin_unmatched_or_ambiguous
52571,茂名,宝南塘镇,谷質行政村,新家村,茂名市,南塘镇,,,0,,,admin_unmatched_or_ambiguous
52572,茂名,宝南塘镇,谷質行政村,新屋村,茂名市,南塘镇,,,0,,,admin_unmatched_or_ambiguous
52561,茂名,宝南塘镇,谷質行政村,桐坡村,茂名市,南塘镇,,,0,,,admin_unmatched_or_ambiguous
52563,茂名,宝南塘镇,谷質行政村,池岸村,茂名市,南塘镇,,,0,,,admin_unmatched_or_ambiguous
52562,茂名,宝南塘镇,谷質行政村,车田村,茂名市,南塘镇,,,0,,,admin_unmatched_or_ambiguous
52566,茂名,宝南塘镇,谷質行政村,高更村,茂名市,南塘镇,,,0,,,admin_unmatched_or_ambiguous
52565,茂名,宝南塘镇,谷質行政村,高车村,茂名市,南塘镇,,,0,,,admin_unmatched_or_ambiguous
56592,茂名,宝圩镇,仓板行政村,丰门村,茂名市,宝圩镇,,,0,,,admin_unmatched_or_ambiguous
56590,茂名,宝圩镇,仓板行政村,仓板村,茂名市,宝圩镇,,,0,,,admin_unmatched_or_ambiguous
56596,茂名,宝圩镇,仓板行政村,响水尾村,茂名市,宝圩镇,,,0,,,admin_unmatched_or_ambiguous
56595,茂名,宝圩镇,仓板行政村,响水村,茂名市,宝圩镇,,,0,,,admin_unmatched_or_ambiguous
56591,茂名,宝圩镇,仓板行政村,大木平村,茂名市,宝圩镇,,,0,,,admin_unmatched_or_ambiguous
56589,茂名,宝圩镇,仓板行政村,宝岭脚村,茂名市,宝圩镇,,,0,,,admin_unmatched_or_ambiguous
56594,茂名,宝圩镇,仓板行政村,岭咀村,茂名市,宝圩镇,,,0,,,admin_unmatched_or_ambiguous
56587,茂名,宝圩镇,仓板行政村,百瑞坡村,茂名市,宝圩镇,,,0,,,admin_unmatched_or_ambiguous
56588,茂名,宝圩镇,仓板行政村,百瑞塘村,茂名市,宝圩镇,,,0,,,admin_unmatched_or_ambiguous
56597,茂名,宝圩镇,仓板行政村,竹山村,茂名市,宝圩镇,,,0,,,admin_unmatched_or_ambiguous
56593,茂名,宝圩镇,仓板行政村,翰塘村,茂名市,宝圩镇,,,0,,,admin_unmatched_or_ambiguous
56613,茂名,宝圩镇,陈桐行政村,中桐村,茂名市,宝圩镇,,,0,,,admin_unmatched_or_ambiguous
56601,茂名,宝圩镇,陈桐行政村,含埔村,茂名市,宝圩镇,,,0,,,admin_unmatched_or_ambiguous
56607,茂名,宝圩镇,陈桐行政村,坡塘底村,茂名市,宝圩镇,,,0,,,admin_unmatched_or_ambiguous
56600,茂名,宝圩镇,陈桐行政村,峨官埔村,茂名市,宝圩镇,,,0,,,admin_unmatched_or_ambiguous
56608,茂名,宝圩镇,陈桐行政村,新担塘村,茂名市,宝圩镇,,,0,,,admin_unmatched_or_ambiguous
56609,茂名,宝圩镇,陈桐行政村,杨头树村,茂名市,宝圩镇,,,0,,,admin_unmatched_or_ambiguous
56610,茂名,宝圩镇,陈桐行政村,樟木埔村,茂名市,宝圩镇,,,0,,,admin_unmatched_or_ambiguous
56604,茂名,宝圩镇,陈桐行政村,立塘尾村,茂名市,宝圩镇,,,0,,,admin_unmatched_or_ambiguous
56603,茂名,宝圩镇,陈桐行政村,简头垌村,茂名市,宝圩镇,,,0,,,admin_unmatched_or_ambiguous
56605,茂名,宝圩镇,陈桐行政村,良梅村,茂名市,宝圩镇,,,0,,,admin_unmatched_or_ambiguous
56598,茂名,宝圩镇,陈桐行政村,茶山村,茂名市,宝圩镇,,,0,,,admin_unmatched_or_ambiguous
56611,茂名,宝圩镇,陈桐行政村,长塘村,茂名市,宝圩镇,,,0,,,admin_unmatched_or_ambiguous
56612,茂名,宝圩镇,陈桐行政村,长田辟村,茂名市,宝圩镇,,,0,,,admin_unmatched_or_ambiguous
56599,茂名,宝圩镇,陈桐行政村,陈垌村,茂名市,宝圩镇,,,0,,,admin_unmatched_or_ambiguous
56602,茂名,宝圩镇,陈桐行政村,鸡塘村,茂名市,宝圩镇,,,0,,,admin_unmatched_or_ambiguous
56606,茂名,宝圩镇,陈桐行政村,龙角坡村,茂名市,宝圩镇,,,0,,,admin_unmatched_or_ambiguous
56627,茂名,宝圩镇,龙蜗行政村,上步村,茂名市,宝圩镇,,,0,,,admin_unmatched_or_ambiguous
56619,茂名,宝圩镇,龙蜗行政村,丹竹霹村,茂名市,宝圩镇,,,0,,,admin_unmatched_or_ambiguous
56623,茂名,宝圩镇,龙蜗行政村,兰糯塘村,茂名市,宝圩镇,,,0,,,admin_unmatched_or_ambiguous
56625,茂名,宝圩镇,龙蜗行政村,坡头村,茂名市,宝圩镇,,,0,,,admin_unmatched_or_ambiguous
56629,茂名,宝圩镇,龙蜗行政村,旺龙坡村,茂名市,宝圩镇,,,0,,,admin_unmatched_or_ambiguous
56622,茂名,宝圩镇,龙蜗行政村,根竹尾村,茂名市,宝圩镇,,,0,,,admin_unmatched_or_ambiguous
56621,茂名,宝圩镇,龙蜗行政村,根竹村,茂名市,宝圩镇,,,0,,,admin_unmatched_or_ambiguous
56626,茂名,宝圩镇,龙蜗行政村,榕田村,茂名市,宝圩镇,,,0,,,admin_unmatched_or_ambiguous
56628,茂名,宝圩镇,龙蜗行政村,石塘村,茂名市,宝圩镇,,,0,,,admin_unmatched_or_ambiguous
56624,茂名,宝圩镇,龙蜗行政村,马路坡村,茂名市,宝圩镇,,,0,,,admin_unmatched_or_ambiguous
56620,茂名,宝圩镇,龙蜗行政村,高连坡村,茂名市,宝圩镇,,,0,,,admin_unmatched_or_ambiguous
49747,茂名,宝大井镇,木广桐行政村,上坑村,茂名市,大井镇,,,0,,,admin_unmatched_or_ambiguous
49753,茂名,宝大井镇,木广桐行政村,五坑村,茂名市,大井镇,,,0,,,admin_unmatched_or_ambiguous
49744,茂名,宝大井镇,木广桐行政村,六丈村,茂名市,大井镇,,,0,,,admin_unmatched_or_ambiguous
49750,茂名,宝大井镇,木广桐行政村,冷水村,茂名市,大井镇,,,0,,,admin_unmatched_or_ambiguous
49748,茂名,宝大井镇,木广桐行政村,双合田村,茂名市,大井镇,,,0,,,admin_unmatched_or_ambiguous
49743,茂名,宝大井镇,木广桐行政村,坑尾村,茂名市,大井镇,,,0,,,admin_unmatched_or_ambiguous
49746,茂名,宝大井镇,木广桐行政村,坡头村,茂名市,大井镇,,,0,,,admin_unmatched_or_ambiguous
49751,茂名,宝大井镇,木广桐行政村,坻田村,茂名市,大井镇,,,0,,,admin_unmatched_or_ambiguous
49739,茂名,宝大井镇,木广桐行政村,大冲口村,茂名市,大井镇,,,0,,,admin_unmatched_or_ambiguous
49738,茂名,宝大井镇,木广桐行政村,大冲村,茂名市,大井镇,,,0,,,admin_unmatched_or_ambiguous
49740,茂名,宝大井镇,木广桐行政村,大坡村,茂名市,大井镇,,,0,,,admin_unmatched_or_ambiguous
49736,茂名,宝大井镇,木广桐行政村,安桐村,茂名市,大井镇,,,0,,,admin_unmatched_or_ambiguous
49735,茂名,宝大井镇,木广桐行政村,安珦堡村,茂名市,大井镇,,,0,,,admin_unmatched_or_ambiguous
49752,茂名,宝大井镇,木广桐行政村,旺村,茂名市,大井镇,,,0,,,admin_unmatched_or_ambiguous
49745,茂名,宝大井镇,木广桐行政村,木广桐村,茂名市,大井镇,,,0,,,admin_unmatched_or_ambiguous
49749,茂名,宝大井镇,木广桐行政村,水口村,茂名市,大井镇,,,0,,,admin_unmatched_or_ambiguous
49741,茂名,宝大井镇,木广桐行政村,河背桐村,茂名市,大井镇,,,0,,,admin_unmatched_or_ambiguous
49737,茂名,宝大井镇,木广桐行政村,白坟坡村,茂名市,大井镇,,,0,,,admin_unmatched_or_ambiguous
49742,茂名,宝大井镇,木广桐行政村,角子北村,茂名市,大井镇,,,0,,,admin_unmatched_or_ambiguous
49785,茂名,宝大井镇,清桐行政村,上村,茂名市,大井镇,,,0,,,admin_unmatched_or_ambiguous
49786,茂名,宝大井镇,清桐行政村,上清垌村,茂名市,大井镇,,,0,,,admin_unmatched_or_ambiguous
49779,茂名,宝大井镇,清桐行政村,低坡村,茂名市,大井镇,,,0,,,admin_unmatched_or_ambiguous
49783,茂名,宝大井镇,清桐行政村,南北村,茂名市,大井镇,,,0,,,admin_unmatched_or_ambiguous
49778,茂名,宝大井镇,清桐行政村,大木塘村,茂名市,大井镇,,,0,,,admin_unmatched_or_ambiguous
49780,茂名,宝大井镇,清桐行政村,山化村,茂名市,大井镇,,,0,,,admin_unmatched_or_ambiguous
49789,茂名,宝大井镇,清桐行政村,新化村,茂名市,大井镇,,,0,,,admin_unmatched_or_ambiguous
49790,茂名,宝大井镇,清桐行政村,新屋村,茂名市,大井镇,,,0,,,admin_unmatched_or_ambiguous
49777,茂名,宝大井镇,清桐行政村,波罗根村,茂名市,大井镇,,,0,,,admin_unmatched_or_ambiguous
49784,茂名,宝大井镇,清桐行政村,清垌埂村,茂名市,大井镇,,,0,,,admin_unmatched_or_ambiguous
49787,茂名,宝大井镇,清桐行政村,石埂村,茂名市,大井镇,,,0,,,admin_unmatched_or_ambiguous
49792,茂名,宝大井镇,清桐行政村,章华村,茂名市,大井镇,,,0,,,admin_unmatched_or_ambiguous
49781,茂名,宝大井镇,清桐行政村,罗化村,茂名市,大井镇,,,0,,,admin_unmatched_or_ambiguous
49782,茂名,宝大井镇,清桐行政村,茂名坡村,茂名市,大井镇,,,0,,,admin_unmatched_or_ambiguous
49788,茂名,宝大井镇,清桐行政村,西村,茂名市,大井镇,,,0,,,admin_unmatched_or_ambiguous
49791,茂名,宝大井镇,清桐行政村,银带坡村,茂名市,大井镇,,,0,,,admin_unmatched_or_ambiguous
52692,茂名,宝长岐镇,东方行政村,上桐村,茂名市,长岐镇,,,0,,,admin_unmatched_or_ambiguous
52689,茂名,宝长岐镇,东方行政村,东山坡村,茂名市,长岐镇,,,0,,,admin_unmatched_or_ambiguous
52693,茂名,宝长岐镇,东方行政村,昭村,茂名市,长岐镇,,,0,,,admin_unmatched_or_ambiguous
52688,茂名,宝长岐镇,东方行政村,村头村,茂名市,长岐镇,,,0,,,admin_unmatched_or_ambiguous
52687,茂名,宝长岐镇,东方行政村,船埠村,茂名市,长岐镇,,,0,,,admin_unmatched_or_ambiguous
52691,茂名,宝长岐镇,东方行政村,莲塘村,茂名市,长岐镇,,,0,,,admin_unmatched_or_ambiguous
52690,茂名,宝长岐镇,东方行政村,高科村,茂名市,长岐镇,,,0,,,admin_unmatched_or_ambiguous
54934,茂名,宝长岐镇,塘北行政村,东头村,茂名市,长岐镇,,,0,,,admin_unmatched_or_ambiguous
52727,茂名,宝长岐镇,塘北行政村,低下村,茂名市,长岐镇,,,0,,,admin_unmatched_or_ambiguous
52730,茂名,宝长岐镇,塘北行政村,塘北头村,茂名市,长岐镇,,,0,,,admin_unmatched_or_ambiguous
52726,茂名,宝长岐镇,塘北行政村,大沙地村,茂名市,长岐镇,,,0,,,admin_unmatched_or_ambiguous
52736,茂名,宝长岐镇,塘北行政村,头村,茂名市,长岐镇,,,0,,,admin_unmatched_or_ambiguous
52728,茂名,宝长岐镇,塘北行政村,官地头村,茂名市,长岐镇,,,0,,,admin_unmatched_or_ambiguous
52731,茂名,宝长岐镇,塘北行政村,巷北村,茂名市,长岐镇,,,0,,,admin_unmatched_or_ambiguous
52732,茂名,宝长岐镇,塘北行政村,巷西村,茂名市,长岐镇,,,0,,,admin_unmatched_or_ambiguous
52740,茂名,宝长岐镇,塘北行政村,拂尾村,茂名市,长岐镇,,,0,,,admin_unmatched_or_ambiguous
52733,茂名,宝长岐镇,塘北行政村,新塘儿村,茂名市,长岐镇,,,0,,,admin_unmatched_or_ambiguous
52737,茂名,宝长岐镇,塘北行政村,王屋村,茂名市,长岐镇,,,0,,,admin_unmatched_or_ambiguous
52739,茂名,宝长岐镇,塘北行政村,由坡村,茂名市,长岐镇,,,0,,,admin_unmatched_or_ambiguous
52738,茂名,宝长岐镇,塘北行政村,西头村,茂名市,长岐镇,,,0,,,admin_unmatched_or_ambiguous
52734,茂名,宝长岐镇,塘北行政村,飞鸦村,茂名市,长岐镇,,,0,,,admin_unmatched_or_ambiguous
52735,茂名,宝长岐镇,塘北行政村,高一村,茂名市,长岐镇,,,0,,,admin_unmatched_or_ambiguous
52729,茂名,宝长岐镇,塘北行政村,鸡母村,茂名市,长岐镇,,,0,,,admin_unmatched_or_ambiguous
57092,茂名,山阁镇,那际行政村,上那际村,茂名市,山阁镇,,,0,,,admin_unmatched_or_ambiguous
57094,茂名,山阁镇,那际行政村,下那际村,茂名市,山阁镇,,,0,,,admin_unmatched_or_ambiguous
57093,茂名,山阁镇,那际行政村,中那际村,茂名市,山阁镇,,,0,,,admin_unmatched_or_ambiguous
57098,茂名,山阁镇,那际行政村,大圳口村,茂名市,山阁镇,,,0,,,admin_unmatched_or_ambiguous
57096,茂名,山阁镇,那际行政村,树森渡村,茂名市,山阁镇,,,0,,,admin_unmatched_or_ambiguous
57097,茂名,山阁镇,那际行政村,车田屋村,茂名市,山阁镇,,,0,,,admin_unmatched_or_ambiguous
57095,茂名,山阁镇,那际行政村,龙山坡村,茂名市,山阁镇,,,0,,,admin_unmatched_or_ambiguous
57088,茂名,山阁镇,高车行政村,大坡村,茂名市,山阁镇,,,0,,,admin_unmatched_or_ambiguous
57089,茂名,山阁镇,高车行政村,大垭村,茂名市,山阁镇,,,0,,,admin_unmatched_or_ambiguous
57091,茂名,山阁镇,高车行政村,大塘掩村,茂名市,山阁镇,,,0,,,admin_unmatched_or_ambiguous
57087,茂名,山阁镇,高车行政村,高车村,茂名市,山阁镇,,,0,,,admin_unmatched_or_ambiguous
57090,茂名,山阁镇,高车行政村,黄坭车村,茂名市,山阁镇,,,0,,,admin_unmatched_or_ambiguous
46500,茂名,岭门镇,夏蓝行政村,内村,茂名市,岭门镇,,,0,,,admin_unmatched_or_ambiguous
46498,茂名,岭门镇,夏蓝行政村,冯屋村,茂名市,岭门镇,,,0,,,admin_unmatched_or_ambiguous
46501,茂名,岭门镇,夏蓝行政村,排塘村,茂名市,岭门镇,,,0,,,admin_unmatched_or_ambiguous
46499,茂名,岭门镇,夏蓝行政村,篱仔山村,茂名市,岭门镇,,,0,,,admin_unmatched_or_ambiguous
46465,茂名,岭门镇,岭门社区,第一片区,茂名市,岭门镇,,,0,,,admin_unmatched_or_ambiguous
46464,茂名,岭门镇,岭门社区,第三片区,茂名市,岭门镇,,,0,,,admin_unmatched_or_ambiguous
46463,茂名,岭门镇,岭门社区,第二片区,茂名市,岭门镇,,,0,,,admin_unmatched_or_ambiguous
60028,茂名,平塘镇,梦棉行政村,三村,茂名市,平塘镇,,,0,,,admin_unmatched_or_ambiguous
60029,茂名,平塘镇,梦棉行政村,二村,茂名市,平塘镇,,,0,,,admin_unmatched_or_ambiguous
60027,茂名,平塘镇,梦棉行政村,桐头村,茂名市,平塘镇,,,0,,,admin_unmatched_or_ambiguous
55596,茂名,平定镇,旺桐行政村,丰树平村,茂名市,平定镇,,,0,,,admin_unmatched_or_ambiguous
55599,茂名,平定镇,旺桐行政村,古卜塘村,茂名市,平定镇,,,0,,,admin_unmatched_or_ambiguous
55595,茂名,平定镇,旺桐行政村,大旺桐村,茂名市,平定镇,,,0,,,admin_unmatched_or_ambiguous
55602,茂名,平定镇,旺桐行政村,山羊尾村,茂名市,平定镇,,,0,,,admin_unmatched_or_ambiguous
55600,茂名,平定镇,旺桐行政村,岭底村,茂名市,平定镇,,,0,,,admin_unmatched_or_ambiguous
55605,茂名,平定镇,旺桐行政村,水口村,茂名市,平定镇,,,0,,,admin_unmatched_or_ambiguous
55607,茂名,平定镇,旺桐行政村,洋环村,茂名市,平定镇,,,0,,,admin_unmatched_or_ambiguous
55603,茂名,平定镇,旺桐行政村,深塘子村,茂名市,平定镇,,,0,,,admin_unmatched_or_ambiguous
55604,茂名,平定镇,旺桐行政村,石九塘村,茂名市,平定镇,,,0,,,admin_unmatched_or_ambiguous
55601,茂名,平定镇,旺桐行政村,茅元蜗村,茂名市,平定镇,,,0,,,admin_unmatched_or_ambiguous
55598,茂名,平定镇,旺桐行政村,高山村,茂名市,平定镇,,,0,,,admin_unmatched_or_ambiguous
55597,茂名,平定镇,旺桐行政村,高禾桐村,茂名市,平定镇,,,0,,,admin_unmatched_or_ambiguous
55606,茂名,平定镇,旺桐行政村,鸭蛋坡村,茂名市,平定镇,,,0,,,admin_unmatched_or_ambiguous
55469,茂名,平定镇,蓬利行政村,上屋岭村,茂名市,平定镇,,,0,,,admin_unmatched_or_ambiguous
55454,茂名,平定镇,蓬利行政村,丰树坪村,茂名市,平定镇,,,0,,,admin_unmatched_or_ambiguous
55451,茂名,平定镇,蓬利行政村,低塘村,茂名市,平定镇,,,0,,,admin_unmatched_or_ambiguous
55450,茂名,平定镇,蓬利行政村,低桐村,茂名市,平定镇,,,0,,,admin_unmatched_or_ambiguous
55452,茂名,平定镇,蓬利行政村,垌中间村,茂名市,平定镇,,,0,,,admin_unmatched_or_ambiguous
55472,茂名,平定镇,蓬利行政村,学头村,茂名市,平定镇,,,0,,,admin_unmatched_or_ambiguous
55457,茂名,平定镇,蓬利行政村,家和龙村,茂名市,平定镇,,,0,,,admin_unmatched_or_ambiguous
55466,茂名,平定镇,蓬利行政村,庙子角村,茂名市,平定镇,,,0,,,admin_unmatched_or_ambiguous
55465,茂名,平定镇,蓬利行政村,庙山脚村,茂名市,平定镇,,,0,,,admin_unmatched_or_ambiguous
55471,茂名,平定镇,蓬利行政村,新屋地村,茂名市,平定镇,,,0,,,admin_unmatched_or_ambiguous
55467,茂名,平定镇,蓬利行政村,木路村,茂名市,平定镇,,,0,,,admin_unmatched_or_ambiguous
55448,茂名,平定镇,蓬利行政村,波罗根村,茂名市,平定镇,,,0,,,admin_unmatched_or_ambiguous
55453,茂名,平定镇,蓬利行政村,渡视田村,茂名市,平定镇,,,0,,,admin_unmatched_or_ambiguous
55470,茂名,平定镇,蓬利行政村,石门村,茂名市,平定镇,,,0,,,admin_unmatched_or_ambiguous
55473,茂名,平定镇,蓬利行政村,芷潦蜗村,茂名市,平定镇,,,0,,,admin_unmatched_or_ambiguous
55468,茂名,平定镇,蓬利行政村,蓬利村,茂名市,平定镇,,,0,,,admin_unmatched_or_ambiguous
55449,茂名,平定镇,蓬利行政村,车田龙村,茂名市,平定镇,,,0,,,admin_unmatched_or_ambiguous
55459,茂名,平定镇,蓬利行政村,陆周坡村,茂名市,平定镇,,,0,,,admin_unmatched_or_ambiguous
55458,茂名,平定镇,蓬利行政村,陆周村,茂名市,平定镇,,,0,,,admin_unmatched_or_ambiguous
55463,茂名,平定镇,蓬利行政村,马头圩村,茂名市,平定镇,,,0,,,admin_unmatched_or_ambiguous
55462,茂名,平定镇,蓬利行政村,马头湾村,茂名市,平定镇,,,0,,,admin_unmatched_or_ambiguous
55464,茂名,平定镇,蓬利行政村,马旺塘村,茂名市,平定镇,,,0,,,admin_unmatched_or_ambiguous
55461,茂名,平定镇,蓬利行政村,马路岭村,茂名市,平定镇,,,0,,,admin_unmatched_or_ambiguous
55456,茂名,平定镇,蓬利行政村,高田村,茂名市,平定镇,,,0,,,admin_unmatched_or_ambiguous
55455,茂名,平定镇,蓬利行政村,高车田村,茂名市,平定镇,,,0,,,admin_unmatched_or_ambiguous
55460,茂名,平定镇,蓬利行政村,麻竹园村,茂名市,平定镇,,,0,,,admin_unmatched_or_ambiguous
55591,茂名,平定镇,陆赠行政村,下村,茂名市,平定镇,,,0,,,admin_unmatched_or_ambiguous
55592,茂名,平定镇,陆赠行政村,下陆赠村,茂名市,平定镇,,,0,,,admin_unmatched_or_ambiguous
55583,茂名,平定镇,陆赠行政村,丰塘村,茂名市,平定镇,,,0,,,admin_unmatched_or_ambiguous
55585,茂名,平定镇,陆赠行政村,官塘坡村,茂名市,平定镇,,,0,,,admin_unmatched_or_ambiguous
55582,茂名,平定镇,陆赠行政村,担伞塘村,茂名市,平定镇,,,0,,,admin_unmatched_or_ambiguous
55593,茂名,平定镇,陆赠行政村,新村,茂名市,平定镇,,,0,,,admin_unmatched_or_ambiguous
55584,茂名,平定镇,陆赠行政村,格罗蜗村,茂名市,平定镇,,,0,,,admin_unmatched_or_ambiguous
55589,茂名,平定镇,陆赠行政村,江督村,茂名市,平定镇,,,0,,,admin_unmatched_or_ambiguous
55587,茂名,平定镇,陆赠行政村,河村,茂名市,平定镇,,,0,,,admin_unmatched_or_ambiguous
55586,茂名,平定镇,陆赠行政村,河背岭村,茂名市,平定镇,,,0,,,admin_unmatched_or_ambiguous
55594,茂名,平定镇,陆赠行政村,竹计村,茂名市,平定镇,,,0,,,admin_unmatched_or_ambiguous
55590,茂名,平定镇,陆赠行政村,良西埽村,茂名市,平定镇,,,0,,,admin_unmatched_or_ambiguous
55588,茂名,平定镇,陆赠行政村,黄鳝塘村,茂名市,平定镇,,,0,,,admin_unmatched_or_ambiguous
60165,茂名,思贺镇,大榔行政村,中桐村,茂名市,思贺镇,,,0,,,admin_unmatched_or_ambiguous
60164,茂名,思贺镇,大榔行政村,坑尾村,茂名市,思贺镇,,,0,,,admin_unmatched_or_ambiguous
60161,茂名,思贺镇,大榔行政村,大寨村,茂名市,思贺镇,,,0,,,admin_unmatched_or_ambiguous
60160,茂名,思贺镇,大榔行政村,白水垌村,茂名市,思贺镇,,,0,,,admin_unmatched_or_ambiguous
60163,茂名,思贺镇,大榔行政村,禾仓村,茂名市,思贺镇,,,0,,,admin_unmatched_or_ambiguous
60159,茂名,思贺镇,大榔行政村,车垌村,茂名市,思贺镇,,,0,,,admin_unmatched_or_ambiguous
60162,茂名,思贺镇,大榔行政村,高楼村,茂名市,思贺镇,,,0,,,admin_unmatched_or_ambiguous
55255,茂名,播扬镇,谭灯行政村,三叉塘村,茂名市,播扬镇,,,0,,,admin_unmatched_or_ambiguous
55257,茂名,播扬镇,谭灯行政村,上谭灯村,茂名市,播扬镇,,,0,,,admin_unmatched_or_ambiguous
55259,茂名,播扬镇,谭灯行政村,下谭灯村,茂名市,播扬镇,,,0,,,admin_unmatched_or_ambiguous
55253,茂名,播扬镇,谭灯行政村,坑口村,茂名市,播扬镇,,,0,,,admin_unmatched_or_ambiguous
55251,茂名,播扬镇,谭灯行政村,城肚背村,茂名市,播扬镇,,,0,,,admin_unmatched_or_ambiguous
55252,茂名,播扬镇,谭灯行政村,大坑村,茂名市,播扬镇,,,0,,,admin_unmatched_or_ambiguous
55256,茂名,播扬镇,谭灯行政村,山心化村,茂名市,播扬镇,,,0,,,admin_unmatched_or_ambiguous
55260,茂名,播扬镇,谭灯行政村,碰必村,茂名市,播扬镇,,,0,,,admin_unmatched_or_ambiguous
55254,茂名,播扬镇,谭灯行政村,良塘村,茂名市,播扬镇,,,0,,,admin_unmatched_or_ambiguous
55258,茂名,播扬镇,谭灯行政村,西中坡村,茂名市,播扬镇,,,0,,,admin_unmatched_or_ambiguous
55250,茂名,播扬镇,谭灯行政村,车头龙村,茂名市,播扬镇,,,0,,,admin_unmatched_or_ambiguous
55249,茂名,播扬镇,谭灯行政村,陂头村,茂名市,播扬镇,,,0,,,admin_unmatched_or_ambiguous
52819,茂名,文楼镇,桐生行政村,上村坡村,茂名市,文楼镇,,,0,,,admin_unmatched_or_ambiguous
52811,茂名,文楼镇,桐生行政村,东广桐村,茂名市,文楼镇,,,0,,,admin_unmatched_or_ambiguous
52815,茂名,文楼镇,桐生行政村,六茶村,茂名市,文楼镇,,,0,,,admin_unmatched_or_ambiguous
52814,茂名,文楼镇,桐生行政村,勒竹塘村,茂名市,文楼镇,,,0,,,admin_unmatched_or_ambiguous
52821,茂名,文楼镇,桐生行政村,双豆村,茂名市,文楼镇,,,0,,,admin_unmatched_or_ambiguous
52822,茂名,文楼镇,桐生行政村,塘华角村,茂名市,文楼镇,,,0,,,admin_unmatched_or_ambiguous
52810,茂名,文楼镇,桐生行政村,大塘尾村,茂名市,文楼镇,,,0,,,admin_unmatched_or_ambiguous
52809,茂名,文楼镇,桐生行政村,大塘村,茂名市,文楼镇,,,0,,,admin_unmatched_or_ambiguous
52812,茂名,文楼镇,桐生行政村,桐平村,茂名市,文楼镇,,,0,,,admin_unmatched_or_ambiguous
52813,茂名,文楼镇,桐生行政村,桐生村,茂名市,文楼镇,,,0,,,admin_unmatched_or_ambiguous
52817,茂名,文楼镇,桐生行政村,梅子垌村,茂名市,文楼镇,,,0,,,admin_unmatched_or_ambiguous
52820,茂名,文楼镇,桐生行政村,石塘村,茂名市,文楼镇,,,0,,,admin_unmatched_or_ambiguous
52824,茂名,文楼镇,桐生行政村,秧地坡村,茂名市,文楼镇,,,0,,,admin_unmatched_or_ambiguous
52816,茂名,文楼镇,桐生行政村,茅垌村,茂名市,文楼镇,,,0,,,admin_unmatched_or_ambiguous
52823,茂名,文楼镇,桐生行政村,西岸村,茂名市,文楼镇,,,0,,,admin_unmatched_or_ambiguous
52825,茂名,文楼镇,桐生行政村,长田村,茂名市,文楼镇,,,0,,,admin_unmatched_or_ambiguous
52818,茂名,文楼镇,桐生行政村,门口岭村,茂名市,文楼镇,,,0,,,admin_unmatched_or_ambiguous
57741,茂名,新华街道,新华东社区,茂新村,茂名市,新华街道,,,0,,,admin_unmatched_or_ambiguous
58081,茂名,新坡镇,华德岭行政村,华德岭村,茂名市,新坡镇,,,0,,,admin_unmatched_or_ambiguous
58057,茂名,新坡镇,合水行政村,东利村,茂名市,新坡镇,,,0,,,admin_unmatched_or_ambiguous
58058,茂名,新坡镇,合水行政村,南利村,茂名市,新坡镇,,,0,,,admin_unmatched_or_ambiguous
58055,茂名,新坡镇,合水行政村,合水村,茂名市,新坡镇,,,0,,,admin_unmatched_or_ambiguous
58059,茂名,新坡镇,合水行政村,新屋村,茂名市,新坡镇,,,0,,,admin_unmatched_or_ambiguous
58062,茂名,新坡镇,合水行政村,李八村,茂名市,新坡镇,,,0,,,admin_unmatched_or_ambiguous
58056,茂名,新坡镇,合水行政村,果子园村,茂名市,新坡镇,,,0,,,admin_unmatched_or_ambiguous
58061,茂名,新坡镇,合水行政村,郁芬村,茂名市,新坡镇,,,0,,,admin_unmatched_or_ambiguous
58060,茂名,新坡镇,合水行政村,高地村,茂名市,新坡镇,,,0,,,admin_unmatched_or_ambiguous
58072,茂名,新坡镇,文冲口行政村,屈屋村,茂名市,新坡镇,,,0,,,admin_unmatched_or_ambiguous
58069,茂名,新坡镇,文冲口行政村,忠心堂村,茂名市,新坡镇,,,0,,,admin_unmatched_or_ambiguous
58064,茂名,新坡镇,文冲口行政村,文冲口村,茂名市,新坡镇,,,0,,,admin_unmatched_or_ambiguous
58065,茂名,新坡镇,文冲口行政村,文安村,茂名市,新坡镇,,,0,,,admin_unmatched_or_ambiguous
58067,茂名,新坡镇,文冲口行政村,文新村,茂名市,新坡镇,,,0,,,admin_unmatched_or_ambiguous
58066,茂名,新坡镇,文冲口行政村,文进村,茂名市,新坡镇,,,0,,,admin_unmatched_or_ambiguous
58073,茂名,新坡镇,文冲口行政村,新屋村,茂名市,新坡镇,,,0,,,admin_unmatched_or_ambiguous
58071,茂名,新坡镇,文冲口行政村,烧酒坡村,茂名市,新坡镇,,,0,,,admin_unmatched_or_ambiguous
58068,茂名,新坡镇,文冲口行政村,谢屋村,茂名市,新坡镇,,,0,,,admin_unmatched_or_ambiguous
58070,茂名,新坡镇,文冲口行政村,陈屋坡村,茂名市,新坡镇,,,0,,,admin_unmatched_or_ambiguous
58043,茂名,新坡镇,新坡行政村,坡积村,茂名市,新坡镇,,,0,,,admin_unmatched_or_ambiguous
58047,茂名,新坡镇,新坡行政村,塘金村,茂名市,新坡镇,,,0,,,admin_unmatched_or_ambiguous
58046,茂名,新坡镇,新坡行政村,山仔村,茂名市,新坡镇,,,0,,,admin_unmatched_or_ambiguous
58045,茂名,新坡镇,新坡行政村,山塘底村,茂名市,新坡镇,,,0,,,admin_unmatched_or_ambiguous
58044,茂名,新坡镇,新坡行政村,山尾村,茂名市,新坡镇,,,0,,,admin_unmatched_or_ambiguous
58038,茂名,新坡镇,新坡行政村,新坡村,茂名市,新坡镇,,,0,,,admin_unmatched_or_ambiguous
58041,茂名,新坡镇,新坡行政村,林屋山村,茂名市,新坡镇,,,0,,,admin_unmatched_or_ambiguous
58048,茂名,新坡镇,新坡行政村,王屋村,茂名市,新坡镇,,,0,,,admin_unmatched_or_ambiguous
58042,茂名,新坡镇,新坡行政村,石山脚村,茂名市,新坡镇,,,0,,,admin_unmatched_or_ambiguous
58040,茂名,新坡镇,新坡行政村,荔枝园村,茂名市,新坡镇,,,0,,,admin_unmatched_or_ambiguous
58039,茂名,新坡镇,新坡行政村,车头屋村,茂名市,新坡镇,,,0,,,admin_unmatched_or_ambiguous
58063,茂名,新坡镇,新城行政村,新城村,茂名市,新坡镇,,,0,,,admin_unmatched_or_ambiguous
58051,茂名,新坡镇,车田行政村,公塘村,茂名市,新坡镇,,,0,,,admin_unmatched_or_ambiguous
58050,茂名,新坡镇,车田行政村,北斗村,茂名市,新坡镇,,,0,,,admin_unmatched_or_ambiguous
58054,茂名,新坡镇,车田行政村,岭仔村,茂名市,新坡镇,,,0,,,admin_unmatched_or_ambiguous
58052,茂名,新坡镇,车田行政村,新福村,茂名市,新坡镇,,,0,,,admin_unmatched_or_ambiguous
58053,茂名,新坡镇,车田行政村,林屋村,茂名市,新坡镇,,,0,,,admin_unmatched_or_ambiguous
58049,茂名,新坡镇,车田行政村,车田村,茂名市,新坡镇,,,0,,,admin_unmatched_or_ambiguous
58077,茂名,新坡镇,高岭行政村,丰田帘村,茂名市,新坡镇,,,0,,,admin_unmatched_or_ambiguous
58079,茂名,新坡镇,高岭行政村,关湖村,茂名市,新坡镇,,,0,,,admin_unmatched_or_ambiguous
58080,茂名,新坡镇,高岭行政村,坡塘村,茂名市,新坡镇,,,0,,,admin_unmatched_or_ambiguous
58078,茂名,新坡镇,高岭行政村,大山岭新村,茂名市,新坡镇,,,0,,,admin_unmatched_or_ambiguous
58076,茂名,新坡镇,高岭行政村,桥东村,茂名市,新坡镇,,,0,,,admin_unmatched_or_ambiguous
58074,茂名,新坡镇,高岭行政村,高岭新村,茂名市,新坡镇,,,0,,,admin_unmatched_or_ambiguous
58075,茂名,新坡镇,高岭行政村,鱼盘塘村,茂名市,新坡镇,,,0,,,admin_unmatched_or_ambiguous
56129,茂名,新安镇,山埽行政村,丹塘山村,茂名市,新安镇,,,0,,,admin_unmatched_or_ambiguous
56131,茂名,新安镇,山埽行政村,京坡村,茂名市,新安镇,,,0,,,admin_unmatched_or_ambiguous
56130,茂名,新安镇,山埽行政村,勾刀山村,茂名市,新安镇,,,0,,,admin_unmatched_or_ambiguous
56137,茂名,新安镇,山埽行政村,埽表村,茂名市,新安镇,,,0,,,admin_unmatched_or_ambiguous
56127,茂名,新安镇,山埽行政村,大朗园村,茂名市,新安镇,,,0,,,admin_unmatched_or_ambiguous
56128,茂名,新安镇,山埽行政村,大鸭村,茂名市,新安镇,,,0,,,admin_unmatched_or_ambiguous
56135,茂名,新安镇,山埽行政村,山埽村,茂名市,新安镇,,,0,,,admin_unmatched_or_ambiguous
56136,茂名,新安镇,山埽行政村,石滩村,茂名市,新安镇,,,0,,,admin_unmatched_or_ambiguous
56132,茂名,新安镇,山埽行政村,礼堂村,茂名市,新安镇,,,0,,,admin_unmatched_or_ambiguous
56134,茂名,新安镇,山埽行政村,马留埠村,茂名市,新安镇,,,0,,,admin_unmatched_or_ambiguous
56133,茂名,新安镇,山埽行政村,龙塘村,茂名市,新安镇,,,0,,,admin_unmatched_or_ambiguous
60060,茂名,新宝镇,五桐行政村,冬笋坑村,茂名市,新宝镇,,,0,,,admin_unmatched_or_ambiguous
60062,茂名,新宝镇,五桐行政村,垠头村,茂名市,新宝镇,,,0,,,admin_unmatched_or_ambiguous
60061,茂名,新宝镇,五桐行政村,沙木坑村,茂名市,新宝镇,,,0,,,admin_unmatched_or_ambiguous
60049,茂名,新宝镇,新宝行政村,七木村,茂名市,新宝镇,,,0,,,admin_unmatched_or_ambiguous
60056,茂名,新宝镇,新宝行政村,中伙村,茂名市,新宝镇,,,0,,,admin_unmatched_or_ambiguous
60059,茂名,新宝镇,新宝行政村,中桐村,茂名市,新宝镇,,,0,,,admin_unmatched_or_ambiguous
60043,茂名,新宝镇,新宝行政村,坳背村,茂名市,新宝镇,,,0,,,admin_unmatched_or_ambiguous
60052,茂名,新宝镇,新宝行政村,塘肚村,茂名市,新宝镇,,,0,,,admin_unmatched_or_ambiguous
60044,茂名,新宝镇,新宝行政村,大冲村,茂名市,新宝镇,,,0,,,admin_unmatched_or_ambiguous
60045,茂名,新宝镇,新宝行政村,对门村,茂名市,新宝镇,,,0,,,admin_unmatched_or_ambiguous
60057,茂名,新宝镇,新宝行政村,新坑村,茂名市,新宝镇,,,0,,,admin_unmatched_or_ambiguous
60055,茂名,新宝镇,新宝行政村,新宝村,茂名市,新宝镇,,,0,,,admin_unmatched_or_ambiguous
60058,茂名,新宝镇,新宝行政村,旭山村,茂名市,新宝镇,,,0,,,admin_unmatched_or_ambiguous
60051,茂名,新宝镇,新宝行政村,松墩村,茂名市,新宝镇,,,0,,,admin_unmatched_or_ambiguous
60054,茂名,新宝镇,新宝行政村,校背村,茂名市,新宝镇,,,0,,,admin_unmatched_or_ambiguous
60048,茂名,新宝镇,新宝行政村,楼脚村,茂名市,新宝镇,,,0,,,admin_unmatched_or_ambiguous
60050,茂名,新宝镇,新宝行政村,水尾村,茂名市,新宝镇,,,0,,,admin_unmatched_or_ambiguous
60053,茂名,新宝镇,新宝行政村,细猛村,茂名市,新宝镇,,,0,,,admin_unmatched_or_ambiguous
60047,茂名,新宝镇,新宝行政村,高坎村,茂名市,新宝镇,,,0,,,admin_unmatched_or_ambiguous
60046,茂名,新宝镇,新宝行政村,高街村,茂名市,新宝镇,,,0,,,admin_unmatched_or_ambiguous
54845,茂名,新桐镇,凤坑行政村,凤一村,茂名市,新垌镇,,,0,,,admin_unmatched_or_ambiguous
49268,茂名,新桐镇,凤坑行政村,凤三村,茂名市,新垌镇,,,0,,,admin_unmatched_or_ambiguous
49267,茂名,新桐镇,凤坑行政村,凤二村,茂名市,新垌镇,,,0,,,admin_unmatched_or_ambiguous
49269,茂名,新桐镇,凤坑行政村,凤坑角村,茂名市,新垌镇,,,0,,,admin_unmatched_or_ambiguous
49266,茂名,新桐镇,凤坑行政村,塘辽地村,茂名市,新垌镇,,,0,,,admin_unmatched_or_ambiguous
49272,茂名,新桐镇,凤坑行政村,岭一村,茂名市,新垌镇,,,0,,,admin_unmatched_or_ambiguous
49273,茂名,新桐镇,凤坑行政村,岭二村,茂名市,新垌镇,,,0,,,admin_unmatched_or_ambiguous
49274,茂名,新桐镇,凤坑行政村,沙地元村,茂名市,新垌镇,,,0,,,admin_unmatched_or_ambiguous
49275,茂名,新桐镇,凤坑行政村,石门村,茂名市,新垌镇,,,0,,,admin_unmatched_or_ambiguous
49271,茂名,新桐镇,凤坑行政村,荔枝园村,茂名市,新垌镇,,,0,,,admin_unmatched_or_ambiguous
49270,茂名,新桐镇,凤坑行政村,高车村,茂名市,新垌镇,,,0,,,admin_unmatched_or_ambiguous
49106,茂名,新桐镇,流桐行政村,下流桐村,茂名市,新垌镇,,,0,,,admin_unmatched_or_ambiguous
49107,茂名,新桐镇,流桐行政村,仙桃根村,茂名市,新垌镇,,,0,,,admin_unmatched_or_ambiguous
49099,茂名,新桐镇,流桐行政村,割茅坪村,茂名市,新垌镇,,,0,,,admin_unmatched_or_ambiguous
49097,茂名,新桐镇,流桐行政村,坳子田村,茂名市,新垌镇,,,0,,,admin_unmatched_or_ambiguous
49110,茂名,新桐镇,流桐行政村,垃各村,茂名市,新垌镇,,,0,,,admin_unmatched_or_ambiguous
49098,茂名,新桐镇,流桐行政村,大头根村,茂名市,新垌镇,,,0,,,admin_unmatched_or_ambiguous
54836,茂名,新桐镇,流桐行政村,官窿村,茂名市,新垌镇,,,0,,,admin_unmatched_or_ambiguous
49104,茂名,新桐镇,流桐行政村,山珠胡村,茂名市,新垌镇,,,0,,,admin_unmatched_or_ambiguous
49103,茂名,新桐镇,流桐行政村,山胡坪村,茂名市,新垌镇,,,0,,,admin_unmatched_or_ambiguous
49111,茂名,新桐镇,流桐行政村,庄公田村,茂名市,新垌镇,,,0,,,admin_unmatched_or_ambiguous
49108,茂名,新桐镇,流桐行政村,新岭村,茂名市,新垌镇,,,0,,,admin_unmatched_or_ambiguous
49109,茂名,新桐镇,流桐行政村,新窝村,茂名市,新垌镇,,,0,,,admin_unmatched_or_ambiguous
49105,茂名,新桐镇,流桐行政村,窝利村,茂名市,新垌镇,,,0,,,admin_unmatched_or_ambiguous
49100,茂名,新桐镇,流桐行政村,过街村,茂名市,新垌镇,,,0,,,admin_unmatched_or_ambiguous
49101,茂名,新桐镇,流桐行政村,黄泥田村,茂名市,新垌镇,,,0,,,admin_unmatched_or_ambiguous
49102,茂名,新桐镇,流桐行政村,龙尾村,茂名市,新垌镇,,,0,,,admin_unmatched_or_ambiguous
54837,茂名,新桐镇,流桐行政村,龙眼坪村,茂名市,新垌镇,,,0,,,admin_unmatched_or_ambiguous
49287,茂名,新桐镇,高联行政村,双合田村,茂名市,新垌镇,,,0,,,admin_unmatched_or_ambiguous
49288,茂名,新桐镇,高联行政村,塘窝村,茂名市,新垌镇,,,0,,,admin_unmatched_or_ambiguous
49276,茂名,新桐镇,高联行政村,墩背村,茂名市,新垌镇,,,0,,,admin_unmatched_or_ambiguous
49279,茂名,新桐镇,高联行政村,岭下村,茂名市,新垌镇,,,0,,,admin_unmatched_or_ambiguous
49284,茂名,新桐镇,高联行政村,彭村,茂名市,新垌镇,,,0,,,admin_unmatched_or_ambiguous
49286,茂名,新桐镇,高联行政村,拥坑村,茂名市,新垌镇,,,0,,,admin_unmatched_or_ambiguous
54847,茂名,新桐镇,高联行政村,朱垌村,茂名市,新垌镇,,,0,,,admin_unmatched_or_ambiguous
54846,茂名,新桐镇,高联行政村,窑仔村,茂名市,新垌镇,,,0,,,admin_unmatched_or_ambiguous
49282,茂名,新桐镇,高联行政村,罗便村,茂名市,新垌镇,,,0,,,admin_unmatched_or_ambiguous
49283,茂名,新桐镇,高联行政村,罗坑角村,茂名市,新垌镇,,,0,,,admin_unmatched_or_ambiguous
49285,茂名,新桐镇,高联行政村,蒲田桐村,茂名市,新垌镇,,,0,,,admin_unmatched_or_ambiguous
49281,茂名,新桐镇,高联行政村,路村,茂名市,新垌镇,,,0,,,admin_unmatched_or_ambiguous
49278,茂名,新桐镇,高联行政村,高坑村,茂名市,新垌镇,,,0,,,admin_unmatched_or_ambiguous
49277,茂名,新桐镇,高联行政村,高垌村,茂名市,新垌镇,,,0,,,admin_unmatched_or_ambiguous
49280,茂名,新桐镇,高联行政村,龙门坡村,茂名市,新垌镇,,,0,,,admin_unmatched_or_ambiguous
58976,茂名,朱砂镇,古泮行政村,塘面村,茂名市,朱砂镇,,,0,,,admin_unmatched_or_ambiguous
58977,茂名,朱砂镇,古泮行政村,新塘村,茂名市,朱砂镇,,,0,,,admin_unmatched_or_ambiguous
58975,茂名,朱砂镇,古泮行政村,松塘村,茂名市,朱砂镇,,,0,,,admin_unmatched_or_ambiguous
58878,茂名,朱砂镇,朱砂行政村,上坪村,茂名市,朱砂镇,,,0,,,admin_unmatched_or_ambiguous
58879,茂名,朱砂镇,朱砂行政村,上寨村,茂名市,朱砂镇,,,0,,,admin_unmatched_or_ambiguous
58869,茂名,朱砂镇,朱砂行政村,东埔村,茂名市,朱砂镇,,,0,,,admin_unmatched_or_ambiguous
58868,茂名,朱砂镇,朱砂行政村,东安村,茂名市,朱砂镇,,,0,,,admin_unmatched_or_ambiguous
58864,茂名,朱砂镇,朱砂行政村,仓口村,茂名市,朱砂镇,,,0,,,admin_unmatched_or_ambiguous
58872,茂名,朱砂镇,朱砂行政村,令角塘村,茂名市,朱砂镇,,,0,,,admin_unmatched_or_ambiguous
58862,茂名,朱砂镇,朱砂行政村,八快垌村,茂名市,朱砂镇,,,0,,,admin_unmatched_or_ambiguous
58873,茂名,朱砂镇,朱砂行政村,六回村,茂名市,朱砂镇,,,0,,,admin_unmatched_or_ambiguous
58867,茂名,朱砂镇,朱砂行政村,大塘坑村,茂名市,朱砂镇,,,0,,,admin_unmatched_or_ambiguous
58866,茂名,朱砂镇,朱砂行政村,大胜村,茂名市,朱砂镇,,,0,,,admin_unmatched_or_ambiguous
58865,茂名,朱砂镇,朱砂行政村,大陂坪村,茂名市,朱砂镇,,,0,,,admin_unmatched_or_ambiguous
58876,茂名,朱砂镇,朱砂行政村,如良坑村,茂名市,朱砂镇,,,0,,,admin_unmatched_or_ambiguous
58863,茂名,朱砂镇,朱砂行政村,宝庆村,茂名市,朱砂镇,,,0,,,admin_unmatched_or_ambiguous
58881,茂名,朱砂镇,朱砂行政村,新圩村,茂名市,朱砂镇,,,0,,,admin_unmatched_or_ambiguous
58883,茂名,朱砂镇,朱砂行政村,朱砂村,茂名市,朱砂镇,,,0,,,admin_unmatched_or_ambiguous
58875,茂名,朱砂镇,朱砂行政村,棉花园村,茂名市,朱砂镇,,,0,,,admin_unmatched_or_ambiguous
58871,茂名,朱砂镇,朱砂行政村,犁头坑村,茂名市,朱砂镇,,,0,,,admin_unmatched_or_ambiguous
58877,茂名,朱砂镇,朱砂行政村,瑞岭村,茂名市,朱砂镇,,,0,,,admin_unmatched_or_ambiguous
58882,茂名,朱砂镇,朱砂行政村,羊肚垌村,茂名市,朱砂镇,,,0,,,admin_unmatched_or_ambiguous
58874,茂名,朱砂镇,朱砂行政村,茂昌村,茂名市,朱砂镇,,,0,,,admin_unmatched_or_ambiguous
58880,茂名,朱砂镇,朱砂行政村,西垌村,茂名市,朱砂镇,,,0,,,admin_unmatched_or_ambiguous
58870,茂名,朱砂镇,朱砂行政村,金勾村,茂名市,朱砂镇,,,0,,,admin_unmatched_or_ambiguous
59062,茂名,朱砂镇,燕埔行政村,渡头村,茂名市,朱砂镇,,,0,,,admin_unmatched_or_ambiguous
59061,茂名,朱砂镇,燕埔行政村,燕埽村,茂名市,朱砂镇,,,0,,,admin_unmatched_or_ambiguous
59063,茂名,朱砂镇,燕埔行政村,甘美村,茂名市,朱砂镇,,,0,,,admin_unmatched_or_ambiguous
59064,茂名,朱砂镇,燕埔行政村,芜坪村,茂名市,朱砂镇,,,0,,,admin_unmatched_or_ambiguous
54994,茂名,杨梅镇,低通行政村,三角山村,茂名市,杨梅镇,,,0,,,admin_unmatched_or_ambiguous
54999,茂名,杨梅镇,低通行政村,书房脚村,茂名市,杨梅镇,,,0,,,admin_unmatched_or_ambiguous
54991,茂名,杨梅镇,低通行政村,低埔村,茂名市,杨梅镇,,,0,,,admin_unmatched_or_ambiguous
55000,茂名,杨梅镇,低通行政村,埔华村,茂名市,杨梅镇,,,0,,,admin_unmatched_or_ambiguous
54996,茂名,杨梅镇,低通行政村,山耀塘村,茂名市,杨梅镇,,,0,,,admin_unmatched_or_ambiguous
54995,茂名,杨梅镇,低通行政村,山腰地村,茂名市,杨梅镇,,,0,,,admin_unmatched_or_ambiguous
54993,茂名,杨梅镇,低通行政村,木村,茂名市,杨梅镇,,,0,,,admin_unmatched_or_ambiguous
54990,茂名,杨梅镇,低通行政村,白浪村,茂名市,杨梅镇,,,0,,,admin_unmatched_or_ambiguous
55001,茂名,杨梅镇,低通行政村,知义埔村,茂名市,杨梅镇,,,0,,,admin_unmatched_or_ambiguous
54998,茂名,杨梅镇,低通行政村,石匣村,茂名市,杨梅镇,,,0,,,admin_unmatched_or_ambiguous
54997,茂名,杨梅镇,低通行政村,石头埔村,茂名市,杨梅镇,,,0,,,admin_unmatched_or_ambiguous
54992,茂名,杨梅镇,低通行政村,马安埔村,茂名市,杨梅镇,,,0,,,admin_unmatched_or_ambiguous
56520,茂名,林尘镇,下塱行政村,下塘村,茂名市,林尘镇,,,0,,,admin_unmatched_or_ambiguous
56519,茂名,林尘镇,下塱行政村,下瑶村,茂名市,林尘镇,,,0,,,admin_unmatched_or_ambiguous
56522,茂名,林尘镇,下塱行政村,军坡村,茂名市,林尘镇,,,0,,,admin_unmatched_or_ambiguous
56515,茂名,林尘镇,下塱行政村,后背屋村,茂名市,林尘镇,,,0,,,admin_unmatched_or_ambiguous
56513,茂名,林尘镇,下塱行政村,大地村,茂名市,林尘镇,,,0,,,admin_unmatched_or_ambiguous
56514,茂名,林尘镇,下塱行政村,大门口村,茂名市,林尘镇,,,0,,,admin_unmatched_or_ambiguous
56518,茂名,林尘镇,下塱行政村,油行地村,茂名市,林尘镇,,,0,,,admin_unmatched_or_ambiguous
56517,茂名,林尘镇,下塱行政村,瓦屋村,茂名市,林尘镇,,,0,,,admin_unmatched_or_ambiguous
56516,茂名,林尘镇,下塱行政村,荔枝垌村,茂名市,林尘镇,,,0,,,admin_unmatched_or_ambiguous
56523,茂名,林尘镇,下塱行政村,高桐村,茂名市,林尘镇,,,0,,,admin_unmatched_or_ambiguous
56521,茂名,林尘镇,下塱行政村,龙墩村,茂名市,林尘镇,,,0,,,admin_unmatched_or_ambiguous
56417,茂名,林尘镇,古峰行政村,古峰村,茂名市,林尘镇,,,0,,,admin_unmatched_or_ambiguous
56419,茂名,林尘镇,古峰行政村,合水村,茂名市,林尘镇,,,0,,,admin_unmatched_or_ambiguous
56420,茂名,林尘镇,古峰行政村,坡尾村,茂名市,林尘镇,,,0,,,admin_unmatched_or_ambiguous
56418,茂名,林尘镇,古峰行政村,官埔村,茂名市,林尘镇,,,0,,,admin_unmatched_or_ambiguous
56422,茂名,林尘镇,古峰行政村,山下村,茂名市,林尘镇,,,0,,,admin_unmatched_or_ambiguous
56421,茂名,林尘镇,古峰行政村,榕垌村,茂名市,林尘镇,,,0,,,admin_unmatched_or_ambiguous
56423,茂名,林尘镇,古峰行政村,竹山村,茂名市,林尘镇,,,0,,,admin_unmatched_or_ambiguous
46816,茂名,树仔镇,平岚行政村,平岚上村,茂名市,树仔镇,,,0,,,admin_unmatched_or_ambiguous
46817,茂名,树仔镇,平岚行政村,平岚下村,茂名市,树仔镇,,,0,,,admin_unmatched_or_ambiguous
46818,茂名,树仔镇,平岚行政村,平岚中村,茂名市,树仔镇,,,0,,,admin_unmatched_or_ambiguous
46759,茂名,树仔镇,査海行政村,暨海上村,茂名市,树仔镇,,,0,,,admin_unmatched_or_ambiguous
46760,茂名,树仔镇,査海行政村,暨海下村,茂名市,树仔镇,,,0,,,admin_unmatched_or_ambiguous
46761,茂名,树仔镇,査海行政村,暨海中村,茂名市,树仔镇,,,0,,,admin_unmatched_or_ambiguous
53303,茂名,江湖镇,湖边行政村,上桐村,茂名市,江湖镇,,,0,,,admin_unmatched_or_ambiguous
53298,茂名,江湖镇,湖边行政村,九儿地村,茂名市,江湖镇,,,0,,,admin_unmatched_or_ambiguous
53294,茂名,江湖镇,湖边行政村,低坡村,茂名市,江湖镇,,,0,,,admin_unmatched_or_ambiguous
53295,茂名,江湖镇,湖边行政村,合丫坑村,茂名市,江湖镇,,,0,,,admin_unmatched_or_ambiguous
53297,茂名,江湖镇,湖边行政村,坚督村,茂名市,江湖镇,,,0,,,admin_unmatched_or_ambiguous
53293,茂名,江湖镇,湖边行政村,大路边村,茂名市,江湖镇,,,0,,,admin_unmatched_or_ambiguous
53296,茂名,江湖镇,湖边行政村,家齐埔村,茂名市,江湖镇,,,0,,,admin_unmatched_or_ambiguous
53300,茂名,江湖镇,湖边行政村,岭脚村,茂名市,江湖镇,,,0,,,admin_unmatched_or_ambiguous
53305,茂名,江湖镇,湖边行政村,新兴村,茂名市,江湖镇,,,0,,,admin_unmatched_or_ambiguous
54942,茂名,江湖镇,湖边行政村,桥头村,茂名市,江湖镇,,,0,,,admin_unmatched_or_ambiguous
53302,茂名,江湖镇,湖边行政村,母鸡石村,茂名市,江湖镇,,,0,,,admin_unmatched_or_ambiguous
54941,茂名,江湖镇,湖边行政村,湖边村,茂名市,江湖镇,,,0,,,admin_unmatched_or_ambiguous
54943,茂名,江湖镇,湖边行政村,瓦口塘村,茂名市,江湖镇,,,0,,,admin_unmatched_or_ambiguous
53304,茂名,江湖镇,湖边行政村,田头屋村,茂名市,江湖镇,,,0,,,admin_unmatched_or_ambiguous
53299,茂名,江湖镇,湖边行政村,科目琅村,茂名市,江湖镇,,,0,,,admin_unmatched_or_ambiguous
53301,茂名,江湖镇,湖边行政村,路八村,茂名市,江湖镇,,,0,,,admin_unmatched_or_ambiguous
53289,茂名,江湖镇,陈谢行政村,上陈谢村,茂名市,江湖镇,,,0,,,admin_unmatched_or_ambiguous
53292,茂名,江湖镇,陈谢行政村,下陈谢村,茂名市,江湖镇,,,0,,,admin_unmatched_or_ambiguous
53286,茂名,江湖镇,陈谢行政村,六角巷村,茂名市,江湖镇,,,0,,,admin_unmatched_or_ambiguous
53284,茂名,江湖镇,陈谢行政村,大唐村,茂名市,江湖镇,,,0,,,admin_unmatched_or_ambiguous
53285,茂名,江湖镇,陈谢行政村,李文地村,茂名市,江湖镇,,,0,,,admin_unmatched_or_ambiguous
53291,茂名,江湖镇,陈谢行政村,桐油岭村,茂名市,江湖镇,,,0,,,admin_unmatched_or_ambiguous
53288,茂名,江湖镇,陈谢行政村,清水湖村,茂名市,江湖镇,,,0,,,admin_unmatched_or_ambiguous
53290,茂名,江湖镇,陈谢行政村,石岭村,茂名市,江湖镇,,,0,,,admin_unmatched_or_ambiguous
53287,茂名,江湖镇,陈谢行政村,米楼村,茂名市,江湖镇,,,0,,,admin_unmatched_or_ambiguous
57001,茂名,河东街道,方兴社区,方兴村,茂名市,河东街道,,,0,,,admin_unmatched_or_ambiguous
57002,茂名,河东街道,禾黎社区,和石村,茂名市,河东街道,,,0,,,admin_unmatched_or_ambiguous
56998,茂名,河东街道,计星社区,竹园村,茂名市,河东街道,,,0,,,admin_unmatched_or_ambiguous
55296,茂名,河西街道,厂前西社区,樟山村,茂名市,河西街道,,,0,,,admin_unmatched_or_ambiguous
55294,茂名,河西街道,厂前西社区,苏村,茂名市,河西街道,,,0,,,admin_unmatched_or_ambiguous
55295,茂名,河西街道,厂前西社区,金花村,茂名市,河西街道,,,0,,,admin_unmatched_or_ambiguous
51859,茂名,深镇镇,良坪行政村,余屋村,茂名市,深镇镇,,,0,,,admin_unmatched_or_ambiguous
51841,茂名,深镇镇,良坪行政村,利行村,茂名市,深镇镇,,,0,,,admin_unmatched_or_ambiguous
51854,茂名,深镇镇,良坪行政村,北屋村,茂名市,深镇镇,,,0,,,admin_unmatched_or_ambiguous
51839,茂名,深镇镇,良坪行政村,坑中村,茂名市,深镇镇,,,0,,,admin_unmatched_or_ambiguous
51837,茂名,深镇镇,良坪行政村,坑口村,茂名市,深镇镇,,,0,,,admin_unmatched_or_ambiguous
51838,茂名,深镇镇,良坪行政村,坑尾村,茂名市,深镇镇,,,0,,,admin_unmatched_or_ambiguous
51851,茂名,深镇镇,良坪行政村,塘底村,茂名市,深镇镇,,,0,,,admin_unmatched_or_ambiguous
51852,茂名,深镇镇,良坪行政村,塘肚村,茂名市,深镇镇,,,0,,,admin_unmatched_or_ambiguous
51853,茂名,深镇镇,良坪行政村,塘面村,茂名市,深镇镇,,,0,,,admin_unmatched_or_ambiguous
51835,茂名,深镇镇,良坪行政村,墩背垌村,茂名市,深镇镇,,,0,,,admin_unmatched_or_ambiguous
51848,茂名,深镇镇,良坪行政村,山塘尾村,茂名市,深镇镇,,,0,,,admin_unmatched_or_ambiguous
51836,茂名,深镇镇,良坪行政村,放塘北村,茂名市,深镇镇,,,0,,,admin_unmatched_or_ambiguous
51856,茂名,深镇镇,良坪行政村,新垌二村,茂名市,深镇镇,,,0,,,admin_unmatched_or_ambiguous
51858,茂名,深镇镇,良坪行政村,新屋村,茂名市,深镇镇,,,0,,,admin_unmatched_or_ambiguous
51855,茂名,深镇镇,良坪行政村,新村,茂名市,深镇镇,,,0,,,admin_unmatched_or_ambiguous
51857,茂名,深镇镇,良坪行政村,新桐一村,茂名市,深镇镇,,,0,,,admin_unmatched_or_ambiguous
51833,茂名,深镇镇,良坪行政村,村头村,茂名市,深镇镇,,,0,,,admin_unmatched_or_ambiguous
51834,茂名,深镇镇,良坪行政村,村尾村,茂名市,深镇镇,,,0,,,admin_unmatched_or_ambiguous
51847,茂名,深镇镇,良坪行政村,沙地村,茂名市,深镇镇,,,0,,,admin_unmatched_or_ambiguous
51850,茂名,深镇镇,良坪行政村,石旺埔村,茂名市,深镇镇,,,0,,,admin_unmatched_or_ambiguous
51849,茂名,深镇镇,良坪行政村,石榴垌村,茂名市,深镇镇,,,0,,,admin_unmatched_or_ambiguous
51840,茂名,深镇镇,良坪行政村,老屋村,茂名市,深镇镇,,,0,,,admin_unmatched_or_ambiguous
51844,茂名,深镇镇,良坪行政村,良一村,茂名市,深镇镇,,,0,,,admin_unmatched_or_ambiguous
51843,茂名,深镇镇,良坪行政村,良三村,茂名市,深镇镇,,,0,,,admin_unmatched_or_ambiguous
51842,茂名,深镇镇,良坪行政村,良二村,茂名市,深镇镇,,,0,,,admin_unmatched_or_ambiguous
51860,茂名,深镇镇,良坪行政村,长田村,茂名市,深镇镇,,,0,,,admin_unmatched_or_ambiguous
51846,茂名,深镇镇,良坪行政村,雀一村,茂名市,深镇镇,,,0,,,admin_unmatched_or_ambiguous
51845,茂名,深镇镇,良坪行政村,雀二村,茂名市,深镇镇,,,0,,,admin_unmatched_or_ambiguous
48039,茂名,潘州街道,南桥社区,小观山村,茂名市,潘州街道,,,0,,,admin_unmatched_or_ambiguous
48054,茂名,潘州街道,同进行政村,南坑村,茂名市,潘州街道,,,0,,,admin_unmatched_or_ambiguous
48051,茂名,潘州街道,同进行政村,垌尾村,茂名市,潘州街道,,,0,,,admin_unmatched_or_ambiguous
48057,茂名,潘州街道,同进行政村,塘坑村,茂名市,潘州街道,,,0,,,admin_unmatched_or_ambiguous
48056,茂名,潘州街道,同进行政村,塘根玼村,茂名市,潘州街道,,,0,,,admin_unmatched_or_ambiguous
48050,茂名,潘州街道,同进行政村,大氹村,茂名市,潘州街道,,,0,,,admin_unmatched_or_ambiguous
48052,茂名,潘州街道,同进行政村,官坑村,茂名市,潘州街道,,,0,,,admin_unmatched_or_ambiguous
48055,茂名,潘州街道,同进行政村,平坡村,茂名市,潘州街道,,,0,,,admin_unmatched_or_ambiguous
48058,茂名,潘州街道,同进行政村,新村村,茂名市,潘州街道,,,0,,,admin_unmatched_or_ambiguous
48059,茂名,潘州街道,同进行政村,英坡村,茂名市,潘州街道,,,0,,,admin_unmatched_or_ambiguous
48053,茂名,潘州街道,同进行政村,黄岸村,茂名市,潘州街道,,,0,,,admin_unmatched_or_ambiguous
48077,茂名,潘州街道,官杨行政村,丈山村,茂名市,潘州街道,,,0,,,admin_unmatched_or_ambiguous
48070,茂名,潘州街道,官杨行政村,大塘头村,茂名市,潘州街道,,,0,,,admin_unmatched_or_ambiguous
48072,茂名,潘州街道,官杨行政村,官坑村,茂名市,潘州街道,,,0,,,admin_unmatched_or_ambiguous
48071,茂名,潘州街道,官杨行政村,官岸村,茂名市,潘州街道,,,0,,,admin_unmatched_or_ambiguous
48074,茂名,潘州街道,官杨行政村,径口村,茂名市,潘州街道,,,0,,,admin_unmatched_or_ambiguous
48076,茂名,潘州街道,官杨行政村,杨坑村,茂名市,潘州街道,,,0,,,admin_unmatched_or_ambiguous
48075,茂名,潘州街道,官杨行政村,莲桥村,茂名市,潘州街道,,,0,,,admin_unmatched_or_ambiguous
48073,茂名,潘州街道,官杨行政村,金玉堂村,茂名市,潘州街道,,,0,,,admin_unmatched_or_ambiguous
48067,茂名,潘州街道,山美行政村,上排后村,茂名市,潘州街道,,,0,,,admin_unmatched_or_ambiguous
48066,茂名,潘州街道,山美行政村,上村村,茂名市,潘州街道,,,0,,,admin_unmatched_or_ambiguous
48069,茂名,潘州街道,山美行政村,下排后村,茂名市,潘州街道,,,0,,,admin_unmatched_or_ambiguous
48060,茂名,潘州街道,山美行政村,低村村,茂名市,潘州街道,,,0,,,admin_unmatched_or_ambiguous
48062,茂名,潘州街道,山美行政村,何屋村,茂名市,潘州街道,,,0,,,admin_unmatched_or_ambiguous
48065,茂名,潘州街道,山美行政村,梨垌山村,茂名市,潘州街道,,,0,,,admin_unmatched_or_ambiguous
48068,茂名,潘州街道,山美行政村,水简坑村,茂名市,潘州街道,,,0,,,admin_unmatched_or_ambiguous
48063,茂名,潘州街道,山美行政村,火宵坡村,茂名市,潘州街道,,,0,,,admin_unmatched_or_ambiguous
48061,茂名,潘州街道,山美行政村,福地坡村,茂名市,潘州街道,,,0,,,admin_unmatched_or_ambiguous
48064,茂名,潘州街道,山美行政村,雷公塘村,茂名市,潘州街道,,,0,,,admin_unmatched_or_ambiguous
48040,茂名,潘州街道,山美街道云径行政村,云径村,茂名市,潘州街道,,,0,,,admin_unmatched_or_ambiguous
48043,茂名,潘州街道,山美街道云径行政村,宝石村,茂名市,潘州街道,,,0,,,admin_unmatched_or_ambiguous
48041,茂名,潘州街道,山美街道云径行政村,良坑村,茂名市,潘州街道,,,0,,,admin_unmatched_or_ambiguous
48042,茂名,潘州街道,山美街道云径行政村,里坑村,茂名市,潘州街道,,,0,,,admin_unmatched_or_ambiguous
48044,茂名,潘州街道,杨郡行政村,上村村,茂名市,潘州街道,,,0,,,admin_unmatched_or_ambiguous
48045,茂名,潘州街道,杨郡行政村,下村村,茂名市,潘州街道,,,0,,,admin_unmatched_or_ambiguous
48046,茂名,潘州街道,杨郡行政村,平山村,茂名市,潘州街道,,,0,,,admin_unmatched_or_ambiguous
48048,茂名,潘州街道,杨郡行政村,涧坑村,茂名市,潘州街道,,,0,,,admin_unmatched_or_ambiguous
54813,茂名,潘州街道,杨郡行政村,瓜地村,茂名市,潘州街道,,,0,,,admin_unmatched_or_ambiguous
48049,茂名,潘州街道,杨郡行政村,禾沙塘村,茂名市,潘州街道,,,0,,,admin_unmatched_or_ambiguous
48047,茂名,潘州街道,杨郡行政村,良尾村,茂名市,潘州街道,,,0,,,admin_unmatched_or_ambiguous
52282,茂名,潭头镇,大垃行政村,上小垃村,茂名市,潭头镇,,,0,,,admin_unmatched_or_ambiguous
52283,茂名,潭头镇,大垃行政村,下小垃村,茂名市,潭头镇,,,0,,,admin_unmatched_or_ambiguous
52284,茂名,潭头镇,大垃行政村,永一村,茂名市,潭头镇,,,0,,,admin_unmatched_or_ambiguous
52285,茂名,潭头镇,大垃行政村,鸭科村,茂名市,潭头镇,,,0,,,admin_unmatched_or_ambiguous
50064,茂名,石鼓镇,上桐行政村,上垌村,茂名市,石鼓镇,,,0,,,admin_unmatched_or_ambiguous
50061,茂名,石鼓镇,上桐行政村,丰门村,茂名市,石鼓镇,,,0,,,admin_unmatched_or_ambiguous
50060,茂名,石鼓镇,上桐行政村,低村,茂名市,石鼓镇,,,0,,,admin_unmatched_or_ambiguous
54866,茂名,石鼓镇,上桐行政村,南冲村,茂名市,石鼓镇,,,0,,,admin_unmatched_or_ambiguous
50062,茂名,石鼓镇,上桐行政村,密山村,茂名市,石鼓镇,,,0,,,admin_unmatched_or_ambiguous
50065,茂名,石鼓镇,上桐行政村,屋昌村,茂名市,石鼓镇,,,0,,,admin_unmatched_or_ambiguous
50066,茂名,石鼓镇,上桐行政村,新村,茂名市,石鼓镇,,,0,,,admin_unmatched_or_ambiguous
50063,茂名,石鼓镇,上桐行政村,牛轭山村,茂名市,石鼓镇,,,0,,,admin_unmatched_or_ambiguous
49859,茂名,石鼓镇,冲口行政村,公路头村,茂名市,石鼓镇,,,0,,,admin_unmatched_or_ambiguous
49862,茂名,石鼓镇,冲口行政村,冲口村,茂名市,石鼓镇,,,0,,,admin_unmatched_or_ambiguous
49861,茂名,石鼓镇,冲口行政村,大井尾村,茂名市,石鼓镇,,,0,,,admin_unmatched_or_ambiguous
49860,茂名,石鼓镇,冲口行政村,大佬冲村,茂名市,石鼓镇,,,0,,,admin_unmatched_or_ambiguous
49863,茂名,石鼓镇,冲口行政村,木坡村,茂名市,石鼓镇,,,0,,,admin_unmatched_or_ambiguous
49865,茂名,石鼓镇,冲口行政村,杨里坡村,茂名市,石鼓镇,,,0,,,admin_unmatched_or_ambiguous
49864,茂名,石鼓镇,冲口行政村,石兰村,茂名市,石鼓镇,,,0,,,admin_unmatched_or_ambiguous
49858,茂名,石鼓镇,冲口行政村,禾塘儿村,茂名市,石鼓镇,,,0,,,admin_unmatched_or_ambiguous
50077,茂名,石鼓镇,深冲行政村,下塘头村,茂名市,石鼓镇,,,0,,,admin_unmatched_or_ambiguous
50076,茂名,石鼓镇,深冲行政村,下塘村,茂名市,石鼓镇,,,0,,,admin_unmatched_or_ambiguous
50071,茂名,石鼓镇,深冲行政村,军桐村,茂名市,石鼓镇,,,0,,,admin_unmatched_or_ambiguous
50069,茂名,石鼓镇,深冲行政村,垃湖村,茂名市,石鼓镇,,,0,,,admin_unmatched_or_ambiguous
50075,茂名,石鼓镇,深冲行政村,塘坡村,茂名市,石鼓镇,,,0,,,admin_unmatched_or_ambiguous
50074,茂名,石鼓镇,深冲行政村,塘表村,茂名市,石鼓镇,,,0,,,admin_unmatched_or_ambiguous
50070,茂名,石鼓镇,深冲行政村,干塘尾村,茂名市,石鼓镇,,,0,,,admin_unmatched_or_ambiguous
50078,茂名,石鼓镇,深冲行政村,新华塘村,茂名市,石鼓镇,,,0,,,admin_unmatched_or_ambiguous
50079,茂名,石鼓镇,深冲行政村,新屋村,茂名市,石鼓镇,,,0,,,admin_unmatched_or_ambiguous
50073,茂名,石鼓镇,深冲行政村,深冲村,茂名市,石鼓镇,,,0,,,admin_unmatched_or_ambiguous
50067,茂名,石鼓镇,深冲行政村,白南塘村,茂名市,石鼓镇,,,0,,,admin_unmatched_or_ambiguous
50068,茂名,石鼓镇,深冲行政村,白塘村,茂名市,石鼓镇,,,0,,,admin_unmatched_or_ambiguous
50072,茂名,石鼓镇,深冲行政村,茂坡村,茂名市,石鼓镇,,,0,,,admin_unmatched_or_ambiguous
58131,茂名,站前街道,新福社区,岭仔新村,茂名市,站前街道,,,0,,,admin_unmatched_or_ambiguous
58133,茂名,站前街道,新福社区,新福村,茂名市,站前街道,,,0,,,admin_unmatched_or_ambiguous
58134,茂名,站前街道,新福社区,求雨岭村,茂名市,站前街道,,,0,,,admin_unmatched_or_ambiguous
58132,茂名,站前街道,新福社区,油麻坡村,茂名市,站前街道,,,0,,,admin_unmatched_or_ambiguous
58135,茂名,站前街道,站东社区,车上学村,茂名市,站前街道,,,0,,,admin_unmatched_or_ambiguous
58136,茂名,站前街道,苏上学社区,苏上学村,茂名市,站前街道,,,0,,,admin_unmatched_or_ambiguous
58137,茂名,站前街道,高凉南社区,旧塘村,茂名市,站前街道,,,0,,,admin_unmatched_or_ambiguous
44822,茂名,粤观珠镇,佛子楼行政村,佛子楼村,茂名市,观珠镇,,,0,,,admin_unmatched_or_ambiguous
44821,茂名,粤观珠镇,佛子楼行政村,得田屋村,茂名市,观珠镇,,,0,,,admin_unmatched_or_ambiguous
44824,茂名,粤观珠镇,佛子楼行政村,水垌村,茂名市,观珠镇,,,0,,,admin_unmatched_or_ambiguous
44820,茂名,粤观珠镇,佛子楼行政村,赤竹山村,茂名市,观珠镇,,,0,,,admin_unmatched_or_ambiguous
44825,茂名,粤观珠镇,佛子楼行政村,雅楼湖村,茂名市,观珠镇,,,0,,,admin_unmatched_or_ambiguous
44823,茂名,粤观珠镇,佛子楼行政村,马黄桐村,茂名市,观珠镇,,,0,,,admin_unmatched_or_ambiguous
44916,茂名,粤观珠镇,河桐行政村,上高村,茂名市,观珠镇,,,0,,,admin_unmatched_or_ambiguous
44919,茂名,粤观珠镇,河桐行政村,下村,茂名市,观珠镇,,,0,,,admin_unmatched_or_ambiguous
44918,茂名,粤观珠镇,河桐行政村,乌石塘村,茂名市,观珠镇,,,0,,,admin_unmatched_or_ambiguous
44905,茂名,粤观珠镇,河桐行政村,军屯坡村,茂名市,观珠镇,,,0,,,admin_unmatched_or_ambiguous
44912,茂名,粤观珠镇,河桐行政村,古龙塘村,茂名市,观珠镇,,,0,,,admin_unmatched_or_ambiguous
44909,茂名,粤观珠镇,河桐行政村,大塘村,茂名市,观珠镇,,,0,,,admin_unmatched_or_ambiguous
44908,茂名,粤观珠镇,河桐行政村,大村,茂名市,观珠镇,,,0,,,admin_unmatched_or_ambiguous
44910,茂名,粤观珠镇,河桐行政村,大长马村,茂名市,观珠镇,,,0,,,admin_unmatched_or_ambiguous
44920,茂名,粤观珠镇,河桐行政村,巷村,茂名市,观珠镇,,,0,,,admin_unmatched_or_ambiguous
44907,茂名,粤观珠镇,河桐行政村,打醮坡村,茂名市,观珠镇,,,0,,,admin_unmatched_or_ambiguous
44913,茂名,粤观珠镇,河桐行政村,河桐铺村,茂名市,观珠镇,,,0,,,admin_unmatched_or_ambiguous
44922,茂名,粤观珠镇,河桐行政村,洋陆塘村,茂名市,观珠镇,,,0,,,admin_unmatched_or_ambiguous
44917,茂名,粤观珠镇,河桐行政村,石碇坡村,茂名市,观珠镇,,,0,,,admin_unmatched_or_ambiguous
44921,茂名,粤观珠镇,河桐行政村,秀垌村,茂名市,观珠镇,,,0,,,admin_unmatched_or_ambiguous
44915,茂名,粤观珠镇,河桐行政村,罗竹讹村,茂名市,观珠镇,,,0,,,admin_unmatched_or_ambiguous
44914,茂名,粤观珠镇,河桐行政村,荔枝角村,茂名市,观珠镇,,,0,,,admin_unmatched_or_ambiguous
44923,茂名,粤观珠镇,河桐行政村,长山子村,茂名市,观珠镇,,,0,,,admin_unmatched_or_ambiguous
44906,茂名,粤观珠镇,河桐行政村,陈冲村,茂名市,观珠镇,,,0,,,admin_unmatched_or_ambiguous
44911,茂名,粤观珠镇,河桐行政村,高坡村,茂名市,观珠镇,,,0,,,admin_unmatched_or_ambiguous
46954,茂名,粤黄岭镇,丰桐行政村,丰桐村,茂名市,黄岭镇,,,0,,,admin_unmatched_or_ambiguous
46957,茂名,粤黄岭镇,丰桐行政村,元春岭村,茂名市,黄岭镇,,,0,,,admin_unmatched_or_ambiguous
46955,茂名,粤黄岭镇,丰桐行政村,径背塘村,茂名市,黄岭镇,,,0,,,admin_unmatched_or_ambiguous
46956,茂名,粤黄岭镇,丰桐行政村,龙尾村,茂名市,黄岭镇,,,0,,,admin_unmatched_or_ambiguous
46982,茂名,粤黄岭镇,山蕉窝行政村,东方红村,茂名市,黄岭镇,,,0,,,admin_unmatched_or_ambiguous
46981,茂名,粤黄岭镇,山蕉窝行政村,垃角村,茂名市,黄岭镇,,,0,,,admin_unmatched_or_ambiguous
46984,茂名,粤黄岭镇,山蕉窝行政村,山美坑村,茂名市,黄岭镇,,,0,,,admin_unmatched_or_ambiguous
46983,茂名,粤黄岭镇,山蕉窝行政村,山蕉窝村,茂名市,黄岭镇,,,0,,,admin_unmatched_or_ambiguous
46986,茂名,粤黄岭镇,山蕉窝行政村,朱子根村,茂名市,黄岭镇,,,0,,,admin_unmatched_or_ambiguous
46985,茂名,粤黄岭镇,山蕉窝行政村,正付村,茂名市,黄岭镇,,,0,,,admin_unmatched_or_ambiguous
46894,茂名,粤黄岭镇,白石行政村,低琅村,茂名市,黄岭镇,,,0,,,admin_unmatched_or_ambiguous
46893,茂名,粤黄岭镇,白石行政村,大路口村,茂名市,黄岭镇,,,0,,,admin_unmatched_or_ambiguous
46896,茂名,粤黄岭镇,白石行政村,官面村,茂名市,黄岭镇,,,0,,,admin_unmatched_or_ambiguous
46903,茂名,粤黄岭镇,白石行政村,新屋村,茂名市,黄岭镇,,,0,,,admin_unmatched_or_ambiguous
46899,茂名,粤黄岭镇,白石行政村,木谷坪村,茂名市,黄岭镇,,,0,,,admin_unmatched_or_ambiguous
46902,茂名,粤黄岭镇,白石行政村,梧村垌村,茂名市,黄岭镇,,,0,,,admin_unmatched_or_ambiguous
46900,茂名,粤黄岭镇,白石行政村,清华园村,茂名市,黄岭镇,,,0,,,admin_unmatched_or_ambiguous
46892,茂名,粤黄岭镇,白石行政村,白石村,茂名市,黄岭镇,,,0,,,admin_unmatched_or_ambiguous
46901,茂名,粤黄岭镇,白石行政村,石造村,茂名市,黄岭镇,,,0,,,admin_unmatched_or_ambiguous
46895,茂名,粤黄岭镇,白石行政村,符竹桐村,茂名市,黄岭镇,,,0,,,admin_unmatched_or_ambiguous
46897,茂名,粤黄岭镇,白石行政村,角子园村,茂名市,黄岭镇,,,0,,,admin_unmatched_or_ambiguous
46898,茂名,粤黄岭镇,白石行政村,连塘村,茂名市,黄岭镇,,,0,,,admin_unmatched_or_ambiguous
46904,茂名,粤黄岭镇,白石行政村,选村,茂名市,黄岭镇,,,0,,,admin_unmatched_or_ambiguous
46905,茂名,粤黄岭镇,白石行政村,长山园村,茂名市,黄岭镇,,,0,,,admin_unmatched_or_ambiguous
47737,茂名,精粤小良镇,秦村行政村,康魁岭村,茂名市,小良镇,,,0,,,admin_unmatched_or_ambiguous
47736,茂名,精粤小良镇,秦村行政村,福建屋村,茂名市,小良镇,,,0,,,admin_unmatched_or_ambiguous
47738,茂名,精粤小良镇,秦村行政村,秦村,茂名市,小良镇,,,0,,,admin_unmatched_or_ambiguous
48854,茂名,精粤曹江镇,潭村行政村,丁坑村,茂名市,曹江镇,,,0,,,admin_unmatched_or_ambiguous
48863,茂名,精粤曹江镇,潭村行政村,上村,茂名市,曹江镇,,,0,,,admin_unmatched_or_ambiguous
48864,茂名,精粤曹江镇,潭村行政村,上潭村,茂名市,曹江镇,,,0,,,admin_unmatched_or_ambiguous
48868,茂名,精粤曹江镇,潭村行政村,下南村,茂名市,曹江镇,,,0,,,admin_unmatched_or_ambiguous
48861,茂名,精粤曹江镇,潭村行政村,乐地坡村,茂名市,曹江镇,,,0,,,admin_unmatched_or_ambiguous
48858,茂名,精粤曹江镇,潭村行政村,公塘村,茂名市,曹江镇,,,0,,,admin_unmatched_or_ambiguous
48856,茂名,精粤曹江镇,潭村行政村,凤塘村,茂名市,曹江镇,,,0,,,admin_unmatched_or_ambiguous
48870,茂名,精粤曹江镇,潭村行政村,叶坑村,茂名市,曹江镇,,,0,,,admin_unmatched_or_ambiguous
48871,茂名,精粤曹江镇,潭村行政村,张屋村,茂名市,曹江镇,,,0,,,admin_unmatched_or_ambiguous
48869,茂名,精粤曹江镇,潭村行政村,新村,茂名市,曹江镇,,,0,,,admin_unmatched_or_ambiguous
48855,茂名,精粤曹江镇,潭村行政村,方田村,茂名市,曹江镇,,,0,,,admin_unmatched_or_ambiguous
48862,茂名,精粤曹江镇,潭村行政村,梅子村,茂名市,曹江镇,,,0,,,admin_unmatched_or_ambiguous
48872,茂名,精粤曹江镇,潭村行政村,樟坑村,茂名市,曹江镇,,,0,,,admin_unmatched_or_ambiguous
48866,茂名,精粤曹江镇,潭村行政村,潭一村,茂名市,曹江镇,,,0,,,admin_unmatched_or_ambiguous
48865,茂名,精粤曹江镇,潭村行政村,石古塘村,茂名市,曹江镇,,,0,,,admin_unmatched_or_ambiguous
48859,茂名,精粤曹江镇,潭村行政村,翰坡村,茂名市,曹江镇,,,0,,,admin_unmatched_or_ambiguous
48860,茂名,精粤曹江镇,潭村行政村,荷坑村,茂名市,曹江镇,,,0,,,admin_unmatched_or_ambiguous
48867,茂名,精粤曹江镇,潭村行政村,西山桐村,茂名市,曹江镇,,,0,,,admin_unmatched_or_ambiguous
48857,茂名,精粤曹江镇,潭村行政村,高岭村,茂名市,曹江镇,,,0,,,admin_unmatched_or_ambiguous
48813,茂名,精粤曹江镇,珊阁行政村,东内村,茂名市,曹江镇,,,0,,,admin_unmatched_or_ambiguous
48814,茂名,精粤曹江镇,珊阁行政村,冯坑村,茂名市,曹江镇,,,0,,,admin_unmatched_or_ambiguous
48816,茂名,精粤曹江镇,珊阁行政村,惠坡村,茂名市,曹江镇,,,0,,,admin_unmatched_or_ambiguous
48809,茂名,精粤曹江镇,珊阁行政村,村东村,茂名市,曹江镇,,,0,,,admin_unmatched_or_ambiguous
48810,茂名,精粤曹江镇,珊阁行政村,村头村,茂名市,曹江镇,,,0,,,admin_unmatched_or_ambiguous
48811,茂名,精粤曹江镇,珊阁行政村,村尾村,茂名市,曹江镇,,,0,,,admin_unmatched_or_ambiguous
48812,茂名,精粤曹江镇,珊阁行政村,村西村,茂名市,曹江镇,,,0,,,admin_unmatched_or_ambiguous
48815,茂名,精粤曹江镇,珊阁行政村,甘塘村,茂名市,曹江镇,,,0,,,admin_unmatched_or_ambiguous
48819,茂名,精粤曹江镇,珊阁行政村,盘岭村,茂名市,曹江镇,,,0,,,admin_unmatched_or_ambiguous
48818,茂名,精粤曹江镇,珊阁行政村,立石铺村,茂名市,曹江镇,,,0,,,admin_unmatched_or_ambiguous
48820,茂名,精粤曹江镇,珊阁行政村,谢教坡村,茂名市,曹江镇,,,0,,,admin_unmatched_or_ambiguous
48817,茂名,精粤曹江镇,珊阁行政村,鸡朗村,茂名市,曹江镇,,,0,,,admin_unmatched_or_ambiguous
57740,茂名,红旗街道,红旗南社区,四季山村,茂名市,红旗街道,,,0,,,admin_unmatched_or_ambiguous
57738,茂名,红旗街道,红旗南社区,荔枝园村,茂名市,红旗街道,,,0,,,admin_unmatched_or_ambiguous
57737,茂名,红旗街道,红旗南社区,车头屋村,茂名市,红旗街道,,,0,,,admin_unmatched_or_ambiguous
57739,茂名,红旗街道,红旗南社区,龙山村,茂名市,红旗街道,,,0,,,admin_unmatched_or_ambiguous
55894,茂名,罐粤那务镇,上埌行政村,上埌村,茂名市,那务镇,,,0,,,admin_unmatched_or_ambiguous
55892,茂名,罐粤那务镇,上埌行政村,均车村,茂名市,那务镇,,,0,,,admin_unmatched_or_ambiguous
55891,茂名,罐粤那务镇,上埌行政村,拱桥村,茂名市,那务镇,,,0,,,admin_unmatched_or_ambiguous
55896,茂名,罐粤那务镇,上埌行政村,洋史步村,茂名市,那务镇,,,0,,,admin_unmatched_or_ambiguous
55895,茂名,罐粤那务镇,上埌行政村,秧地龙村,茂名市,那务镇,,,0,,,admin_unmatched_or_ambiguous
55898,茂名,罐粤那务镇,上埌行政村,竹山村,茂名市,那务镇,,,0,,,admin_unmatched_or_ambiguous
55890,茂名,罐粤那务镇,上埌行政村,车田村,茂名市,那务镇,,,0,,,admin_unmatched_or_ambiguous
55897,茂名,罐粤那务镇,上埌行政村,长川坡村,茂名市,那务镇,,,0,,,admin_unmatched_or_ambiguous
55893,茂名,罐粤那务镇,上埌行政村,马留径村,茂名市,那务镇,,,0,,,admin_unmatched_or_ambiguous
55924,茂名,罐粤那务镇,泉埔行政村,井蜗村,茂名市,那务镇,,,0,,,admin_unmatched_or_ambiguous
55921,茂名,罐粤那务镇,泉埔行政村,大坡画村,茂名市,那务镇,,,0,,,admin_unmatched_or_ambiguous
55925,茂名,罐粤那务镇,泉埔行政村,庞城村,茂名市,那务镇,,,0,,,admin_unmatched_or_ambiguous
55928,茂名,罐粤那务镇,泉埔行政村,朱六坡村,茂名市,那务镇,,,0,,,admin_unmatched_or_ambiguous
55927,茂名,罐粤那务镇,泉埔行政村,沙河村,茂名市,那务镇,,,0,,,admin_unmatched_or_ambiguous
55926,茂名,罐粤那务镇,泉埔行政村,泉埔村,茂名市,那务镇,,,0,,,admin_unmatched_or_ambiguous
55923,茂名,罐粤那务镇,泉埔行政村,湖塘村,茂名市,那务镇,,,0,,,admin_unmatched_or_ambiguous
55922,茂名,罐粤那务镇,泉埔行政村,鹤塘坡村,茂名市,那务镇,,,0,,,admin_unmatched_or_ambiguous
55907,茂名,罐粤那务镇,路埔行政村,汉坪村,茂名市,那务镇,,,0,,,admin_unmatched_or_ambiguous
55906,茂名,罐粤那务镇,路埔行政村,白坟脚村,茂名市,那务镇,,,0,,,admin_unmatched_or_ambiguous
55908,茂名,罐粤那务镇,路埔行政村,路埔村,茂名市,那务镇,,,0,,,admin_unmatched_or_ambiguous
57149,茂名,羊角镇,新城行政村,三台岭村,茂名市,羊角镇,,,0,,,admin_unmatched_or_ambiguous
57140,茂名,羊角镇,新城行政村,上河边村,茂名市,羊角镇,,,0,,,admin_unmatched_or_ambiguous
57145,茂名,羊角镇,新城行政村,上白牛脚村,茂名市,羊角镇,,,0,,,admin_unmatched_or_ambiguous
57141,茂名,羊角镇,新城行政村,下河边村,茂名市,羊角镇,,,0,,,admin_unmatched_or_ambiguous
57146,茂名,羊角镇,新城行政村,下白牛脚村,茂名市,羊角镇,,,0,,,admin_unmatched_or_ambiguous
57150,茂名,羊角镇,新城行政村,博罗村,茂名市,羊角镇,,,0,,,admin_unmatched_or_ambiguous
57151,茂名,羊角镇,新城行政村,古木山村,茂名市,羊角镇,,,0,,,admin_unmatched_or_ambiguous
57152,茂名,羊角镇,新城行政村,坡头村,茂名市,羊角镇,,,0,,,admin_unmatched_or_ambiguous
57155,茂名,羊角镇,新城行政村,岭南村,茂名市,羊角镇,,,0,,,admin_unmatched_or_ambiguous
57154,茂名,羊角镇,新城行政村,岭头下村,茂名市,羊角镇,,,0,,,admin_unmatched_or_ambiguous
57147,茂名,羊角镇,新城行政村,新村仔村,茂名市,羊角镇,,,0,,,admin_unmatched_or_ambiguous
57139,茂名,羊角镇,新城行政村,杨屋山村,茂名市,羊角镇,,,0,,,admin_unmatched_or_ambiguous
57156,茂名,羊角镇,新城行政村,林屋村,茂名市,羊角镇,,,0,,,admin_unmatched_or_ambiguous
57138,茂名,羊角镇,新城行政村,柑木冲村,茂名市,羊角镇,,,0,,,admin_unmatched_or_ambiguous
57144,茂名,羊角镇,新城行政村,格坑村,茂名市,羊角镇,,,0,,,admin_unmatched_or_ambiguous
57153,茂名,羊角镇,新城行政村,茶湖村,茂名市,羊角镇,,,0,,,admin_unmatched_or_ambiguous
57143,茂名,羊角镇,新城行政村,车仔村,茂名市,羊角镇,,,0,,,admin_unmatched_or_ambiguous
57142,茂名,羊角镇,新城行政村,黄屋村,茂名市,羊角镇,,,0,,,admin_unmatched_or_ambiguous
57148,茂名,羊角镇,新城行政村,黄泥沟村,茂名市,羊角镇,,,0,,,admin_unmatched_or_ambiguous
57177,茂名,羊角镇,柏屋行政村,三步坎村,茂名市,羊角镇,,,0,,,admin_unmatched_or_ambiguous
57187,茂名,羊角镇,柏屋行政村,十八岭村,茂名市,羊角镇,,,0,,,admin_unmatched_or_ambiguous
57182,茂名,羊角镇,柏屋行政村,增良村,茂名市,羊角镇,,,0,,,admin_unmatched_or_ambiguous
57185,茂名,羊角镇,柏屋行政村,打铁坡村,茂名市,羊角镇,,,0,,,admin_unmatched_or_ambiguous
57179,茂名,羊角镇,柏屋行政村,新园村,茂名市,羊角镇,,,0,,,admin_unmatched_or_ambiguous
57180,茂名,羊角镇,柏屋行政村,旱塘村,茂名市,羊角镇,,,0,,,admin_unmatched_or_ambiguous
57176,茂名,羊角镇,柏屋行政村,柏屋村,茂名市,羊角镇,,,0,,,admin_unmatched_or_ambiguous
57186,茂名,羊角镇,柏屋行政村,桐心村,茂名市,羊角镇,,,0,,,admin_unmatched_or_ambiguous
57183,茂名,羊角镇,柏屋行政村,泉水窿村,茂名市,羊角镇,,,0,,,admin_unmatched_or_ambiguous
57181,茂名,羊角镇,柏屋行政村,白贝塘村,茂名市,羊角镇,,,0,,,admin_unmatched_or_ambiguous
57178,茂名,羊角镇,柏屋行政村,社村,茂名市,羊角镇,,,0,,,admin_unmatched_or_ambiguous
57188,茂名,羊角镇,柏屋行政村,陂头口村,茂名市,羊角镇,,,0,,,admin_unmatched_or_ambiguous
57184,茂名,羊角镇,柏屋行政村,陂头村,茂名市,羊角镇,,,0,,,admin_unmatched_or_ambiguous
57263,茂名,羊角镇,禄段行政村,上泗水村,茂名市,羊角镇,,,0,,,admin_unmatched_or_ambiguous
57265,茂名,羊角镇,禄段行政村,下泗水村,茂名市,羊角镇,,,0,,,admin_unmatched_or_ambiguous
57260,茂名,羊角镇,禄段行政村,丝茅田村,茂名市,羊角镇,,,0,,,admin_unmatched_or_ambiguous
57253,茂名,羊角镇,禄段行政村,丰塘村,茂名市,羊角镇,,,0,,,admin_unmatched_or_ambiguous
57249,茂名,羊角镇,禄段行政村,乌泥村,茂名市,羊角镇,,,0,,,admin_unmatched_or_ambiguous
57269,茂名,羊角镇,禄段行政村,井头村,茂名市,羊角镇,,,0,,,admin_unmatched_or_ambiguous
57268,茂名,羊角镇,禄段行政村,军地村,茂名市,羊角镇,,,0,,,admin_unmatched_or_ambiguous
57256,茂名,羊角镇,禄段行政村,后忠坡村,茂名市,羊角镇,,,0,,,admin_unmatched_or_ambiguous
57254,茂名,羊角镇,禄段行政村,后背塘村,茂名市,羊角镇,,,0,,,admin_unmatched_or_ambiguous
57250,茂名,羊角镇,禄段行政村,妙义村,茂名市,羊角镇,,,0,,,admin_unmatched_or_ambiguous
57271,茂名,羊角镇,禄段行政村,山塘村,茂名市,羊角镇,,,0,,,admin_unmatched_or_ambiguous
57264,茂名,羊角镇,禄段行政村,新屋村,茂名市,羊角镇,,,0,,,admin_unmatched_or_ambiguous
57266,茂名,羊角镇,禄段行政村,松柏岭村,茂名市,羊角镇,,,0,,,admin_unmatched_or_ambiguous
57252,茂名,羊角镇,禄段行政村,水牛坡村,茂名市,羊角镇,,,0,,,admin_unmatched_or_ambiguous
57270,茂名,羊角镇,禄段行政村,沙园村,茂名市,羊角镇,,,0,,,admin_unmatched_or_ambiguous
57272,茂名,羊角镇,禄段行政村,沙墩村,茂名市,羊角镇,,,0,,,admin_unmatched_or_ambiguous
57257,茂名,羊角镇,禄段行政村,油桁屋村,茂名市,羊角镇,,,0,,,admin_unmatched_or_ambiguous
57261,茂名,羊角镇,禄段行政村,石桥村,茂名市,羊角镇,,,0,,,admin_unmatched_or_ambiguous
57248,茂名,羊角镇,禄段行政村,禄段村,茂名市,羊角镇,,,0,,,admin_unmatched_or_ambiguous
57262,茂名,羊角镇,禄段行政村,西瓜地村,茂名市,羊角镇,,,0,,,admin_unmatched_or_ambiguous
57251,茂名,羊角镇,禄段行政村,走马坡村,茂名市,羊角镇,,,0,,,admin_unmatched_or_ambiguous
57258,茂名,羊角镇,禄段行政村,金岗冲村,茂名市,羊角镇,,,0,,,admin_unmatched_or_ambiguous
57259,茂名,羊角镇,禄段行政村,金竹山村,茂名市,羊角镇,,,0,,,admin_unmatched_or_ambiguous
57267,茂名,羊角镇,禄段行政村,铺仔村,茂名市,羊角镇,,,0,,,admin_unmatched_or_ambiguous
57255,茂名,羊角镇,禄段行政村,鸡藤坡村,茂名市,羊角镇,,,0,,,admin_unmatched_or_ambiguous
56203,茂名,良光镇,东埔行政村,东埔下村,茂名市,良光镇,,,0,,,admin_unmatched_or_ambiguous
56200,茂名,良光镇,东埔行政村,东埔中村,茂名市,良光镇,,,0,,,admin_unmatched_or_ambiguous
56204,茂名,良光镇,东埔行政村,东埔新村,茂名市,良光镇,,,0,,,admin_unmatched_or_ambiguous
56199,茂名,良光镇,东埔行政村,大华堂村,茂名市,良光镇,,,0,,,admin_unmatched_or_ambiguous
56206,茂名,良光镇,东埔行政村,山咀村,茂名市,良光镇,,,0,,,admin_unmatched_or_ambiguous
56207,茂名,良光镇,东埔行政村,斋塘背村,茂名市,良光镇,,,0,,,admin_unmatched_or_ambiguous
56202,茂名,良光镇,东埔行政村,石井村,茂名市,良光镇,,,0,,,admin_unmatched_or_ambiguous
56201,茂名,良光镇,东埔行政村,老礼车村,茂名市,良光镇,,,0,,,admin_unmatched_or_ambiguous
56205,茂名,良光镇,东埔行政村,高措白花根村,茂名市,良光镇,,,0,,,admin_unmatched_or_ambiguous
59402,茂名,茶山镇,周埔行政村,三块村,茂名市,茶山镇,,,0,,,admin_unmatched_or_ambiguous
59408,茂名,茶山镇,周埔行政村,下蓬村,茂名市,茶山镇,,,0,,,admin_unmatched_or_ambiguous
59398,茂名,茶山镇,周埔行政村,丰木社村,茂名市,茶山镇,,,0,,,admin_unmatched_or_ambiguous
59404,茂名,茶山镇,周埔行政村,双安村,茂名市,茶山镇,,,0,,,admin_unmatched_or_ambiguous
59399,茂名,茶山镇,周埔行政村,坑尾村,茂名市,茶山镇,,,0,,,admin_unmatched_or_ambiguous
59405,茂名,茶山镇,周埔行政村,太阳坑村,茂名市,茶山镇,,,0,,,admin_unmatched_or_ambiguous
59406,茂名,茶山镇,周埔行政村,旺上村,茂名市,茶山镇,,,0,,,admin_unmatched_or_ambiguous
59407,茂名,茶山镇,周埔行政村,旺中村,茂名市,茶山镇,,,0,,,admin_unmatched_or_ambiguous
59403,茂名,茶山镇,周埔行政村,杉木脚村,茂名市,茶山镇,,,0,,,admin_unmatched_or_ambiguous
59409,茂名,茶山镇,周埔行政村,砖屋村,茂名市,茶山镇,,,0,,,admin_unmatched_or_ambiguous
59400,茂名,茶山镇,周埔行政村,老虎窝村,茂名市,茶山镇,,,0,,,admin_unmatched_or_ambiguous
59401,茂名,茶山镇,周埔行政村,龙湾村,茂名市,茶山镇,,,0,,,admin_unmatched_or_ambiguous
48952,茂名,荷塘镇,东埔行政村,上灯路村,茂名市,荷塘镇,,,0,,,admin_unmatched_or_ambiguous
48954,茂名,荷塘镇,东埔行政村,下坡村,茂名市,荷塘镇,,,0,,,admin_unmatched_or_ambiguous
48953,茂名,荷塘镇,东埔行政村,下灯路村,茂名市,荷塘镇,,,0,,,admin_unmatched_or_ambiguous
48948,茂名,荷塘镇,东埔行政村,东埔口村,茂名市,荷塘镇,,,0,,,admin_unmatched_or_ambiguous
48947,茂名,荷塘镇,东埔行政村,东埔村,茂名市,荷塘镇,,,0,,,admin_unmatched_or_ambiguous
48943,茂名,荷塘镇,东埔行政村,北诵村,茂名市,荷塘镇,,,0,,,admin_unmatched_or_ambiguous
48946,茂名,荷塘镇,东埔行政村,大路埂村,茂名市,荷塘镇,,,0,,,admin_unmatched_or_ambiguous
48951,茂名,荷塘镇,东埔行政村,山口村,茂名市,荷塘镇,,,0,,,admin_unmatched_or_ambiguous
48944,茂名,荷塘镇,东埔行政村,沉坑村,茂名市,荷塘镇,,,0,,,admin_unmatched_or_ambiguous
48945,茂名,荷塘镇,东埔行政村,赤坑村,茂名市,荷塘镇,,,0,,,admin_unmatched_or_ambiguous
48950,茂名,荷塘镇,东埔行政村,里坑村,茂名市,荷塘镇,,,0,,,admin_unmatched_or_ambiguous
48955,茂名,荷塘镇,东埔行政村,长草村,茂名市,荷塘镇,,,0,,,admin_unmatched_or_ambiguous
48949,茂名,荷塘镇,东埔行政村,高龙埂村,茂名市,荷塘镇,,,0,,,admin_unmatched_or_ambiguous
49033,茂名,荷塘镇,松明行政村,仓背村,茂名市,荷塘镇,,,0,,,admin_unmatched_or_ambiguous
49036,茂名,荷塘镇,松明行政村,岭背村,茂名市,荷塘镇,,,0,,,admin_unmatched_or_ambiguous
49034,茂名,荷塘镇,松明行政村,桂山村,茂名市,荷塘镇,,,0,,,admin_unmatched_or_ambiguous
49038,茂名,荷塘镇,松明行政村,沙桐村,茂名市,荷塘镇,,,0,,,admin_unmatched_or_ambiguous
49035,茂名,荷塘镇,松明行政村,酒铺村,茂名市,荷塘镇,,,0,,,admin_unmatched_or_ambiguous
49037,茂名,荷塘镇,松明行政村,门口田村,茂名市,荷塘镇,,,0,,,admin_unmatched_or_ambiguous
49012,茂名,荷塘镇,那鸾行政村,佳乐坑村,茂名市,荷塘镇,,,0,,,admin_unmatched_or_ambiguous
49014,茂名,荷塘镇,那鸾行政村,林坑村,茂名市,荷塘镇,,,0,,,admin_unmatched_or_ambiguous
49016,茂名,荷塘镇,那鸾行政村,梅子坑村,茂名市,荷塘镇,,,0,,,admin_unmatched_or_ambiguous
49011,茂名,荷塘镇,那鸾行政村,河背村,茂名市,荷塘镇,,,0,,,admin_unmatched_or_ambiguous
49018,茂名,荷塘镇,那鸾行政村,田背村,茂名市,荷塘镇,,,0,,,admin_unmatched_or_ambiguous
49020,茂名,荷塘镇,那鸾行政村,由义埔村,茂名市,荷塘镇,,,0,,,admin_unmatched_or_ambiguous
49017,茂名,荷塘镇,那鸾行政村,那鸾村,茂名市,荷塘镇,,,0,,,admin_unmatched_or_ambiguous
49013,茂名,荷塘镇,那鸾行政村,金桐陂村,茂名市,荷塘镇,,,0,,,admin_unmatched_or_ambiguous
49019,茂名,荷塘镇,那鸾行政村,香地坡村,茂名市,荷塘镇,,,0,,,admin_unmatched_or_ambiguous
49015,茂名,荷塘镇,那鸾行政村,马担村,茂名市,荷塘镇,,,0,,,admin_unmatched_or_ambiguous
49571,茂名,荷花镇,新田行政村,交椅地村,茂名市,荷花镇,,,0,,,admin_unmatched_or_ambiguous
49572,茂名,荷花镇,新田行政村,吕桐村,茂名市,荷花镇,,,0,,,admin_unmatched_or_ambiguous
49570,茂名,荷花镇,新田行政村,大塘冲村,茂名市,荷花镇,,,0,,,admin_unmatched_or_ambiguous
49573,茂名,荷花镇,新田行政村,新田村,茂名市,荷花镇,,,0,,,admin_unmatched_or_ambiguous
49568,茂名,荷花镇,新田行政村,白地高坡村,茂名市,荷花镇,,,0,,,admin_unmatched_or_ambiguous
54851,茂名,荷花镇,新田行政村,白水村,茂名市,荷花镇,,,0,,,admin_unmatched_or_ambiguous
49569,茂名,荷花镇,新田行政村,茶山岭村,茂名市,荷花镇,,,0,,,admin_unmatched_or_ambiguous
58478,茂名,袂花镇,古张行政村,古楼村,茂名市,袂花镇,,,0,,,admin_unmatched_or_ambiguous
58479,茂名,袂花镇,古张行政村,张村,茂名市,袂花镇,,,0,,,admin_unmatched_or_ambiguous
58536,茂名,袂花镇,文六行政村,上文六村,茂名市,袂花镇,,,0,,,admin_unmatched_or_ambiguous
58537,茂名,袂花镇,文六行政村,下文六村,茂名市,袂花镇,,,0,,,admin_unmatched_or_ambiguous
58509,茂名,袂花镇,文礼行政村,上文礼村,茂名市,袂花镇,,,0,,,admin_unmatched_or_ambiguous
58510,茂名,袂花镇,文礼行政村,下文礼村,茂名市,袂花镇,,,0,,,admin_unmatched_or_ambiguous
58507,茂名,袂花镇,文礼行政村,何屋村,茂名市,袂花镇,,,0,,,admin_unmatched_or_ambiguous
58511,茂名,袂花镇,文礼行政村,新塘尾村,茂名市,袂花镇,,,0,,,admin_unmatched_or_ambiguous
58508,茂名,袂花镇,文礼行政村,江仔口村,茂名市,袂花镇,,,0,,,admin_unmatched_or_ambiguous
58506,茂名,袂花镇,蕴陂行政村,东塘口村,茂名市,袂花镇,,,0,,,admin_unmatched_or_ambiguous
58503,茂名,袂花镇,蕴陂行政村,大蕴陂村,茂名市,袂花镇,,,0,,,admin_unmatched_or_ambiguous
58501,茂名,袂花镇,蕴陂行政村,木架车村,茂名市,袂花镇,,,0,,,admin_unmatched_or_ambiguous
58504,茂名,袂花镇,蕴陂行政村,正蕴陂村,茂名市,袂花镇,,,0,,,admin_unmatched_or_ambiguous
58502,茂名,袂花镇,蕴陂行政村,江仔村,茂名市,袂花镇,,,0,,,admin_unmatched_or_ambiguous
58505,茂名,袂花镇,蕴陂行政村,莲角坡村,茂名市,袂花镇,,,0,,,admin_unmatched_or_ambiguous
58531,茂名,袂花镇,邦决行政村,下坡村,茂名市,袂花镇,,,0,,,admin_unmatched_or_ambiguous
58530,茂名,袂花镇,邦决行政村,叶屋村,茂名市,袂花镇,,,0,,,admin_unmatched_or_ambiguous
58527,茂名,袂花镇,邦决行政村,木运村,茂名市,袂花镇,,,0,,,admin_unmatched_or_ambiguous
58528,茂名,袂花镇,邦决行政村,百线车村,茂名市,袂花镇,,,0,,,admin_unmatched_or_ambiguous
58532,茂名,袂花镇,邦决行政村,虎塘村,茂名市,袂花镇,,,0,,,admin_unmatched_or_ambiguous
58529,茂名,袂花镇,邦决行政村,车头仔村,茂名市,袂花镇,,,0,,,admin_unmatched_or_ambiguous
58526,茂名,袂花镇,邦决行政村,邦决村,茂名市,袂花镇,,,0,,,admin_unmatched_or_ambiguous
59133,茂名,超全贵子镇,迴龙行政村,坝尾寨村,茂名市,贵子镇,,,0,,,admin_unmatched_or_ambiguous
59135,茂名,超全贵子镇,迴龙行政村,根竹园村,茂名市,贵子镇,,,0,,,admin_unmatched_or_ambiguous
59136,茂名,超全贵子镇,迴龙行政村,榕树村,茂名市,贵子镇,,,0,,,admin_unmatched_or_ambiguous
59137,茂名,超全贵子镇,迴龙行政村,洋地坪村,茂名市,贵子镇,,,0,,,admin_unmatched_or_ambiguous
59134,茂名,超全贵子镇,迴龙行政村,茶子村,茂名市,贵子镇,,,0,,,admin_unmatched_or_ambiguous
50212,茂名,金沙田镇,山曜行政村,六王村,茂名市,沙田镇,,,0,,,admin_unmatched_or_ambiguous
50214,茂名,金沙田镇,山曜行政村,山曜村,茂名市,沙田镇,,,0,,,admin_unmatched_or_ambiguous
50213,茂名,金沙田镇,山曜行政村,满村,茂名市,沙田镇,,,0,,,admin_unmatched_or_ambiguous
50215,茂名,金沙田镇,山曜行政村,田寮村,茂名市,沙田镇,,,0,,,admin_unmatched_or_ambiguous
53101,茂名,金粤合江镇,大埔行政村,三水坑村,茂名市,合江镇,,,0,,,admin_unmatched_or_ambiguous
53097,茂名,金粤合江镇,大埔行政村,大埔坡村,茂名市,合江镇,,,0,,,admin_unmatched_or_ambiguous
53096,茂名,金粤合江镇,大埔行政村,大埔村,茂名市,合江镇,,,0,,,admin_unmatched_or_ambiguous
53095,茂名,金粤合江镇,大埔行政村,大塘村,茂名市,合江镇,,,0,,,admin_unmatched_or_ambiguous
53100,茂名,金粤合江镇,大埔行政村,岐坡村,茂名市,合江镇,,,0,,,admin_unmatched_or_ambiguous
53102,茂名,金粤合江镇,大埔行政村,扫赶坡村,茂名市,合江镇,,,0,,,admin_unmatched_or_ambiguous
53103,茂名,金粤合江镇,大埔行政村,新村,茂名市,合江镇,,,0,,,admin_unmatched_or_ambiguous
53098,茂名,金粤合江镇,大埔行政村,汉田村,茂名市,合江镇,,,0,,,admin_unmatched_or_ambiguous
53099,茂名,金粤合江镇,大埔行政村,荔枝根村,茂名市,合江镇,,,0,,,admin_unmatched_or_ambiguous
53107,茂名,金粤合江镇,大鹏行政村,大地堂村,茂名市,合江镇,,,0,,,admin_unmatched_or_ambiguous
53108,茂名,金粤合江镇,大鹏行政村,大蜗村,茂名市,合江镇,,,0,,,admin_unmatched_or_ambiguous
53109,茂名,金粤合江镇,大鹏行政村,大鹏村,茂名市,合江镇,,,0,,,admin_unmatched_or_ambiguous
53112,茂名,金粤合江镇,大鹏行政村,山儿村,茂名市,合江镇,,,0,,,admin_unmatched_or_ambiguous
53114,茂名,金粤合江镇,大鹏行政村,早禾桐村,茂名市,合江镇,,,0,,,admin_unmatched_or_ambiguous
53113,茂名,金粤合江镇,大鹏行政村,旺天堂村,茂名市,合江镇,,,0,,,admin_unmatched_or_ambiguous
53111,茂名,金粤合江镇,大鹏行政村,木头塘村,茂名市,合江镇,,,0,,,admin_unmatched_or_ambiguous
53104,茂名,金粤合江镇,大鹏行政村,白花村,茂名市,合江镇,,,0,,,admin_unmatched_or_ambiguous
53115,茂名,金粤合江镇,大鹏行政村,竹化村,茂名市,合江镇,,,0,,,admin_unmatched_or_ambiguous
53106,茂名,金粤合江镇,大鹏行政村,车头坡村,茂名市,合江镇,,,0,,,admin_unmatched_or_ambiguous
53105,茂名,金粤合江镇,大鹏行政村,边坡村,茂名市,合江镇,,,0,,,admin_unmatched_or_ambiguous
53110,茂名,金粤合江镇,大鹏行政村,金勾岭村,茂名市,合江镇,,,0,,,admin_unmatched_or_ambiguous
53268,茂名,金粤合江镇,沙桐岭行政村,共翁村,茂名市,合江镇,,,0,,,admin_unmatched_or_ambiguous
53266,茂名,金粤合江镇,沙桐岭行政村,大冲环村,茂名市,合江镇,,,0,,,admin_unmatched_or_ambiguous
53267,茂名,金粤合江镇,沙桐岭行政村,大桐岭村,茂名市,合江镇,,,0,,,admin_unmatched_or_ambiguous
53271,茂名,金粤合江镇,沙桐岭行政村,新陂肚村,茂名市,合江镇,,,0,,,admin_unmatched_or_ambiguous
53264,茂名,金粤合江镇,沙桐岭行政村,柴头岭村,茂名市,合江镇,,,0,,,admin_unmatched_or_ambiguous
53269,茂名,金粤合江镇,沙桐岭行政村,荔枝垌村,茂名市,合江镇,,,0,,,admin_unmatched_or_ambiguous
53265,茂名,金粤合江镇,沙桐岭行政村,车田村,茂名市,合江镇,,,0,,,admin_unmatched_or_ambiguous
53270,茂名,金粤合江镇,沙桐岭行政村,马路头村,茂名市,合江镇,,,0,,,admin_unmatched_or_ambiguous
53117,茂名,金粤合江镇,箩竹化行政村,三头岭村,茂名市,合江镇,,,0,,,admin_unmatched_or_ambiguous
53118,茂名,金粤合江镇,箩竹化行政村,塘墩村,茂名市,合江镇,,,0,,,admin_unmatched_or_ambiguous
53119,茂名,金粤合江镇,箩竹化行政村,大元岭村,茂名市,合江镇,,,0,,,admin_unmatched_or_ambiguous
53116,茂名,金粤合江镇,箩竹化行政村,箩竹化村,茂名市,合江镇,,,0,,,admin_unmatched_or_ambiguous
49645,茂名,金精粤石板镇,和潭行政村,六结村,茂名市,石板镇,,,0,,,admin_unmatched_or_ambiguous
49644,茂名,金精粤石板镇,和潭行政村,坪背村,茂名市,石板镇,,,0,,,admin_unmatched_or_ambiguous
49643,茂名,金精粤石板镇,和潭行政村,孔兰村,茂名市,石板镇,,,0,,,admin_unmatched_or_ambiguous
49648,茂名,金精粤石板镇,和潭行政村,新村,茂名市,石板镇,,,0,,,admin_unmatched_or_ambiguous
49641,茂名,金精粤石板镇,和潭行政村,白饭村,茂名市,石板镇,,,0,,,admin_unmatched_or_ambiguous
49642,茂名,金精粤石板镇,和潭行政村,蕉根村,茂名市,石板镇,,,0,,,admin_unmatched_or_ambiguous
49647,茂名,金精粤石板镇,和潭行政村,西岸村,茂名市,石板镇,,,0,,,admin_unmatched_or_ambiguous
49646,茂名,金精粤石板镇,和潭行政村,那省坡村,茂名市,石板镇,,,0,,,admin_unmatched_or_ambiguous
49598,茂名,金精粤石板镇,灯笼坡行政村,亚田坡村,茂名市,石板镇,,,0,,,admin_unmatched_or_ambiguous
49597,茂名,金精粤石板镇,灯笼坡行政村,六下村,茂名市,石板镇,,,0,,,admin_unmatched_or_ambiguous
49596,茂名,金精粤石板镇,灯笼坡行政村,大丰桐村,茂名市,石板镇,,,0,,,admin_unmatched_or_ambiguous
49595,茂名,金精粤石板镇,灯笼坡行政村,灯笼坡村,茂名市,石板镇,,,0,,,admin_unmatched_or_ambiguous
49600,茂名,金精粤石板镇,灯笼坡行政村,竹园村,茂名市,石板镇,,,0,,,admin_unmatched_or_ambiguous
49599,茂名,金精粤石板镇,灯笼坡行政村,竹山村,茂名市,石板镇,,,0,,,admin_unmatched_or_ambiguous
50451,茂名,金马贵镇,厚元行政村,厚元村,茂名市,马贵镇,,,0,,,admin_unmatched_or_ambiguous
50453,茂名,金马贵镇,厚元行政村,大坑村,茂名市,马贵镇,,,0,,,admin_unmatched_or_ambiguous
50452,茂名,金马贵镇,厚元行政村,桥头村,茂名市,马贵镇,,,0,,,admin_unmatched_or_ambiguous
50454,茂名,金马贵镇,厚元行政村,梅子村,茂名市,马贵镇,,,0,,,admin_unmatched_or_ambiguous
50455,茂名,金马贵镇,厚元行政村,森木水村,茂名市,马贵镇,,,0,,,admin_unmatched_or_ambiguous
50456,茂名,金马贵镇,厚元行政村,金河村,茂名市,马贵镇,,,0,,,admin_unmatched_or_ambiguous
50252,茂名,金马贵镇,堤桐行政村,中间垌村,茂名市,马贵镇,,,0,,,admin_unmatched_or_ambiguous
50249,茂名,金马贵镇,堤桐行政村,同罗口村,茂名市,马贵镇,,,0,,,admin_unmatched_or_ambiguous
50248,茂名,金马贵镇,堤桐行政村,同罗坪村,茂名市,马贵镇,,,0,,,admin_unmatched_or_ambiguous
50250,茂名,金马贵镇,堤桐行政村,同罗村,茂名市,马贵镇,,,0,,,admin_unmatched_or_ambiguous
50247,茂名,金马贵镇,堤桐行政村,堤垌村,茂名市,马贵镇,,,0,,,admin_unmatched_or_ambiguous
50258,茂名,金马贵镇,堤桐行政村,墟朗村,茂名市,马贵镇,,,0,,,admin_unmatched_or_ambiguous
50251,茂名,金马贵镇,堤桐行政村,岭头岗村,茂名市,马贵镇,,,0,,,admin_unmatched_or_ambiguous
50256,茂名,金马贵镇,堤桐行政村,林湾村,茂名市,马贵镇,,,0,,,admin_unmatched_or_ambiguous
50254,茂名,金马贵镇,堤桐行政村,火把桐村,茂名市,马贵镇,,,0,,,admin_unmatched_or_ambiguous
50257,茂名,金马贵镇,堤桐行政村,竹水坑村,茂名市,马贵镇,,,0,,,admin_unmatched_or_ambiguous
50253,茂名,金马贵镇,堤桐行政村,细桐村,茂名市,马贵镇,,,0,,,admin_unmatched_or_ambiguous
50255,茂名,金马贵镇,堤桐行政村,马六垌村,茂名市,马贵镇,,,0,,,admin_unmatched_or_ambiguous
54874,茂名,金马贵镇,墟垌行政村,君竹山村,茂名市,马贵镇,,,0,,,admin_unmatched_or_ambiguous
50440,茂名,金马贵镇,墟垌行政村,坑口村,茂名市,马贵镇,,,0,,,admin_unmatched_or_ambiguous
50439,茂名,金马贵镇,墟垌行政村,坡墩村,茂名市,马贵镇,,,0,,,admin_unmatched_or_ambiguous
50446,茂名,金马贵镇,墟垌行政村,垌面村,茂名市,马贵镇,,,0,,,admin_unmatched_or_ambiguous
50441,茂名,金马贵镇,墟垌行政村,大田面村,茂名市,马贵镇,,,0,,,admin_unmatched_or_ambiguous
50438,茂名,金马贵镇,墟垌行政村,学堂坡村,茂名市,马贵镇,,,0,,,admin_unmatched_or_ambiguous
50443,茂名,金马贵镇,墟垌行政村,桐头村,茂名市,马贵镇,,,0,,,admin_unmatched_or_ambiguous
50447,茂名,金马贵镇,墟垌行政村,桐心村,茂名市,马贵镇,,,0,,,admin_unmatched_or_ambiguous
50437,茂名,金马贵镇,墟垌行政村,棕树头村,茂名市,马贵镇,,,0,,,admin_unmatched_or_ambiguous
50442,茂名,金马贵镇,墟垌行政村,横桐村,茂名市,马贵镇,,,0,,,admin_unmatched_or_ambiguous
50448,茂名,金马贵镇,墟垌行政村,白坟脚村,茂名市,马贵镇,,,0,,,admin_unmatched_or_ambiguous
50445,茂名,金马贵镇,墟垌行政村,白鹤冲村,茂名市,马贵镇,,,0,,,admin_unmatched_or_ambiguous
50450,茂名,金马贵镇,墟垌行政村,石伍租村,茂名市,马贵镇,,,0,,,admin_unmatched_or_ambiguous
50436,茂名,金马贵镇,墟垌行政村,石岩头村,茂名市,马贵镇,,,0,,,admin_unmatched_or_ambiguous
50444,茂名,金马贵镇,墟垌行政村,蛤塘村,茂名市,马贵镇,,,0,,,admin_unmatched_or_ambiguous
50449,茂名,金马贵镇,墟垌行政村,麻落坑村,茂名市,马贵镇,,,0,,,admin_unmatched_or_ambiguous
50397,茂名,金马贵镇,甘埔行政村,三山屋村,茂名市,马贵镇,,,0,,,admin_unmatched_or_ambiguous
50399,茂名,金马贵镇,甘埔行政村,上鸡村,茂名市,马贵镇,,,0,,,admin_unmatched_or_ambiguous
50400,茂名,金马贵镇,甘埔行政村,下鸡村,茂名市,马贵镇,,,0,,,admin_unmatched_or_ambiguous
50389,茂名,金马贵镇,甘埔行政村,光坳村,茂名市,马贵镇,,,0,,,admin_unmatched_or_ambiguous
50395,茂名,金马贵镇,甘埔行政村,其口村,茂名市,马贵镇,,,0,,,admin_unmatched_or_ambiguous
50386,茂名,金马贵镇,甘埔行政村,单竹河村,茂名市,马贵镇,,,0,,,admin_unmatched_or_ambiguous
50392,茂名,金马贵镇,甘埔行政村,坑背村,茂名市,马贵镇,,,0,,,admin_unmatched_or_ambiguous
50385,茂名,金马贵镇,甘埔行政村,大屋村,茂名市,马贵镇,,,0,,,admin_unmatched_or_ambiguous
50398,茂名,金马贵镇,甘埔行政村,山猪吊村,茂名市,马贵镇,,,0,,,admin_unmatched_or_ambiguous
50393,茂名,金马贵镇,甘埔行政村,岭头田村,茂名市,马贵镇,,,0,,,admin_unmatched_or_ambiguous
50391,茂名,金马贵镇,甘埔行政村,径口村,茂名市,马贵镇,,,0,,,admin_unmatched_or_ambiguous
50404,茂名,金马贵镇,甘埔行政村,新屋村,茂名市,马贵镇,,,0,,,admin_unmatched_or_ambiguous
50403,茂名,金马贵镇,甘埔行政村,水新村,茂名市,马贵镇,,,0,,,admin_unmatched_or_ambiguous
50384,茂名,金马贵镇,甘埔行政村,百岁垌村,茂名市,马贵镇,,,0,,,admin_unmatched_or_ambiguous
50402,茂名,金马贵镇,甘埔行政村,石灰坪村,茂名市,马贵镇,,,0,,,admin_unmatched_or_ambiguous
50401,茂名,金马贵镇,甘埔行政村,社垠村,茂名市,马贵镇,,,0,,,admin_unmatched_or_ambiguous
50388,茂名,金马贵镇,甘埔行政村,管头村,茂名市,马贵镇,,,0,,,admin_unmatched_or_ambiguous
50390,茂名,金马贵镇,甘埔行政村,耳屋村,茂名市,马贵镇,,,0,,,admin_unmatched_or_ambiguous
50396,茂名,金马贵镇,甘埔行政村,芹新村,茂名市,马贵镇,,,0,,,admin_unmatched_or_ambiguous
50405,茂名,金马贵镇,甘埔行政村,营地村,茂名市,马贵镇,,,0,,,admin_unmatched_or_ambiguous
50387,茂名,金马贵镇,甘埔行政村,高坎村,茂名市,马贵镇,,,0,,,admin_unmatched_or_ambiguous
50394,茂名,金马贵镇,甘埔行政村,龙湾村,茂名市,马贵镇,,,0,,,admin_unmatched_or_ambiguous
56366,茂名,鉴江开发区,鉴东社区,岭腰村,茂名市,鉴江开发区,,,0,,,admin_unmatched_or_ambiguous
56365,茂名,鉴江开发区,鉴东社区,广伦山村,茂名市,鉴江开发区,,,0,,,admin_unmatched_or_ambiguous
56364,茂名,鉴江开发区,鉴东社区,池塘桦村,茂名市,鉴江开发区,,,0,,,admin_unmatched_or_ambiguous
58198,茂名,镇盛镇,联唐行政村,梁屋山村,茂名市,镇盛镇,,,0,,,admin_unmatched_or_ambiguous
58199,茂名,镇盛镇,联唐行政村,田头屋村,茂名市,镇盛镇,,,0,,,admin_unmatched_or_ambiguous
58197,茂名,镇盛镇,联唐行政村,联唐村,茂名市,镇盛镇,,,0,,,admin_unmatched_or_ambiguous
58200,茂名,镇盛镇,联唐行政村,车仔村,茂名市,镇盛镇,,,0,,,admin_unmatched_or_ambiguous
50897,茂名,长坡镇,周桐行政村,三坡垅村,茂名市,长坡镇,,,0,,,admin_unmatched_or_ambiguous
50899,茂名,长坡镇,周桐行政村,双岗坪村,茂名市,长坡镇,,,0,,,admin_unmatched_or_ambiguous
50903,茂名,长坡镇,周桐行政村,周垌村,茂名市,长坡镇,,,0,,,admin_unmatched_or_ambiguous
50892,茂名,长坡镇,周桐行政村,垌尾村,茂名市,长坡镇,,,0,,,admin_unmatched_or_ambiguous
50896,茂名,长坡镇,周桐行政村,培垌村,茂名市,长坡镇,,,0,,,admin_unmatched_or_ambiguous
50891,茂名,长坡镇,周桐行政村,大头根村,茂名市,长坡镇,,,0,,,admin_unmatched_or_ambiguous
50890,茂名,长坡镇,周桐行政村,大水坪村,茂名市,长坡镇,,,0,,,admin_unmatched_or_ambiguous
50901,茂名,长坡镇,周桐行政村,屋地花村,茂名市,长坡镇,,,0,,,admin_unmatched_or_ambiguous
50895,茂名,长坡镇,周桐行政村,岭头坡村,茂名市,长坡镇,,,0,,,admin_unmatched_or_ambiguous
50900,茂名,长坡镇,周桐行政村,文广田村,茂名市,长坡镇,,,0,,,admin_unmatched_or_ambiguous
50902,茂名,长坡镇,周桐行政村,油甘坪村,茂名市,长坡镇,,,0,,,admin_unmatched_or_ambiguous
50889,茂名,长坡镇,周桐行政村,白鸡村,茂名市,长坡镇,,,0,,,admin_unmatched_or_ambiguous
50898,茂名,长坡镇,周桐行政村,石窿桐村,茂名市,长坡镇,,,0,,,admin_unmatched_or_ambiguous
50894,茂名,长坡镇,周桐行政村,荔枝根村,茂名市,长坡镇,,,0,,,admin_unmatched_or_ambiguous
50893,茂名,长坡镇,周桐行政村,黄榄岗村,茂名市,长坡镇,,,0,,,admin_unmatched_or_ambiguous
50921,茂名,长坡镇,黄姜坡行政村,佃子垌村,茂名市,长坡镇,,,0,,,admin_unmatched_or_ambiguous
50930,茂名,长坡镇,黄姜坡行政村,塘面村,茂名市,长坡镇,,,0,,,admin_unmatched_or_ambiguous
50926,茂名,长坡镇,黄姜坡行政村,天堂村,茂名市,长坡镇,,,0,,,admin_unmatched_or_ambiguous
50925,茂名,长坡镇,黄姜坡行政村,山中间村,茂名市,长坡镇,,,0,,,admin_unmatched_or_ambiguous
50928,茂名,长坡镇,黄姜坡行政村,正垌村,茂名市,长坡镇,,,0,,,admin_unmatched_or_ambiguous
50924,茂名,长坡镇,黄姜坡行政村,毛朱坟村,茂名市,长坡镇,,,0,,,admin_unmatched_or_ambiguous
50920,茂名,长坡镇,黄姜坡行政村,灯山村,茂名市,长坡镇,,,0,,,admin_unmatched_or_ambiguous
50929,茂名,长坡镇,黄姜坡行政村,玉蕴田村,茂名市,长坡镇,,,0,,,admin_unmatched_or_ambiguous
50927,茂名,长坡镇,黄姜坡行政村,璇垌村,茂名市,长坡镇,,,0,,,admin_unmatched_or_ambiguous
50923,茂名,长坡镇,黄姜坡行政村,落洒桐村,茂名市,长坡镇,,,0,,,admin_unmatched_or_ambiguous
50922,茂名,长坡镇,黄姜坡行政村,黄姜坡村,茂名市,长坡镇,,,0,,,admin_unmatched_or_ambiguous
58684,茂名,雪北界镇,六俵行政村,六俵村,茂名市,北界镇,,,0,,,admin_unmatched_or_ambiguous
58685,茂名,雪北界镇,六俵行政村,六双田村,茂名市,北界镇,,,0,,,admin_unmatched_or_ambiguous
58687,茂名,雪北界镇,六俵行政村,塞田村,茂名市,北界镇,,,0,,,admin_unmatched_or_ambiguous
58683,茂名,雪北界镇,六俵行政村,大坪村,茂名市,北界镇,,,0,,,admin_unmatched_or_ambiguous
58682,茂名,雪北界镇,六俵行政村,碰岭村,茂名市,北界镇,,,0,,,admin_unmatched_or_ambiguous
58686,茂名,雪北界镇,六俵行政村,路山村,茂名市,北界镇,,,0,,,admin_unmatched_or_ambiguous
58550,茂名,雪北界镇,文桐行政村,上寨村,茂名市,北界镇,,,0,,,admin_unmatched_or_ambiguous
58551,茂名,雪北界镇,文桐行政村,宅边村,茂名市,北界镇,,,0,,,admin_unmatched_or_ambiguous
58545,茂名,雪北界镇,文桐行政村,担水窝村,茂名市,北界镇,,,0,,,admin_unmatched_or_ambiguous
58549,茂名,雪北界镇,文桐行政村,木根山村,茂名市,北界镇,,,0,,,admin_unmatched_or_ambiguous
58544,茂名,雪北界镇,文桐行政村,茶辣村,茂名市,北界镇,,,0,,,admin_unmatched_or_ambiguous
58547,茂名,雪北界镇,文桐行政村,高及村,茂名市,北界镇,,,0,,,admin_unmatched_or_ambiguous
58548,茂名,雪北界镇,文桐行政村,高坡村,茂名市,北界镇,,,0,,,admin_unmatched_or_ambiguous
58546,茂名,雪北界镇,文桐行政村,高垌村,茂名市,北界镇,,,0,,,admin_unmatched_or_ambiguous
58561,茂名,雪北界镇,高桐行政村,三叉田村,茂名市,北界镇,,,0,,,admin_unmatched_or_ambiguous
58563,茂名,雪北界镇,高桐行政村,天和村,茂名市,北界镇,,,0,,,admin_unmatched_or_ambiguous
58562,茂名,雪北界镇,高桐行政村,太平石村,茂名市,北界镇,,,0,,,admin_unmatched_or_ambiguous
58559,茂名,雪北界镇,高桐行政村,碰垌村,茂名市,北界镇,,,0,,,admin_unmatched_or_ambiguous
58560,茂名,雪北界镇,高桐行政村,车垌村,茂名市,北界镇,,,0,,,admin_unmatched_or_ambiguous
45382,茂名,马踏镇,莲河行政村,新村,茂名市,马踏镇,,,0,,,admin_unmatched_or_ambiguous
45380,茂名,马踏镇,莲河行政村,河仔口村,茂名市,马踏镇,,,0,,,admin_unmatched_or_ambiguous
45381,茂名,马踏镇,莲河行政村,莲塘坡村,茂名市,马踏镇,,,0,,,admin_unmatched_or_ambiguous
58329,茂名,鳌头镇,塘札行政村,关屋村,茂名市,鳌头镇,,,0,,,admin_unmatched_or_ambiguous
58328,茂名,鳌头镇,塘札行政村,塘札村,茂名市,鳌头镇,,,0,,,admin_unmatched_or_ambiguous
58333,茂名,鳌头镇,塘札行政村,百子车村,茂名市,鳌头镇,,,0,,,admin_unmatched_or_ambiguous
58332,茂名,鳌头镇,塘札行政村,里甲村,茂名市,鳌头镇,,,0,,,admin_unmatched_or_ambiguous
58330,茂名,鳌头镇,塘札行政村,隔海车村,茂名市,鳌头镇,,,0,,,admin_unmatched_or_ambiguous
58334,茂名,鳌头镇,塘札行政村,顿谷车村,茂名市,鳌头镇,,,0,,,admin_unmatched_or_ambiguous
58331,茂名,鳌头镇,塘札行政村,鱼九车村,茂名市,鳌头镇,,,0,,,admin_unmatched_or_ambiguous
58443,茂名,鳌头镇,塘边行政村,上官地村,茂名市,鳌头镇,,,0,,,admin_unmatched_or_ambiguous
58442,茂名,鳌头镇,塘边行政村,何屋岭村,茂名市,鳌头镇,,,0,,,admin_unmatched_or_ambiguous
58441,茂名,鳌头镇,塘边行政村,北淦仔村,茂名市,鳌头镇,,,0,,,admin_unmatched_or_ambiguous
58440,茂名,鳌头镇,塘边行政村,埠头村,茂名市,鳌头镇,,,0,,,admin_unmatched_or_ambiguous
58438,茂名,鳌头镇,塘边行政村,塘边村,茂名市,鳌头镇,,,0,,,admin_unmatched_or_ambiguous
58437,茂名,鳌头镇,塘边行政村,竹坡园村,茂名市,鳌头镇,,,0,,,admin_unmatched_or_ambiguous
58439,茂名,鳌头镇,塘边行政村,红坎村,茂名市,鳌头镇,,,0,,,admin_unmatched_or_ambiguous
58344,茂名,鳌头镇,潮利行政村,后村,茂名市,鳌头镇,,,0,,,admin_unmatched_or_ambiguous
58348,茂名,鳌头镇,潮利行政村,坡仔村,茂名市,鳌头镇,,,0,,,admin_unmatched_or_ambiguous
58346,茂名,鳌头镇,潮利行政村,潮利北村,茂名市,鳌头镇,,,0,,,admin_unmatched_or_ambiguous
58345,茂名,鳌头镇,潮利行政村,潮利南村,茂名市,鳌头镇,,,0,,,admin_unmatched_or_ambiguous
58347,茂名,鳌头镇,潮利行政村,车头村,茂名市,鳌头镇,,,0,,,admin_unmatched_or_ambiguous
58420,茂名,鳌头镇,螯头行政村,上坡村,茂名市,鳌头镇,,,0,,,admin_unmatched_or_ambiguous
58416,茂名,鳌头镇,螯头行政村,大坡村,茂名市,鳌头镇,,,0,,,admin_unmatched_or_ambiguous
58413,茂名,鳌头镇,螯头行政村,富兴村,茂名市,鳌头镇,,,0,,,admin_unmatched_or_ambiguous
58409,茂名,鳌头镇,螯头行政村,岭仔村,茂名市,鳌头镇,,,0,,,admin_unmatched_or_ambiguous
58410,茂名,鳌头镇,螯头行政村,文淦村,茂名市,鳌头镇,,,0,,,admin_unmatched_or_ambiguous
58417,茂名,鳌头镇,螯头行政村,新屋村,茂名市,鳌头镇,,,0,,,admin_unmatched_or_ambiguous
58411,茂名,鳌头镇,螯头行政村,欧茂沙村,茂名市,鳌头镇,,,0,,,admin_unmatched_or_ambiguous
58418,茂名,鳌头镇,螯头行政村,牛坡口村,茂名市,鳌头镇,,,0,,,admin_unmatched_or_ambiguous
58414,茂名,鳌头镇,螯头行政村,荔枝尾村,茂名市,鳌头镇,,,0,,,admin_unmatched_or_ambiguous
58419,茂名,鳌头镇,螯头行政村,解放村,茂名市,鳌头镇,,,0,,,admin_unmatched_or_ambiguous
58412,茂名,鳌头镇,螯头行政村,邓茂沙村,茂名市,鳌头镇,,,0,,,admin_unmatched_or_ambiguous
58415,茂名,鳌头镇,螯头行政村,长坡村,茂名市,鳌头镇,,,0,,,admin_unmatched_or_ambiguous
58407,茂名,鳌头镇,螯头行政村,陈屋园村,茂名市,鳌头镇,,,0,,,admin_unmatched_or_ambiguous
58408,茂名,鳌头镇,螯头行政村,黄屋坡村,茂名市,鳌头镇,,,0,,,admin_unmatched_or_ambiguous
46397,茂名,麻岗镇,山北行政村,大田墩村,茂名市,麻岗镇,,,0,,,admin_unmatched_or_ambiguous
46398,茂名,麻岗镇,山北行政村,屋仔坡村,茂名市,麻岗镇,,,0,,,admin_unmatched_or_ambiguous
46396,茂名,麻岗镇,山北行政村,山北村,茂名市,麻岗镇,,,0,,,admin_unmatched_or_ambiguous
30433,阳江,双捷镇,境湾行政村,三根树村,阳江市,双捷镇,,,0,,,admin_unmatched_or_ambiguous
30434,阳江,双捷镇,境湾行政村,上高桐村,阳江市,双捷镇,,,0,,,admin_unmatched_or_ambiguous
30435,阳江,双捷镇,境湾行政村,新围村,阳江市,双捷镇,,,0,,,admin_unmatched_or_ambiguous
30430,阳江,双捷镇,境湾行政村,林一村,阳江市,双捷镇,,,0,,,admin_unmatched_or_ambiguous
30431,阳江,双捷镇,境湾行政村,林二村,阳江市,双捷镇,,,0,,,admin_unmatched_or_ambiguous
30426,阳江,双捷镇,境湾行政村,白一村,阳江市,双捷镇,,,0,,,admin_unmatched_or_ambiguous
30425,阳江,双捷镇,境湾行政村,白三四村,阳江市,双捷镇,,,0,,,admin_unmatched_or_ambiguous
30427,阳江,双捷镇,境湾行政村,白中村,阳江市,双捷镇,,,0,,,admin_unmatched_or_ambiguous
30424,阳江,双捷镇,境湾行政村,白九村,阳江市,双捷镇,,,0,,,admin_unmatched_or_ambiguous
30423,阳江,双捷镇,境湾行政村,白二村,阳江市,双捷镇,,,0,,,admin_unmatched_or_ambiguous
30422,阳江,双捷镇,境湾行政村,白八村,阳江市,双捷镇,,,0,,,admin_unmatched_or_ambiguous
30436,阳江,双捷镇,境湾行政村,羊树村,阳江市,双捷镇,,,0,,,admin_unmatched_or_ambiguous
30428,阳江,双捷镇,境湾行政村,豆一村,阳江市,双捷镇,,,0,,,admin_unmatched_or_ambiguous
30429,阳江,双捷镇,境湾行政村,豆二村,阳江市,双捷镇,,,0,,,admin_unmatched_or_ambiguous
30432,阳江,双捷镇,境湾行政村,马头岗村,阳江市,双捷镇,,,0,,,admin_unmatched_or_ambiguous
30381,阳江,双捷镇,捷居行政村,中岗村,阳江市,双捷镇,,,0,,,admin_unmatched_or_ambiguous
33444,阳江,双滘镇,七星行政村,丰安村,阳江市,双滘镇,,,0,,,admin_unmatched_or_ambiguous
33449,阳江,双滘镇,七星行政村,双坟岭村,阳江市,双滘镇,,,0,,,admin_unmatched_or_ambiguous
33451,阳江,双滘镇,七星行政村,坑尾村,阳江市,双滘镇,,,0,,,admin_unmatched_or_ambiguous
33450,阳江,双滘镇,七星行政村,塘基头村,阳江市,双滘镇,,,0,,,admin_unmatched_or_ambiguous
33443,阳江,双滘镇,七星行政村,大寨村,阳江市,双滘镇,,,0,,,admin_unmatched_or_ambiguous
33442,阳江,双滘镇,七星行政村,大马路村,阳江市,双滘镇,,,0,,,admin_unmatched_or_ambiguous
33441,阳江,双滘镇,七星行政村,屋路坡村,阳江市,双滘镇,,,0,,,admin_unmatched_or_ambiguous
33448,阳江,双滘镇,七星行政村,山坊路村,阳江市,双滘镇,,,0,,,admin_unmatched_or_ambiguous
33447,阳江,双滘镇,七星行政村,木山脚村,阳江市,双滘镇,,,0,,,admin_unmatched_or_ambiguous
33445,阳江,双滘镇,七星行政村,根竹根村,阳江市,双滘镇,,,0,,,admin_unmatched_or_ambiguous
33446,阳江,双滘镇,七星行政村,角仔村,阳江市,双滘镇,,,0,,,admin_unmatched_or_ambiguous
32661,阳江,合水镇,营讯行政村,东风村,阳江市,合水镇,,,0,,,admin_unmatched_or_ambiguous
32659,阳江,合水镇,营讯行政村,倒流塘村,阳江市,合水镇,,,0,,,admin_unmatched_or_ambiguous
32663,阳江,合水镇,营讯行政村,南岗村,阳江市,合水镇,,,0,,,admin_unmatched_or_ambiguous
32667,阳江,合水镇,营讯行政村,新陂村,阳江市,合水镇,,,0,,,admin_unmatched_or_ambiguous
32665,阳江,合水镇,营讯行政村,深坡村,阳江市,合水镇,,,0,,,admin_unmatched_or_ambiguous
32666,阳江,合水镇,营讯行政村,滩沼村,阳江市,合水镇,,,0,,,admin_unmatched_or_ambiguous
32660,阳江,合水镇,营讯行政村,灯心塘村,阳江市,合水镇,,,0,,,admin_unmatched_or_ambiguous
32664,阳江,合水镇,营讯行政村,牛尾岗村,阳江市,合水镇,,,0,,,admin_unmatched_or_ambiguous
32662,阳江,合水镇,营讯行政村,结坑村,阳江市,合水镇,,,0,,,admin_unmatched_or_ambiguous
32668,阳江,合水镇,营讯行政村,长坑村,阳江市,合水镇,,,0,,,admin_unmatched_or_ambiguous
33109,阳江,品松柏镇,双黄行政村,双黄村,阳江市,松柏镇,,,0,,,admin_unmatched_or_ambiguous
33104,阳江,品松柏镇,双黄行政村,大陂角村,阳江市,松柏镇,,,0,,,admin_unmatched_or_ambiguous
33103,阳江,品松柏镇,双黄行政村,布村,阳江市,松柏镇,,,0,,,admin_unmatched_or_ambiguous
33106,阳江,品松柏镇,双黄行政村,木乍村,阳江市,松柏镇,,,0,,,admin_unmatched_or_ambiguous
33105,阳江,品松柏镇,双黄行政村,独田村,阳江市,松柏镇,,,0,,,admin_unmatched_or_ambiguous
33102,阳江,品松柏镇,双黄行政村,白学村,阳江市,松柏镇,,,0,,,admin_unmatched_or_ambiguous
33107,阳江,品松柏镇,双黄行政村,石冲村,阳江市,松柏镇,,,0,,,admin_unmatched_or_ambiguous
33108,阳江,品松柏镇,双黄行政村,石头塘村,阳江市,松柏镇,,,0,,,admin_unmatched_or_ambiguous
31361,阳江,圭岗镇,南埽行政村,三联村,阳江市,圭岗镇,,,0,,,admin_unmatched_or_ambiguous
31364,阳江,圭岗镇,南埽行政村,上屋村,阳江市,圭岗镇,,,0,,,admin_unmatched_or_ambiguous
31363,阳江,圭岗镇,南埽行政村,上洒二村,阳江市,圭岗镇,,,0,,,admin_unmatched_or_ambiguous
31358,阳江,圭岗镇,南埽行政村,南埔一村,阳江市,圭岗镇,,,0,,,admin_unmatched_or_ambiguous
31359,阳江,圭岗镇,南埽行政村,南埔二村,阳江市,圭岗镇,,,0,,,admin_unmatched_or_ambiguous
31357,阳江,圭岗镇,南埽行政村,南木垌村,阳江市,圭岗镇,,,0,,,admin_unmatched_or_ambiguous
31351,阳江,圭岗镇,南埽行政村,大寨村,阳江市,圭岗镇,,,0,,,admin_unmatched_or_ambiguous
31350,阳江,圭岗镇,南埽行政村,大田村,阳江市,圭岗镇,,,0,,,admin_unmatched_or_ambiguous
31371,阳江,圭岗镇,南埽行政村,寨顶村,阳江市,圭岗镇,,,0,,,admin_unmatched_or_ambiguous
31362,阳江,圭岗镇,南埽行政村,山猪塘村,阳江市,圭岗镇,,,0,,,admin_unmatched_or_ambiguous
31370,阳江,圭岗镇,南埽行政村,新屋村,阳江市,圭岗镇,,,0,,,admin_unmatched_or_ambiguous
31360,阳江,圭岗镇,南埽行政村,柒木岭村,阳江市,圭岗镇,,,0,,,admin_unmatched_or_ambiguous
31356,阳江,圭岗镇,南埽行政村,棉地塘村,阳江市,圭岗镇,,,0,,,admin_unmatched_or_ambiguous
31368,阳江,圭岗镇,南埽行政村,田心一村,阳江市,圭岗镇,,,0,,,admin_unmatched_or_ambiguous
31369,阳江,圭岗镇,南埽行政村,田心二村,阳江市,圭岗镇,,,0,,,admin_unmatched_or_ambiguous
31366,阳江,圭岗镇,南埽行政村,石洒底一村,阳江市,圭岗镇,,,0,,,admin_unmatched_or_ambiguous
31367,阳江,圭岗镇,南埽行政村,石洒底二村,阳江市,圭岗镇,,,0,,,admin_unmatched_or_ambiguous
31365,阳江,圭岗镇,南埽行政村,石洒村,阳江市,圭岗镇,,,0,,,admin_unmatched_or_ambiguous
31352,阳江,圭岗镇,南埽行政村,红心村,阳江市,圭岗镇,,,0,,,admin_unmatched_or_ambiguous
31353,阳江,圭岗镇,南埽行政村,红星村,阳江市,圭岗镇,,,0,,,admin_unmatched_or_ambiguous
31354,阳江,圭岗镇,南埽行政村,角龙寨村,阳江市,圭岗镇,,,0,,,admin_unmatched_or_ambiguous
31355,阳江,圭岗镇,南埽行政村,麻竹脚村,阳江市,圭岗镇,,,0,,,admin_unmatched_or_ambiguous
31041,阳江,圭岗镇,吉桐行政村,上寨村,阳江市,圭岗镇,,,0,,,admin_unmatched_or_ambiguous
31050,阳江,圭岗镇,吉桐行政村,中一村,阳江市,圭岗镇,,,0,,,admin_unmatched_or_ambiguous
31036,阳江,圭岗镇,吉桐行政村,丹竹垌村,阳江市,圭岗镇,,,0,,,admin_unmatched_or_ambiguous
31038,阳江,圭岗镇,吉桐行政村,坑口村,阳江市,圭岗镇,,,0,,,admin_unmatched_or_ambiguous
31043,阳江,圭岗镇,吉桐行政村,塘面村,阳江市,圭岗镇,,,0,,,admin_unmatched_or_ambiguous
31037,阳江,圭岗镇,吉桐行政村,对面岗村,阳江市,圭岗镇,,,0,,,admin_unmatched_or_ambiguous
31045,阳江,圭岗镇,吉桐行政村,屋背村,阳江市,圭岗镇,,,0,,,admin_unmatched_or_ambiguous
31046,阳江,圭岗镇,吉桐行政村,新塘村,阳江市,圭岗镇,,,0,,,admin_unmatched_or_ambiguous
31048,阳江,圭岗镇,吉桐行政村,早禾垌村,阳江市,圭岗镇,,,0,,,admin_unmatched_or_ambiguous
31040,阳江,圭岗镇,吉桐行政村,沙木垌村,阳江市,圭岗镇,,,0,,,admin_unmatched_or_ambiguous
31039,阳江,圭岗镇,吉桐行政村,牛岗村,阳江市,圭岗镇,,,0,,,admin_unmatched_or_ambiguous
31044,阳江,圭岗镇,吉桐行政村,田桐村,阳江市,圭岗镇,,,0,,,admin_unmatched_or_ambiguous
31042,阳江,圭岗镇,吉桐行政村,社根村,阳江市,圭岗镇,,,0,,,admin_unmatched_or_ambiguous
31051,阳江,圭岗镇,吉桐行政村,竹根仔村,阳江市,圭岗镇,,,0,,,admin_unmatched_or_ambiguous
31047,阳江,圭岗镇,吉桐行政村,羊梅坑村,阳江市,圭岗镇,,,0,,,admin_unmatched_or_ambiguous
31049,阳江,圭岗镇,吉桐行政村,长坑村,阳江市,圭岗镇,,,0,,,admin_unmatched_or_ambiguous
31195,阳江,圭岗镇,那桐行政村,上寨村,阳江市,圭岗镇,,,0,,,admin_unmatched_or_ambiguous
31202,阳江,圭岗镇,那桐行政村,下那到村,阳江市,圭岗镇,,,0,,,admin_unmatched_or_ambiguous
31204,阳江,圭岗镇,那桐行政村,中三村,阳江市,圭岗镇,,,0,,,admin_unmatched_or_ambiguous
31184,阳江,圭岗镇,那桐行政村,半冲村,阳江市,圭岗镇,,,0,,,admin_unmatched_or_ambiguous
31189,阳江,圭岗镇,那桐行政村,合坑村,阳江市,圭岗镇,,,0,,,admin_unmatched_or_ambiguous
31198,阳江,圭岗镇,那桐行政村,四营坑村,阳江市,圭岗镇,,,0,,,admin_unmatched_or_ambiguous
31200,阳江,圭岗镇,那桐行政村,塘口村,阳江市,圭岗镇,,,0,,,admin_unmatched_or_ambiguous
31199,阳江,圭岗镇,那桐行政村,塘垌村,阳江市,圭岗镇,,,0,,,admin_unmatched_or_ambiguous
31201,阳江,圭岗镇,那桐行政村,塘面村,阳江市,圭岗镇,,,0,,,admin_unmatched_or_ambiguous
31187,阳江,圭岗镇,那桐行政村,大屋村,阳江市,圭岗镇,,,0,,,admin_unmatched_or_ambiguous
31186,阳江,圭岗镇,那桐行政村,大桐村,阳江市,圭岗镇,,,0,,,admin_unmatched_or_ambiguous
31203,阳江,圭岗镇,那桐行政村,新桐村,阳江市,圭岗镇,,,0,,,admin_unmatched_or_ambiguous
31193,阳江,圭岗镇,那桐行政村,木垌村,阳江市,圭岗镇,,,0,,,admin_unmatched_or_ambiguous
31192,阳江,圭岗镇,那桐行政村,棉地岭村,阳江市,圭岗镇,,,0,,,admin_unmatched_or_ambiguous
31197,阳江,圭岗镇,那桐行政村,石堆村,阳江市,圭岗镇,,,0,,,admin_unmatched_or_ambiguous
31191,阳江,圭岗镇,那桐行政村,蓝湖村,阳江市,圭岗镇,,,0,,,admin_unmatched_or_ambiguous
31196,阳江,圭岗镇,那桐行政村,蛇口村,阳江市,圭岗镇,,,0,,,admin_unmatched_or_ambiguous
31185,阳江,圭岗镇,那桐行政村,车田村,阳江市,圭岗镇,,,0,,,admin_unmatched_or_ambiguous
31194,阳江,圭岗镇,那桐行政村,那位村,阳江市,圭岗镇,,,0,,,admin_unmatched_or_ambiguous
31188,阳江,圭岗镇,那桐行政村,高车田村,阳江市,圭岗镇,,,0,,,admin_unmatched_or_ambiguous
31190,阳江,圭岗镇,那桐行政村,黄榄角村,阳江市,圭岗镇,,,0,,,admin_unmatched_or_ambiguous
30480,阳江,城东街道,随垌行政村,上村,阳江市,城东街道,,,0,,,admin_unmatched_or_ambiguous
30481,阳江,城东街道,随垌行政村,下村,阳江市,城东街道,,,0,,,admin_unmatched_or_ambiguous
30479,阳江,城东街道,随垌行政村,彭新村,阳江市,城东街道,,,0,,,admin_unmatched_or_ambiguous
30478,阳江,城东街道,随垌行政村,牛仔场村,阳江市,城东街道,,,0,,,admin_unmatched_or_ambiguous
30634,阳江,城北街道,坪郊行政村,凤阁上村,阳江市,城北街道,,,0,,,admin_unmatched_or_ambiguous
30636,阳江,城北街道,坪郊行政村,凤阁下村,阳江市,城北街道,,,0,,,admin_unmatched_or_ambiguous
30635,阳江,城北街道,坪郊行政村,凤阁中村,阳江市,城北街道,,,0,,,admin_unmatched_or_ambiguous
30639,阳江,城北街道,坪郊行政村,沙上村,阳江市,城北街道,,,0,,,admin_unmatched_or_ambiguous
30640,阳江,城北街道,坪郊行政村,沙下村,阳江市,城北街道,,,0,,,admin_unmatched_or_ambiguous
30638,阳江,城北街道,坪郊行政村,牛头坑村,阳江市,城北街道,,,0,,,admin_unmatched_or_ambiguous
30643,阳江,城北街道,坪郊行政村,谭郊新村,阳江市,城北街道,,,0,,,admin_unmatched_or_ambiguous
30642,阳江,城北街道,坪郊行政村,谭郊村,阳江市,城北街道,,,0,,,admin_unmatched_or_ambiguous
30641,阳江,城北街道,坪郊行政村,那贺村,阳江市,城北街道,,,0,,,admin_unmatched_or_ambiguous
30637,阳江,城北街道,坪郊行政村,龙湾村,阳江市,城北街道,,,0,,,admin_unmatched_or_ambiguous
30651,阳江,城北街道,金郊行政村,上沙岗村,阳江市,城北街道,,,0,,,admin_unmatched_or_ambiguous
30652,阳江,城北街道,金郊行政村,下沙岗村,阳江市,城北街道,,,0,,,admin_unmatched_or_ambiguous
30644,阳江,城北街道,金郊行政村,岗头村,阳江市,城北街道,,,0,,,admin_unmatched_or_ambiguous
30649,阳江,城北街道,金郊行政村,岗头铺村,阳江市,城北街道,,,0,,,admin_unmatched_or_ambiguous
30646,阳江,城北街道,金郊行政村,简屋村,阳江市,城北街道,,,0,,,admin_unmatched_or_ambiguous
30647,阳江,城北街道,金郊行政村,金二村,阳江市,城北街道,,,0,,,admin_unmatched_or_ambiguous
30648,阳江,城北街道,金郊行政村,金坪村,阳江市,城北街道,,,0,,,admin_unmatched_or_ambiguous
30650,阳江,城北街道,金郊行政村,金郊上村,阳江市,城北街道,,,0,,,admin_unmatched_or_ambiguous
30645,阳江,城北街道,金郊行政村,黄梁村,阳江市,城北街道,,,0,,,admin_unmatched_or_ambiguous
30466,阳江,城西街道,东砵行政村,中间张村,阳江市,城西街道,,,0,,,admin_unmatched_or_ambiguous
30465,阳江,城西街道,东砵行政村,冯堡村,阳江市,城西街道,,,0,,,admin_unmatched_or_ambiguous
30464,阳江,城西街道,东砵行政村,旦场村,阳江市,城西街道,,,0,,,admin_unmatched_or_ambiguous
30463,阳江,城西街道,东砵行政村,村头村,阳江市,城西街道,,,0,,,admin_unmatched_or_ambiguous
30462,阳江,城西街道,东砵行政村,该村清朝属阳江县太平乡雁村都雁村一图。民国时期先后属阳江县城西乡、西北乡。中华人民共和国成立初期先后属阳江县东砵乡、城西乡，年属阳江县超美人民公社东砵管理区，年属阳江县城西人民公社东砵大队，年属阳江县城西区东砵乡，年属阳江县城西乡东砵管理区，年属阳江县江城区东砵管理区，年属阳江市江城区城西镇东砵行政村，年至今属阳江市江城区城西街道东砵行政村,阳江市,城西街道,,,0,,,admin_unmatched_or_ambiguous
30516,阳江,岗列街道,司行政村,司村,阳江市,岗列街道,,,0,,,admin_unmatched_or_ambiguous
30509,阳江,岗列街道,四围行政村,五家村,阳江市,岗列街道,,,0,,,admin_unmatched_or_ambiguous
30508,阳江,岗列街道,四围行政村,沙屋围村,阳江市,岗列街道,,,0,,,admin_unmatched_or_ambiguous
30506,阳江,岗列街道,四围行政村,程屋围村,阳江市,岗列街道,,,0,,,admin_unmatched_or_ambiguous
30507,阳江,岗列街道,四围行政村,过路围村,阳江市,岗列街道,,,0,,,admin_unmatched_or_ambiguous
30519,阳江,岗列街道,大行政村,南村,阳江市,岗列街道,,,0,,,admin_unmatched_or_ambiguous
30518,阳江,岗列街道,大行政村,大村,阳江市,岗列街道,,,0,,,admin_unmatched_or_ambiguous
30517,阳江,岗列街道,大行政村,村头村,阳江市,岗列街道,,,0,,,admin_unmatched_or_ambiguous
30520,阳江,岗列街道,大行政村,潘屋寨村,阳江市,岗列街道,,,0,,,admin_unmatched_or_ambiguous
30515,阳江,岗列街道,对岸行政村,对岸村,阳江市,岗列街道,,,0,,,admin_unmatched_or_ambiguous
30498,阳江,岗列街道,岗列行政村,军塘上寨村,阳江市,岗列街道,,,0,,,admin_unmatched_or_ambiguous
30499,阳江,岗列街道,岗列行政村,军塘下寨村,阳江市,岗列街道,,,0,,,admin_unmatched_or_ambiguous
30500,阳江,岗列街道,岗列行政村,列美大村,阳江市,岗列街道,,,0,,,admin_unmatched_or_ambiguous
30495,阳江,岗列街道,岗列行政村,叠冈村,阳江市,岗列街道,,,0,,,admin_unmatched_or_ambiguous
30494,阳江,岗列街道,岗列行政村,大田村,阳江市,岗列街道,,,0,,,admin_unmatched_or_ambiguous
30505,阳江,岗列街道,岗列行政村,屋背塘村,阳江市,岗列街道,,,0,,,admin_unmatched_or_ambiguous
30504,阳江,岗列街道,岗列行政村,山后村,阳江市,岗列街道,,,0,,,admin_unmatched_or_ambiguous
30496,阳江,岗列街道,岗列行政村,岗背东村,阳江市,岗列街道,,,0,,,admin_unmatched_or_ambiguous
30497,阳江,岗列街道,岗列行政村,岗背西村,阳江市,岗列街道,,,0,,,admin_unmatched_or_ambiguous
30501,阳江,岗列街道,岗列行政村,木资程屋村,阳江市,岗列街道,,,0,,,admin_unmatched_or_ambiguous
30503,阳江,岗列街道,岗列行政村,木赉叶屋村,阳江市,岗列街道,,,0,,,admin_unmatched_or_ambiguous
30502,阳江,岗列街道,岗列行政村,木赉梁屋村,阳江市,岗列街道,,,0,,,admin_unmatched_or_ambiguous
30513,阳江,岗列街道,岸东行政村,岸东村,阳江市,岗列街道,,,0,,,admin_unmatched_or_ambiguous
30514,阳江,岗列街道,岸东行政村,田头屋村,阳江市,岗列街道,,,0,,,admin_unmatched_or_ambiguous
30523,阳江,岗列街道,新行政村,新围村,阳江市,岗列街道,,,0,,,admin_unmatched_or_ambiguous
30522,阳江,岗列街道,新行政村,新村,阳江市,岗列街道,,,0,,,admin_unmatched_or_ambiguous
30521,阳江,岗列街道,新行政村,西坎村,阳江市,岗列街道,,,0,,,admin_unmatched_or_ambiguous
30511,阳江,岗列街道,那格行政村,平山村,阳江市,岗列街道,,,0,,,admin_unmatched_or_ambiguous
30512,阳江,岗列街道,那格行政村,沙格村,阳江市,岗列街道,,,0,,,admin_unmatched_or_ambiguous
30510,阳江,岗列街道,那格行政村,洛西村,阳江市,岗列街道,,,0,,,admin_unmatched_or_ambiguous
32468,阳江,岗美镇,埠滘行政村,中寨村,阳江市,岗美镇,,,0,,,admin_unmatched_or_ambiguous
32469,阳江,岗美镇,埠滘行政村,卫星村,阳江市,岗美镇,,,0,,,admin_unmatched_or_ambiguous
32470,阳江,岗美镇,埠滘行政村,向北村,阳江市,岗美镇,,,0,,,admin_unmatched_or_ambiguous
32471,阳江,岗美镇,埠滘行政村,潭滘村,阳江市,岗美镇,,,0,,,admin_unmatched_or_ambiguous
32467,阳江,岗美镇,埠滘行政村,花园村,阳江市,岗美镇,,,0,,,admin_unmatched_or_ambiguous
32472,阳江,岗美镇,埠滘行政村,要楼村,阳江市,岗美镇,,,0,,,admin_unmatched_or_ambiguous
32482,阳江,岗美镇,潭筋行政村,上下铺村,阳江市,岗美镇,,,0,,,admin_unmatched_or_ambiguous
32480,阳江,岗美镇,潭筋行政村,坤岗村,阳江市,岗美镇,,,0,,,admin_unmatched_or_ambiguous
32486,阳江,岗美镇,潭筋行政村,塘元向北村,阳江市,岗美镇,,,0,,,admin_unmatched_or_ambiguous
32478,阳江,岗美镇,潭筋行政村,大地坪村,阳江市,岗美镇,,,0,,,admin_unmatched_or_ambiguous
32479,阳江,岗美镇,潭筋行政村,急鸡坡村,阳江市,岗美镇,,,0,,,admin_unmatched_or_ambiguous
32484,阳江,岗美镇,潭筋行政村,潭圩村,阳江市,岗美镇,,,0,,,admin_unmatched_or_ambiguous
32485,阳江,岗美镇,潭筋行政村,潭寨村,阳江市,岗美镇,,,0,,,admin_unmatched_or_ambiguous
32483,阳江,岗美镇,潭筋行政村,潭梅村,阳江市,岗美镇,,,0,,,admin_unmatched_or_ambiguous
32481,阳江,岗美镇,潭筋行政村,牛升村,阳江市,岗美镇,,,0,,,admin_unmatched_or_ambiguous
32341,阳江,岗美镇,轮岗行政村,大寨村,阳江市,岗美镇,,,0,,,admin_unmatched_or_ambiguous
32346,阳江,岗美镇,轮岗行政村,大筲箕村,阳江市,岗美镇,,,0,,,admin_unmatched_or_ambiguous
32338,阳江,岗美镇,轮岗行政村,梅子根村,阳江市,岗美镇,,,0,,,admin_unmatched_or_ambiguous
32344,阳江,岗美镇,轮岗行政村,槐塘村,阳江市,岗美镇,,,0,,,admin_unmatched_or_ambiguous
32343,阳江,岗美镇,轮岗行政村,河角村,阳江市,岗美镇,,,0,,,admin_unmatched_or_ambiguous
32342,阳江,岗美镇,轮岗行政村,盘屋村,阳江市,岗美镇,,,0,,,admin_unmatched_or_ambiguous
32345,阳江,岗美镇,轮岗行政村,要面村,阳江市,岗美镇,,,0,,,admin_unmatched_or_ambiguous
32340,阳江,岗美镇,轮岗行政村,高荔村,阳江市,岗美镇,,,0,,,admin_unmatched_or_ambiguous
32339,阳江,岗美镇,轮岗行政村,高龙村,阳江市,岗美镇,,,0,,,admin_unmatched_or_ambiguous
32337,阳江,岗美镇,轮岗行政村,鸡湾村,阳江市,岗美镇,,,0,,,admin_unmatched_or_ambiguous
32299,阳江,春城街道,三丰行政村,三坡村,阳江市,春城街道,,,0,,,admin_unmatched_or_ambiguous
32281,阳江,春城街道,三丰行政村,中岗村,阳江市,春城街道,,,0,,,admin_unmatched_or_ambiguous
32296,阳江,春城街道,三丰行政村,大坑村,阳江市,春城街道,,,0,,,admin_unmatched_or_ambiguous
32297,阳江,春城街道,三丰行政村,岗边村,阳江市,春城街道,,,0,,,admin_unmatched_or_ambiguous
32283,阳江,春城街道,三丰行政村,散垌村,阳江市,春城街道,,,0,,,admin_unmatched_or_ambiguous
32295,阳江,春城街道,三丰行政村,新寨村,阳江市,春城街道,,,0,,,admin_unmatched_or_ambiguous
32284,阳江,春城街道,三丰行政村,新屋村,阳江市,春城街道,,,0,,,admin_unmatched_or_ambiguous
32287,阳江,春城街道,三丰行政村,新建村,阳江市,春城街道,,,0,,,admin_unmatched_or_ambiguous
32288,阳江,春城街道,三丰行政村,新村,阳江市,春城街道,,,0,,,admin_unmatched_or_ambiguous
32298,阳江,春城街道,三丰行政村,桃源垌村,阳江市,春城街道,,,0,,,admin_unmatched_or_ambiguous
32289,阳江,春城街道,三丰行政村,桐仔村,阳江市,春城街道,,,0,,,admin_unmatched_or_ambiguous
32294,阳江,春城街道,三丰行政村,樟木根村,阳江市,春城街道,,,0,,,admin_unmatched_or_ambiguous
32286,阳江,春城街道,三丰行政村,沙坡村,阳江市,春城街道,,,0,,,admin_unmatched_or_ambiguous
32282,阳江,春城街道,三丰行政村,牛湾村,阳江市,春城街道,,,0,,,admin_unmatched_or_ambiguous
32292,阳江,春城街道,三丰行政村,猪脚氹村,阳江市,春城街道,,,0,,,admin_unmatched_or_ambiguous
32291,阳江,春城街道,三丰行政村,田沥头村,阳江市,春城街道,,,0,,,admin_unmatched_or_ambiguous
32293,阳江,春城街道,三丰行政村,红石村,阳江市,春城街道,,,0,,,admin_unmatched_or_ambiguous
32290,阳江,春城街道,三丰行政村,龙塘村,阳江市,春城街道,,,0,,,admin_unmatched_or_ambiguous
32285,阳江,春城街道,三丰行政村,龙村,阳江市,春城街道,,,0,,,admin_unmatched_or_ambiguous
32161,阳江,春城街道,三湖行政村,三岗仔村,阳江市,春城街道,,,0,,,admin_unmatched_or_ambiguous
32159,阳江,春城街道,三湖行政村,三湖间村,阳江市,春城街道,,,0,,,admin_unmatched_or_ambiguous
32155,阳江,春城街道,三湖行政村,上湖角村,阳江市,春城街道,,,0,,,admin_unmatched_or_ambiguous
32173,阳江,春城街道,三湖行政村,坪仔口村,阳江市,春城街道,,,0,,,admin_unmatched_or_ambiguous
32174,阳江,春城街道,三湖行政村,建塘寨村,阳江市,春城街道,,,0,,,admin_unmatched_or_ambiguous
32162,阳江,春城街道,三湖行政村,断河寨村,阳江市,春城街道,,,0,,,admin_unmatched_or_ambiguous
32170,阳江,春城街道,三湖行政村,新寨岗村,阳江市,春城街道,,,0,,,admin_unmatched_or_ambiguous
32166,阳江,春城街道,三湖行政村,新村,阳江市,春城街道,,,0,,,admin_unmatched_or_ambiguous
32160,阳江,春城街道,三湖行政村,村仔村,阳江市,春城街道,,,0,,,admin_unmatched_or_ambiguous
32156,阳江,春城街道,三湖行政村,湖角村,阳江市,春城街道,,,0,,,admin_unmatched_or_ambiguous
32164,阳江,春城街道,三湖行政村,湖面村,阳江市,春城街道,,,0,,,admin_unmatched_or_ambiguous
32169,阳江,春城街道,三湖行政村,独石仔村,阳江市,春城街道,,,0,,,admin_unmatched_or_ambiguous
32163,阳江,春城街道,三湖行政村,狮子头村,阳江市,春城街道,,,0,,,admin_unmatched_or_ambiguous
32165,阳江,春城街道,三湖行政村,田头屋村,阳江市,春城街道,,,0,,,admin_unmatched_or_ambiguous
32167,阳江,春城街道,三湖行政村,石坡村,阳江市,春城街道,,,0,,,admin_unmatched_or_ambiguous
32175,阳江,春城街道,三湖行政村,石山元村,阳江市,春城街道,,,0,,,admin_unmatched_or_ambiguous
32168,阳江,春城街道,三湖行政村,聚湖村,阳江市,春城街道,,,0,,,admin_unmatched_or_ambiguous
32172,阳江,春城街道,三湖行政村,茶元村,阳江市,春城街道,,,0,,,admin_unmatched_or_ambiguous
32157,阳江,春城街道,三湖行政村,边湖村,阳江市,春城街道,,,0,,,admin_unmatched_or_ambiguous
32158,阳江,春城街道,三湖行政村,野鸭田村,阳江市,春城街道,,,0,,,admin_unmatched_or_ambiguous
32154,阳江,春城街道,三湖行政村,鸡母朗村,阳江市,春城街道,,,0,,,admin_unmatched_or_ambiguous
32171,阳江,春城街道,三湖行政村,黄泥湖村,阳江市,春城街道,,,0,,,admin_unmatched_or_ambiguous
32304,阳江,春城街道,升平行政村,七星坡村,阳江市,春城街道,,,0,,,admin_unmatched_or_ambiguous
32308,阳江,春城街道,升平行政村,吕铺村,阳江市,春城街道,,,0,,,admin_unmatched_or_ambiguous
32318,阳江,春城街道,升平行政村,圭岗村,阳江市,春城街道,,,0,,,admin_unmatched_or_ambiguous
32309,阳江,春城街道,升平行政村,塘基头村,阳江市,春城街道,,,0,,,admin_unmatched_or_ambiguous
32311,阳江,春城街道,升平行政村,孟姜村,阳江市,春城街道,,,0,,,admin_unmatched_or_ambiguous
32316,阳江,春城街道,升平行政村,平天塘村,阳江市,春城街道,,,0,,,admin_unmatched_or_ambiguous
32306,阳江,春城街道,升平行政村,斧头岗村,阳江市,春城街道,,,0,,,admin_unmatched_or_ambiguous
32322,阳江,春城街道,升平行政村,新建村,阳江市,春城街道,,,0,,,admin_unmatched_or_ambiguous
32310,阳江,春城街道,升平行政村,新村,阳江市,春城街道,,,0,,,admin_unmatched_or_ambiguous
32300,阳江,春城街道,升平行政村,朗底村,阳江市,春城街道,,,0,,,admin_unmatched_or_ambiguous
32320,阳江,春城街道,升平行政村,朱耀塘村,阳江市,春城街道,,,0,,,admin_unmatched_or_ambiguous
32317,阳江,春城街道,升平行政村,林屋村,阳江市,春城街道,,,0,,,admin_unmatched_or_ambiguous
32313,阳江,春城街道,升平行政村,沙河村,阳江市,春城街道,,,0,,,admin_unmatched_or_ambiguous
32315,阳江,春城街道,升平行政村,泰安村,阳江市,春城街道,,,0,,,admin_unmatched_or_ambiguous
32314,阳江,春城街道,升平行政村,浦江村,阳江市,春城街道,,,0,,,admin_unmatched_or_ambiguous
32302,阳江,春城街道,升平行政村,王竹头村,阳江市,春城街道,,,0,,,admin_unmatched_or_ambiguous
32303,阳江,春城街道,升平行政村,结莱朗村,阳江市,春城街道,,,0,,,admin_unmatched_or_ambiguous
32319,阳江,春城街道,升平行政村,莲塘村,阳江市,春城街道,,,0,,,admin_unmatched_or_ambiguous
32301,阳江,春城街道,升平行政村,马王塘村,阳江市,春城街道,,,0,,,admin_unmatched_or_ambiguous
32321,阳江,春城街道,升平行政村,高坡村,阳江市,春城街道,,,0,,,admin_unmatched_or_ambiguous
32307,阳江,春城街道,升平行政村,高桥村,阳江市,春城街道,,,0,,,admin_unmatched_or_ambiguous
32305,阳江,春城街道,升平行政村,鸦村,阳江市,春城街道,,,0,,,admin_unmatched_or_ambiguous
32312,阳江,春城街道,升平行政村,黄岗屯村,阳江市,春城街道,,,0,,,admin_unmatched_or_ambiguous
32199,阳江,春城街道,合岗行政村,三星村,阳江市,春城街道,,,0,,,admin_unmatched_or_ambiguous
32206,阳江,春城街道,合岗行政村,上书村,阳江市,春城街道,,,0,,,admin_unmatched_or_ambiguous
32210,阳江,春城街道,合岗行政村,上合村,阳江市,春城街道,,,0,,,admin_unmatched_or_ambiguous
32214,阳江,春城街道,合岗行政村,下合村,阳江市,春城街道,,,0,,,admin_unmatched_or_ambiguous
32211,阳江,春城街道,合岗行政村,仙垌村,阳江市,春城街道,,,0,,,admin_unmatched_or_ambiguous
32208,阳江,春城街道,合岗行政村,前塘村,阳江市,春城街道,,,0,,,admin_unmatched_or_ambiguous
32218,阳江,春城街道,合岗行政村,坑口村,阳江市,春城街道,,,0,,,admin_unmatched_or_ambiguous
32212,阳江,春城街道,合岗行政村,塘尾村,阳江市,春城街道,,,0,,,admin_unmatched_or_ambiguous
32203,阳江,春城街道,合岗行政村,大兴村,阳江市,春城街道,,,0,,,admin_unmatched_or_ambiguous
32215,阳江,春城街道,合岗行政村,大安村,阳江市,春城街道,,,0,,,admin_unmatched_or_ambiguous
32205,阳江,春城街道,合岗行政村,大岗村,阳江市,春城街道,,,0,,,admin_unmatched_or_ambiguous
32202,阳江,春城街道,合岗行政村,岗背村,阳江市,春城街道,,,0,,,admin_unmatched_or_ambiguous
32216,阳江,春城街道,合岗行政村,新和村,阳江市,春城街道,,,0,,,admin_unmatched_or_ambiguous
32198,阳江,春城街道,合岗行政村,新寨村,阳江市,春城街道,,,0,,,admin_unmatched_or_ambiguous
32197,阳江,春城街道,合岗行政村,新联村,阳江市,春城街道,,,0,,,admin_unmatched_or_ambiguous
32217,阳江,春城街道,合岗行政村,横岗村,阳江市,春城街道,,,0,,,admin_unmatched_or_ambiguous
32204,阳江,春城街道,合岗行政村,欢垌村,阳江市,春城街道,,,0,,,admin_unmatched_or_ambiguous
32200,阳江,春城街道,合岗行政村,永久村,阳江市,春城街道,,,0,,,admin_unmatched_or_ambiguous
32219,阳江,春城街道,合岗行政村,永合村,阳江市,春城街道,,,0,,,admin_unmatched_or_ambiguous
32201,阳江,春城街道,合岗行政村,永安村,阳江市,春城街道,,,0,,,admin_unmatched_or_ambiguous
32207,阳江,春城街道,合岗行政村,沙岗村,阳江市,春城街道,,,0,,,admin_unmatched_or_ambiguous
32213,阳江,春城街道,合岗行政村,清湖村,阳江市,春城街道,,,0,,,admin_unmatched_or_ambiguous
32209,阳江,春城街道,合岗行政村,石留村,阳江市,春城街道,,,0,,,admin_unmatched_or_ambiguous
32264,阳江,春城街道,崆峒行政村,中心咀村,阳江市,春城街道,,,0,,,admin_unmatched_or_ambiguous
32254,阳江,春城街道,崆峒行政村,九岗头村,阳江市,春城街道,,,0,,,admin_unmatched_or_ambiguous
32255,阳江,春城街道,崆峒行政村,北达村,阳江市,春城街道,,,0,,,admin_unmatched_or_ambiguous
32259,阳江,春城街道,崆峒行政村,原塘村,阳江市,春城街道,,,0,,,admin_unmatched_or_ambiguous
32260,阳江,春城街道,崆峒行政村,地塘岗村,阳江市,春城街道,,,0,,,admin_unmatched_or_ambiguous
32242,阳江,春城街道,崆峒行政村,塘冲尾村,阳江市,春城街道,,,0,,,admin_unmatched_or_ambiguous
32252,阳江,春城街道,崆峒行政村,塘围岗村,阳江市,春城街道,,,0,,,admin_unmatched_or_ambiguous
32262,阳江,春城街道,崆峒行政村,天心岗村,阳江市,春城街道,,,0,,,admin_unmatched_or_ambiguous
32240,阳江,春城街道,崆峒行政村,山角村,阳江市,春城街道,,,0,,,admin_unmatched_or_ambiguous
32236,阳江,春城街道,崆峒行政村,岗咀村,阳江市,春城街道,,,0,,,admin_unmatched_or_ambiguous
32243,阳江,春城街道,崆峒行政村,岗钳村,阳江市,春城街道,,,0,,,admin_unmatched_or_ambiguous
32257,阳江,春城街道,崆峒行政村,崩塘村,阳江市,春城街道,,,0,,,admin_unmatched_or_ambiguous
32239,阳江,春城街道,崆峒行政村,平山塘村,阳江市,春城街道,,,0,,,admin_unmatched_or_ambiguous
32237,阳江,春城街道,崆峒行政村,广榔根村,阳江市,春城街道,,,0,,,admin_unmatched_or_ambiguous
32246,阳江,春城街道,崆峒行政村,文头冲村,阳江市,春城街道,,,0,,,admin_unmatched_or_ambiguous
32263,阳江,春城街道,崆峒行政村,新安村,阳江市,春城街道,,,0,,,admin_unmatched_or_ambiguous
32244,阳江,春城街道,崆峒行政村,新寨村,阳江市,春城街道,,,0,,,admin_unmatched_or_ambiguous
32261,阳江,春城街道,崆峒行政村,新居村,阳江市,春城街道,,,0,,,admin_unmatched_or_ambiguous
32248,阳江,春城街道,崆峒行政村,新屋村,阳江市,春城街道,,,0,,,admin_unmatched_or_ambiguous
32245,阳江,春城街道,崆峒行政村,新岗村,阳江市,春城街道,,,0,,,admin_unmatched_or_ambiguous
32235,阳江,春城街道,崆峒行政村,新石角村,阳江市,春城街道,,,0,,,admin_unmatched_or_ambiguous
32232,阳江,春城街道,崆峒行政村,旧石角村,阳江市,春城街道,,,0,,,admin_unmatched_or_ambiguous
32258,阳江,春城街道,崆峒行政村,横岭村,阳江市,春城街道,,,0,,,admin_unmatched_or_ambiguous
32253,阳江,春城街道,崆峒行政村,水冲湾村,阳江市,春城街道,,,0,,,admin_unmatched_or_ambiguous
32256,阳江,春城街道,崆峒行政村,汶井村,阳江市,春城街道,,,0,,,admin_unmatched_or_ambiguous
32249,阳江,春城街道,崆峒行政村,油甘河村,阳江市,春城街道,,,0,,,admin_unmatched_or_ambiguous
32250,阳江,春城街道,崆峒行政村,瑶民村,阳江市,春城街道,,,0,,,admin_unmatched_or_ambiguous
32234,阳江,春城街道,崆峒行政村,石头窝村,阳江市,春城街道,,,0,,,admin_unmatched_or_ambiguous
32247,阳江,春城街道,崆峒行政村,石柱塘村,阳江市,春城街道,,,0,,,admin_unmatched_or_ambiguous
32241,阳江,春城街道,崆峒行政村,茶井坡村,阳江市,春城街道,,,0,,,admin_unmatched_or_ambiguous
32251,阳江,春城街道,崆峒行政村,长岗村,阳江市,春城街道,,,0,,,admin_unmatched_or_ambiguous
32233,阳江,春城街道,崆峒行政村,马安屯村,阳江市,春城街道,,,0,,,admin_unmatched_or_ambiguous
32238,阳江,春城街道,崆峒行政村,鲤鱼田村,阳江市,春城街道,,,0,,,admin_unmatched_or_ambiguous
32138,阳江,春城街道,河西街道更古坑行政村,双坟村,阳江市,春城街道,,,0,,,admin_unmatched_or_ambiguous
32147,阳江,春城街道,河西街道更古坑行政村,圭岗头村,阳江市,春城街道,,,0,,,admin_unmatched_or_ambiguous
32148,阳江,春城街道,河西街道更古坑行政村,坪地村,阳江市,春城街道,,,0,,,admin_unmatched_or_ambiguous
32146,阳江,春城街道,河西街道更古坑行政村,塘坡村,阳江市,春城街道,,,0,,,admin_unmatched_or_ambiguous
32150,阳江,春城街道,河西街道更古坑行政村,塘角村,阳江市,春城街道,,,0,,,admin_unmatched_or_ambiguous
32142,阳江,春城街道,河西街道更古坑行政村,大坡村,阳江市,春城街道,,,0,,,admin_unmatched_or_ambiguous
32137,阳江,春城街道,河西街道更古坑行政村,大田寨村,阳江市,春城街道,,,0,,,admin_unmatched_or_ambiguous
32152,阳江,春城街道,河西街道更古坑行政村,岭脚村,阳江市,春城街道,,,0,,,admin_unmatched_or_ambiguous
32140,阳江,春城街道,河西街道更古坑行政村,新乡村,阳江市,春城街道,,,0,,,admin_unmatched_or_ambiguous
32139,阳江,春城街道,河西街道更古坑行政村,新安村,阳江市,春城街道,,,0,,,admin_unmatched_or_ambiguous
32132,阳江,春城街道,河西街道更古坑行政村,新屋村,阳江市,春城街道,,,0,,,admin_unmatched_or_ambiguous
32145,阳江,春城街道,河西街道更古坑行政村,新岗村,阳江市,春城街道,,,0,,,admin_unmatched_or_ambiguous
32143,阳江,春城街道,河西街道更古坑行政村,新建村,阳江市,春城街道,,,0,,,admin_unmatched_or_ambiguous
32134,阳江,春城街道,河西街道更古坑行政村,旧寨村,阳江市,春城街道,,,0,,,admin_unmatched_or_ambiguous
32153,阳江,春城街道,河西街道更古坑行政村,格塘村,阳江市,春城街道,,,0,,,admin_unmatched_or_ambiguous
32141,阳江,春城街道,河西街道更古坑行政村,桐心田村,阳江市,春城街道,,,0,,,admin_unmatched_or_ambiguous
32149,阳江,春城街道,河西街道更古坑行政村,楼仔寨村,阳江市,春城街道,,,0,,,admin_unmatched_or_ambiguous
32151,阳江,春城街道,河西街道更古坑行政村,水坑村,阳江市,春城街道,,,0,,,admin_unmatched_or_ambiguous
32136,阳江,春城街道,河西街道更古坑行政村,烟岗村,阳江市,春城街道,,,0,,,admin_unmatched_or_ambiguous
32144,阳江,春城街道,河西街道更古坑行政村,石板岗村,阳江市,春城街道,,,0,,,admin_unmatched_or_ambiguous
32135,阳江,春城街道,河西街道更古坑行政村,马岭脚村,阳江市,春城街道,,,0,,,admin_unmatched_or_ambiguous
32133,阳江,春城街道,河西街道更古坑行政村,鸭窝村,阳江市,春城街道,,,0,,,admin_unmatched_or_ambiguous
32224,阳江,春城街道,牛肚行政村,三联村,阳江市,春城街道,,,0,,,admin_unmatched_or_ambiguous
32223,阳江,春城街道,牛肚行政村,刘公村,阳江市,春城街道,,,0,,,admin_unmatched_or_ambiguous
32228,阳江,春城街道,牛肚行政村,周屋寨村,阳江市,春城街道,,,0,,,admin_unmatched_or_ambiguous
32229,阳江,春城街道,牛肚行政村,土地坡村,阳江市,春城街道,,,0,,,admin_unmatched_or_ambiguous
32227,阳江,春城街道,牛肚行政村,新屋村,阳江市,春城街道,,,0,,,admin_unmatched_or_ambiguous
32226,阳江,春城街道,牛肚行政村,朗尾村,阳江市,春城街道,,,0,,,admin_unmatched_or_ambiguous
32225,阳江,春城街道,牛肚行政村,水蛇湖村,阳江市,春城街道,,,0,,,admin_unmatched_or_ambiguous
32221,阳江,春城街道,牛肚行政村,沙仔头村,阳江市,春城街道,,,0,,,admin_unmatched_or_ambiguous
32230,阳江,春城街道,牛肚行政村,湾仔元村,阳江市,春城街道,,,0,,,admin_unmatched_or_ambiguous
32222,阳江,春城街道,牛肚行政村,牛肚村,阳江市,春城街道,,,0,,,admin_unmatched_or_ambiguous
32231,阳江,春城街道,牛肚行政村,翁屋村,阳江市,春城街道,,,0,,,admin_unmatched_or_ambiguous
32220,阳江,春城街道,牛肚行政村,高基村,阳江市,春城街道,,,0,,,admin_unmatched_or_ambiguous
32329,阳江,春城街道,石上行政村,冲口村,阳江市,春城街道,,,0,,,admin_unmatched_or_ambiguous
32336,阳江,春城街道,石上行政村,双墩村,阳江市,春城街道,,,0,,,admin_unmatched_or_ambiguous
32334,阳江,春城街道,石上行政村,坡仔村,阳江市,春城街道,,,0,,,admin_unmatched_or_ambiguous
32324,阳江,春城街道,石上行政村,塘仔尾村,阳江市,春城街道,,,0,,,admin_unmatched_or_ambiguous
32330,阳江,春城街道,石上行政村,大坦坡村,阳江市,春城街道,,,0,,,admin_unmatched_or_ambiguous
32328,阳江,春城街道,石上行政村,寨仔村,阳江市,春城街道,,,0,,,admin_unmatched_or_ambiguous
32327,阳江,春城街道,石上行政村,张屋村,阳江市,春城街道,,,0,,,admin_unmatched_or_ambiguous
32333,阳江,春城街道,石上行政村,朝阳村,阳江市,春城街道,,,0,,,admin_unmatched_or_ambiguous
32331,阳江,春城街道,石上行政村,滘墩村,阳江市,春城街道,,,0,,,admin_unmatched_or_ambiguous
32326,阳江,春城街道,石上行政村,狗坡氹村,阳江市,春城街道,,,0,,,admin_unmatched_or_ambiguous
32335,阳江,春城街道,石上行政村,独石村,阳江市,春城街道,,,0,,,admin_unmatched_or_ambiguous
32323,阳江,春城街道,石上行政村,车头村,阳江市,春城街道,,,0,,,admin_unmatched_or_ambiguous
32325,阳江,春城街道,石上行政村,里清村,阳江市,春城街道,,,0,,,admin_unmatched_or_ambiguous
32332,阳江,春城街道,石上行政村,鱼仔氹村,阳江市,春城街道,,,0,,,admin_unmatched_or_ambiguous
32277,阳江,春城街道,龙岩行政村,吕屋村,阳江市,春城街道,,,0,,,admin_unmatched_or_ambiguous
32271,阳江,春城街道,龙岩行政村,学湖村,阳江市,春城街道,,,0,,,admin_unmatched_or_ambiguous
32279,阳江,春城街道,龙岩行政村,柯屋村,阳江市,春城街道,,,0,,,admin_unmatched_or_ambiguous
32274,阳江,春城街道,龙岩行政村,梁屋村,阳江市,春城街道,,,0,,,admin_unmatched_or_ambiguous
32269,阳江,春城街道,龙岩行政村,欧屋村,阳江市,春城街道,,,0,,,admin_unmatched_or_ambiguous
32267,阳江,春城街道,龙岩行政村,水口街村,阳江市,春城街道,,,0,,,admin_unmatched_or_ambiguous
32268,阳江,春城街道,龙岩行政村,水口铺村,阳江市,春城街道,,,0,,,admin_unmatched_or_ambiguous
32280,阳江,春城街道,龙岩行政村,沙尾村,阳江市,春城街道,,,0,,,admin_unmatched_or_ambiguous
32272,阳江,春城街道,龙岩行政村,河岩铺村,阳江市,春城街道,,,0,,,admin_unmatched_or_ambiguous
32266,阳江,春城街道,龙岩行政村,渡仔头村,阳江市,春城街道,,,0,,,admin_unmatched_or_ambiguous
32273,阳江,春城街道,龙岩行政村,苍均塘村,阳江市,春城街道,,,0,,,admin_unmatched_or_ambiguous
32265,阳江,春城街道,龙岩行政村,荣仔村,阳江市,春城街道,,,0,,,admin_unmatched_or_ambiguous
32278,阳江,春城街道,龙岩行政村,陈下村,阳江市,春城街道,,,0,,,admin_unmatched_or_ambiguous
32276,阳江,春城街道,龙岩行政村,陈元村,阳江市,春城街道,,,0,,,admin_unmatched_or_ambiguous
32275,阳江,春城街道,龙岩行政村,陈屋村,阳江市,春城街道,,,0,,,admin_unmatched_or_ambiguous
32270,阳江,春城街道,龙岩行政村,黄屋村,阳江市,春城街道,,,0,,,admin_unmatched_or_ambiguous
32574,阳江,河口镇,梅桐行政村,上寨村,阳江市,河口镇,,,0,,,admin_unmatched_or_ambiguous
32575,阳江,河口镇,梅桐行政村,中山村,阳江市,河口镇,,,0,,,admin_unmatched_or_ambiguous
32565,阳江,河口镇,梅桐行政村,付朗村,阳江市,河口镇,,,0,,,admin_unmatched_or_ambiguous
32566,阳江,河口镇,梅桐行政村,冲口村,阳江市,河口镇,,,0,,,admin_unmatched_or_ambiguous
32567,阳江,河口镇,梅桐行政村,坡茅村,阳江市,河口镇,,,0,,,admin_unmatched_or_ambiguous
32569,阳江,河口镇,梅桐行政村,大明塘村,阳江市,河口镇,,,0,,,admin_unmatched_or_ambiguous
32568,阳江,河口镇,梅桐行政村,新屋村,阳江市,河口镇,,,0,,,admin_unmatched_or_ambiguous
32573,阳江,河口镇,梅桐行政村,新村,阳江市,河口镇,,,0,,,admin_unmatched_or_ambiguous
32570,阳江,河口镇,梅桐行政村,沙一村,阳江市,河口镇,,,0,,,admin_unmatched_or_ambiguous
32571,阳江,河口镇,梅桐行政村,沙二村,阳江市,河口镇,,,0,,,admin_unmatched_or_ambiguous
32572,阳江,河口镇,梅桐行政村,羊古坑村,阳江市,河口镇,,,0,,,admin_unmatched_or_ambiguous
32517,阳江,河口镇,黄强行政村,上马坟村,阳江市,河口镇,,,0,,,admin_unmatched_or_ambiguous
32515,阳江,河口镇,黄强行政村,允庄村,阳江市,河口镇,,,0,,,admin_unmatched_or_ambiguous
32516,阳江,河口镇,黄强行政村,田心村,阳江市,河口镇,,,0,,,admin_unmatched_or_ambiguous
32514,阳江,河口镇,黄强行政村,白坟桐村,阳江市,河口镇,,,0,,,admin_unmatched_or_ambiguous
33421,阳江,河镇,中和行政村,大村岗村,阳江市,河口镇,,,0,,,admin_unmatched_or_ambiguous
33416,阳江,河镇,中和行政村,山口岗村,阳江市,河口镇,,,0,,,admin_unmatched_or_ambiguous
33424,阳江,河镇,中和行政村,栗子岗村,阳江市,河口镇,,,0,,,admin_unmatched_or_ambiguous
33422,阳江,河镇,中和行政村,汝塘村,阳江市,河口镇,,,0,,,admin_unmatched_or_ambiguous
33420,阳江,河镇,中和行政村,石根新村,阳江市,河口镇,,,0,,,admin_unmatched_or_ambiguous
33418,阳江,河镇,中和行政村,罗银寨村,阳江市,河口镇,,,0,,,admin_unmatched_or_ambiguous
33417,阳江,河镇,中和行政村,西岸村,阳江市,河口镇,,,0,,,admin_unmatched_or_ambiguous
33423,阳江,河镇,中和行政村,连塘尾村,阳江市,河口镇,,,0,,,admin_unmatched_or_ambiguous
33419,阳江,河镇,中和行政村,长岗山村,阳江市,河口镇,,,0,,,admin_unmatched_or_ambiguous
33405,阳江,河镇,中联行政村,九仔坑村,阳江市,河口镇,,,0,,,admin_unmatched_or_ambiguous
33413,阳江,河镇,中联行政村,大头湾村,阳江市,河口镇,,,0,,,admin_unmatched_or_ambiguous
33415,阳江,河镇,中联行政村,大新塘村,阳江市,河口镇,,,0,,,admin_unmatched_or_ambiguous
33403,阳江,河镇,中联行政村,大石山村,阳江市,河口镇,,,0,,,admin_unmatched_or_ambiguous
33406,阳江,河镇,中联行政村,大西元村,阳江市,河口镇,,,0,,,admin_unmatched_or_ambiguous
33410,阳江,河镇,中联行政村,望天堂村,阳江市,河口镇,,,0,,,admin_unmatched_or_ambiguous
33407,阳江,河镇,中联行政村,木凡田村,阳江市,河口镇,,,0,,,admin_unmatched_or_ambiguous
33409,阳江,河镇,中联行政村,朱仔村,阳江市,河口镇,,,0,,,admin_unmatched_or_ambiguous
33414,阳江,河镇,中联行政村,田头屋村,阳江市,河口镇,,,0,,,admin_unmatched_or_ambiguous
33402,阳江,河镇,中联行政村,石山氹村,阳江市,河口镇,,,0,,,admin_unmatched_or_ambiguous
33408,阳江,河镇,中联行政村,连塘泊村,阳江市,河口镇,,,0,,,admin_unmatched_or_ambiguous
33412,阳江,河镇,中联行政村,青尾山村,阳江市,河口镇,,,0,,,admin_unmatched_or_ambiguous
33404,阳江,河镇,中联行政村,马安洲村,阳江市,河口镇,,,0,,,admin_unmatched_or_ambiguous
33411,阳江,河镇,中联行政村,龙头寨村,阳江市,河口镇,,,0,,,admin_unmatched_or_ambiguous
33382,阳江,河镇,凌霄行政村,坪岩村,阳江市,河口镇,,,0,,,admin_unmatched_or_ambiguous
33381,阳江,河镇,凌霄行政村,大村,阳江市,河口镇,,,0,,,admin_unmatched_or_ambiguous
33383,阳江,河镇,凌霄行政村,大榄村,阳江市,河口镇,,,0,,,admin_unmatched_or_ambiguous
33387,阳江,河镇,凌霄行政村,岗尾村,阳江市,河口镇,,,0,,,admin_unmatched_or_ambiguous
33385,阳江,河镇,凌霄行政村,木碌迳村,阳江市,河口镇,,,0,,,admin_unmatched_or_ambiguous
33389,阳江,河镇,凌霄行政村,石巷村,阳江市,河口镇,,,0,,,admin_unmatched_or_ambiguous
33386,阳江,河镇,凌霄行政村,石脚村,阳江市,河口镇,,,0,,,admin_unmatched_or_ambiguous
33391,阳江,河镇,凌霄行政村,老屋墩村,阳江市,河口镇,,,0,,,admin_unmatched_or_ambiguous
33388,阳江,河镇,凌霄行政村,落水岗村,阳江市,河口镇,,,0,,,admin_unmatched_or_ambiguous
33384,阳江,河镇,凌霄行政村,门楼塘村,阳江市,河口镇,,,0,,,admin_unmatched_or_ambiguous
33390,阳江,河镇,凌霄行政村,鱼梁坑村,阳江市,河口镇,,,0,,,admin_unmatched_or_ambiguous
33342,阳江,河镇,司马行政村,中坑村,阳江市,河口镇,,,0,,,admin_unmatched_or_ambiguous
33343,阳江,河镇,司马行政村,山口村,阳江市,河口镇,,,0,,,admin_unmatched_or_ambiguous
33346,阳江,河镇,司马行政村,根竹村,阳江市,河口镇,,,0,,,admin_unmatched_or_ambiguous
33345,阳江,河镇,司马行政村,石峡村,阳江市,河口镇,,,0,,,admin_unmatched_or_ambiguous
33341,阳江,河镇,司马行政村,茅窝村,阳江市,河口镇,,,0,,,admin_unmatched_or_ambiguous
33344,阳江,河镇,司马行政村,莲花村,阳江市,河口镇,,,0,,,admin_unmatched_or_ambiguous
33376,阳江,河镇,大塘行政村,大塘村,阳江市,河口镇,,,0,,,admin_unmatched_or_ambiguous
33377,阳江,河镇,大塘行政村,山田村,阳江市,河口镇,,,0,,,admin_unmatched_or_ambiguous
33379,阳江,河镇,大塘行政村,教马村,阳江市,河口镇,,,0,,,admin_unmatched_or_ambiguous
33380,阳江,河镇,大塘行政村,新屋村,阳江市,河口镇,,,0,,,admin_unmatched_or_ambiguous
33375,阳江,河镇,大塘行政村,木威村,阳江市,河口镇,,,0,,,admin_unmatched_or_ambiguous
33378,阳江,河镇,大塘行政村,芋峡坪村,阳江市,河口镇,,,0,,,admin_unmatched_or_ambiguous
33395,阳江,河镇,大竹行政村,到流村,阳江市,河口镇,,,0,,,admin_unmatched_or_ambiguous
33399,阳江,河镇,大竹行政村,塘坑村,阳江市,河口镇,,,0,,,admin_unmatched_or_ambiguous
33393,阳江,河镇,大竹行政村,大头岗村,阳江市,河口镇,,,0,,,admin_unmatched_or_ambiguous
33397,阳江,河镇,大竹行政村,大竹村,阳江市,河口镇,,,0,,,admin_unmatched_or_ambiguous
33400,阳江,河镇,大竹行政村,森木坑村,阳江市,河口镇,,,0,,,admin_unmatched_or_ambiguous
33401,阳江,河镇,大竹行政村,水汶村,阳江市,河口镇,,,0,,,admin_unmatched_or_ambiguous
33396,阳江,河镇,大竹行政村,竹坪村,阳江市,河口镇,,,0,,,admin_unmatched_or_ambiguous
33398,阳江,河镇,大竹行政村,蛤塘村,阳江市,河口镇,,,0,,,admin_unmatched_or_ambiguous
33392,阳江,河镇,大竹行政村,高村,阳江市,河口镇,,,0,,,admin_unmatched_or_ambiguous
33394,阳江,河镇,大竹行政村,麦田村,阳江市,河口镇,,,0,,,admin_unmatched_or_ambiguous
33373,阳江,河镇,新竹行政村,新塘村,阳江市,河口镇,,,0,,,admin_unmatched_or_ambiguous
33370,阳江,河镇,新竹行政村,新建村,阳江市,河口镇,,,0,,,admin_unmatched_or_ambiguous
33374,阳江,河镇,新竹行政村,新竹村,阳江市,河口镇,,,0,,,admin_unmatched_or_ambiguous
33369,阳江,河镇,新竹行政村,水叫村,阳江市,河口镇,,,0,,,admin_unmatched_or_ambiguous
33371,阳江,河镇,新竹行政村,清水塘村,阳江市,河口镇,,,0,,,admin_unmatched_or_ambiguous
33372,阳江,河镇,新竹行政村,竹冲村,阳江市,河口镇,,,0,,,admin_unmatched_or_ambiguous
33327,阳江,河镇,新阳行政村,六头岗村,阳江市,河口镇,,,0,,,admin_unmatched_or_ambiguous
33335,阳江,河镇,新阳行政村,办寨村,阳江市,河口镇,,,0,,,admin_unmatched_or_ambiguous
33332,阳江,河镇,新阳行政村,塘墩村,阳江市,河口镇,,,0,,,admin_unmatched_or_ambiguous
33328,阳江,河镇,新阳行政村,大路坑村,阳江市,河口镇,,,0,,,admin_unmatched_or_ambiguous
33326,阳江,河镇,新阳行政村,旱塘仔村,阳江市,河口镇,,,0,,,admin_unmatched_or_ambiguous
33333,阳江,河镇,新阳行政村,桐心村,阳江市,河口镇,,,0,,,admin_unmatched_or_ambiguous
33330,阳江,河镇,新阳行政村,横岗村,阳江市,河口镇,,,0,,,admin_unmatched_or_ambiguous
33325,阳江,河镇,新阳行政村,白屋村,阳江市,河口镇,,,0,,,admin_unmatched_or_ambiguous
33329,阳江,河镇,新阳行政村,白水垌村,阳江市,河口镇,,,0,,,admin_unmatched_or_ambiguous
33334,阳江,河镇,新阳行政村,石咀村,阳江市,河口镇,,,0,,,admin_unmatched_or_ambiguous
33331,阳江,河镇,新阳行政村,石根村,阳江市,河口镇,,,0,,,admin_unmatched_or_ambiguous
33324,阳江,河镇,新阳行政村,龙窝村,阳江市,河口镇,,,0,,,admin_unmatched_or_ambiguous
33438,阳江,河镇,河行政村,围河村,阳江市,河口镇,,,0,,,admin_unmatched_or_ambiguous
33432,阳江,河镇,河行政村,圩边村,阳江市,河口镇,,,0,,,admin_unmatched_or_ambiguous
33425,阳江,河镇,河行政村,圳底村,阳江市,河口镇,,,0,,,admin_unmatched_or_ambiguous
33440,阳江,河镇,河行政村,坑仔村,阳江市,河口镇,,,0,,,admin_unmatched_or_ambiguous
33429,阳江,河镇,河行政村,塘文村,阳江市,河口镇,,,0,,,admin_unmatched_or_ambiguous
33436,阳江,河镇,河行政村,大喊村,阳江市,河口镇,,,0,,,admin_unmatched_or_ambiguous
33433,阳江,河镇,河行政村,大塘面村,阳江市,河口镇,,,0,,,admin_unmatched_or_ambiguous
33439,阳江,河镇,河行政村,山头岭村,阳江市,河口镇,,,0,,,admin_unmatched_or_ambiguous
33435,阳江,河镇,河行政村,岗咀村,阳江市,河口镇,,,0,,,admin_unmatched_or_ambiguous
33437,阳江,河镇,河行政村,崩岗村,阳江市,河口镇,,,0,,,admin_unmatched_or_ambiguous
33427,阳江,河镇,河行政村,平山村,阳江市,河口镇,,,0,,,admin_unmatched_or_ambiguous
33430,阳江,河镇,河行政村,石核村,阳江市,河口镇,,,0,,,admin_unmatched_or_ambiguous
33431,阳江,河镇,河行政村,社背村,阳江市,河口镇,,,0,,,admin_unmatched_or_ambiguous
33434,阳江,河镇,河行政村,竹角村,阳江市,河口镇,,,0,,,admin_unmatched_or_ambiguous
33428,阳江,河镇,河行政村,荔枝塘村,阳江市,河口镇,,,0,,,admin_unmatched_or_ambiguous
33426,阳江,河镇,河行政村,马迳村,阳江市,河口镇,,,0,,,admin_unmatched_or_ambiguous
33339,阳江,河镇,石忽行政村,官屋地村,阳江市,河口镇,,,0,,,admin_unmatched_or_ambiguous
33340,阳江,河镇,石忽行政村,岗坳村,阳江市,河口镇,,,0,,,admin_unmatched_or_ambiguous
33336,阳江,河镇,石忽行政村,新寨村,阳江市,河口镇,,,0,,,admin_unmatched_or_ambiguous
33338,阳江,河镇,石忽行政村,虎头岗村,阳江市,河口镇,,,0,,,admin_unmatched_or_ambiguous
33337,阳江,河镇,石忽行政村,西村,阳江市,河口镇,,,0,,,admin_unmatched_or_ambiguous
33368,阳江,河镇,社塘行政村,社塘村,阳江市,河口镇,,,0,,,admin_unmatched_or_ambiguous
33359,阳江,河镇,罗阳行政村,办寨村,阳江市,河口镇,,,0,,,admin_unmatched_or_ambiguous
33360,阳江,河镇,罗阳行政村,大利山村,阳江市,河口镇,,,0,,,admin_unmatched_or_ambiguous
33355,阳江,河镇,罗阳行政村,大屋村,阳江市,河口镇,,,0,,,admin_unmatched_or_ambiguous
33354,阳江,河镇,罗阳行政村,山角村,阳江市,河口镇,,,0,,,admin_unmatched_or_ambiguous
33358,阳江,河镇,罗阳行政村,岗边村,阳江市,河口镇,,,0,,,admin_unmatched_or_ambiguous
33348,阳江,河镇,罗阳行政村,岩脚村,阳江市,河口镇,,,0,,,admin_unmatched_or_ambiguous
33356,阳江,河镇,罗阳行政村,新屋村,阳江市,河口镇,,,0,,,admin_unmatched_or_ambiguous
33349,阳江,河镇,罗阳行政村,柚柑村,阳江市,河口镇,,,0,,,admin_unmatched_or_ambiguous
33353,阳江,河镇,罗阳行政村,横岗村,阳江市,河口镇,,,0,,,admin_unmatched_or_ambiguous
33357,阳江,河镇,罗阳行政村,石根村,阳江市,河口镇,,,0,,,admin_unmatched_or_ambiguous
33352,阳江,河镇,罗阳行政村,矿桥村,阳江市,河口镇,,,0,,,admin_unmatched_or_ambiguous
33350,阳江,河镇,罗阳行政村,立寨村,阳江市,河口镇,,,0,,,admin_unmatched_or_ambiguous
33347,阳江,河镇,罗阳行政村,罗阳村,阳江市,河口镇,,,0,,,admin_unmatched_or_ambiguous
33351,阳江,河镇,罗阳行政村,迳口村,阳江市,河口镇,,,0,,,admin_unmatched_or_ambiguous
33367,阳江,河镇,阳三行政村,大岩村,阳江市,河口镇,,,0,,,admin_unmatched_or_ambiguous
33364,阳江,河镇,阳三行政村,新寨村,阳江市,河口镇,,,0,,,admin_unmatched_or_ambiguous
33361,阳江,河镇,阳三行政村,犁坡村,阳江市,河口镇,,,0,,,admin_unmatched_or_ambiguous
33363,阳江,河镇,阳三行政村,石古村,阳江市,河口镇,,,0,,,admin_unmatched_or_ambiguous
33365,阳江,河镇,阳三行政村,石咀村,阳江市,河口镇,,,0,,,admin_unmatched_or_ambiguous
33366,阳江,河镇,阳三行政村,石峨村,阳江市,河口镇,,,0,,,admin_unmatched_or_ambiguous
33362,阳江,河镇,阳三行政村,石门村,阳江市,河口镇,,,0,,,admin_unmatched_or_ambiguous
31666,阳江,潭水镇,新凤行政村,下车头村,阳江市,潭水镇,,,0,,,admin_unmatched_or_ambiguous
31670,阳江,潭水镇,新凤行政村,丰登岗村,阳江市,潭水镇,,,0,,,admin_unmatched_or_ambiguous
31668,阳江,潭水镇,新凤行政村,围塘村,阳江市,潭水镇,,,0,,,admin_unmatched_or_ambiguous
31672,阳江,潭水镇,新凤行政村,新安村,阳江市,潭水镇,,,0,,,admin_unmatched_or_ambiguous
31667,阳江,潭水镇,新凤行政村,沙梨园村,阳江市,潭水镇,,,0,,,admin_unmatched_or_ambiguous
31669,阳江,潭水镇,新凤行政村,马村,阳江市,潭水镇,,,0,,,admin_unmatched_or_ambiguous
31671,阳江,潭水镇,新凤行政村,高大寨村,阳江市,潭水镇,,,0,,,admin_unmatched_or_ambiguous
30529,阳江,白沙街道,岗华行政村,上直村,阳江市,白沙街道,,,0,,,admin_unmatched_or_ambiguous
30531,阳江,白沙街道,岗华行政村,下北村,阳江市,白沙街道,,,0,,,admin_unmatched_or_ambiguous
30530,阳江,白沙街道,岗华行政村,下南村,阳江市,白沙街道,,,0,,,admin_unmatched_or_ambiguous
30528,阳江,白沙街道,岗华行政村,丹梨村,阳江市,白沙街道,,,0,,,admin_unmatched_or_ambiguous
30533,阳江,白沙街道,岗华行政村,向阳村,阳江市,白沙街道,,,0,,,admin_unmatched_or_ambiguous
30532,阳江,白沙街道,岗华行政村,西岗村,阳江市,白沙街道,,,0,,,admin_unmatched_or_ambiguous
31481,阳江,石望镇,中桐行政村,上岗坪村,阳江市,石望镇,,,0,,,admin_unmatched_or_ambiguous
31482,阳江,石望镇,中桐行政村,下岗坪村,阳江市,石望镇,,,0,,,admin_unmatched_or_ambiguous
31477,阳江,石望镇,中桐行政村,中桐村,阳江市,石望镇,,,0,,,admin_unmatched_or_ambiguous
31476,阳江,石望镇,中桐行政村,北瓜村,阳江市,石望镇,,,0,,,admin_unmatched_or_ambiguous
31475,阳江,石望镇,中桐行政村,垌心村,阳江市,石望镇,,,0,,,admin_unmatched_or_ambiguous
31478,阳江,石望镇,中桐行政村,尾冲村,阳江市,石望镇,,,0,,,admin_unmatched_or_ambiguous
31480,阳江,石望镇,中桐行政村,新村,阳江市,石望镇,,,0,,,admin_unmatched_or_ambiguous
31484,阳江,石望镇,中桐行政村,木头塘村,阳江市,石望镇,,,0,,,admin_unmatched_or_ambiguous
31474,阳江,石望镇,中桐行政村,田寮村,阳江市,石望镇,,,0,,,admin_unmatched_or_ambiguous
31479,阳江,石望镇,中桐行政村,英石村,阳江市,石望镇,,,0,,,admin_unmatched_or_ambiguous
31483,阳江,石望镇,中桐行政村,茶岗村,阳江市,石望镇,,,0,,,admin_unmatched_or_ambiguous
31473,阳江,石望镇,中桐行政村,迳口村,阳江市,石望镇,,,0,,,admin_unmatched_or_ambiguous
31485,阳江,石望镇,中桐行政村,马安围村,阳江市,石望镇,,,0,,,admin_unmatched_or_ambiguous
33034,阳江,粤陂面镇,惠周行政村,上卫村,阳江市,陂面镇,,,0,,,admin_unmatched_or_ambiguous
33020,阳江,粤陂面镇,惠周行政村,上苏村,阳江市,陂面镇,,,0,,,admin_unmatched_or_ambiguous
33023,阳江,粤陂面镇,惠周行政村,上莲塘村,阳江市,陂面镇,,,0,,,admin_unmatched_or_ambiguous
33036,阳江,粤陂面镇,惠周行政村,下卫村,阳江市,陂面镇,,,0,,,admin_unmatched_or_ambiguous
33024,阳江,粤陂面镇,惠周行政村,下莲塘村,阳江市,陂面镇,,,0,,,admin_unmatched_or_ambiguous
33035,阳江,粤陂面镇,惠周行政村,中卫村,阳江市,陂面镇,,,0,,,admin_unmatched_or_ambiguous
33021,阳江,粤陂面镇,惠周行政村,中苏村,阳江市,陂面镇,,,0,,,admin_unmatched_or_ambiguous
33033,阳江,粤陂面镇,惠周行政村,双龙村,阳江市,陂面镇,,,0,,,admin_unmatched_or_ambiguous
33032,阳江,粤陂面镇,惠周行政村,坑尾村,阳江市,陂面镇,,,0,,,admin_unmatched_or_ambiguous
33038,阳江,粤陂面镇,惠周行政村,大塘村,阳江市,陂面镇,,,0,,,admin_unmatched_or_ambiguous
33037,阳江,粤陂面镇,惠周行政村,新寨村,阳江市,陂面镇,,,0,,,admin_unmatched_or_ambiguous
33026,阳江,粤陂面镇,惠周行政村,新庆村,阳江市,陂面镇,,,0,,,admin_unmatched_or_ambiguous
33022,阳江,粤陂面镇,惠周行政村,朝南村,阳江市,陂面镇,,,0,,,admin_unmatched_or_ambiguous
33030,阳江,粤陂面镇,惠周行政村,松木岗村,阳江市,陂面镇,,,0,,,admin_unmatched_or_ambiguous
33031,阳江,粤陂面镇,惠周行政村,良坑村,阳江市,陂面镇,,,0,,,admin_unmatched_or_ambiguous
33025,阳江,粤陂面镇,惠周行政村,苏村,阳江市,陂面镇,,,0,,,admin_unmatched_or_ambiguous
33029,阳江,粤陂面镇,惠周行政村,蕉窝村,阳江市,陂面镇,,,0,,,admin_unmatched_or_ambiguous
33028,阳江,粤陂面镇,惠周行政村,谷塘村,阳江市,陂面镇,,,0,,,admin_unmatched_or_ambiguous
33027,阳江,粤陂面镇,惠周行政村,长岗村,阳江市,陂面镇,,,0,,,admin_unmatched_or_ambiguous
33019,阳江,粤陂面镇,惠周行政村,高基村,阳江市,陂面镇,,,0,,,admin_unmatched_or_ambiguous
30829,阳江,闸坡镇,前元行政村,北洛村,阳江市,闸坡镇,,,0,,,admin_unmatched_or_ambiguous
30831,阳江,闸坡镇,前元行政村,南山村,阳江市,闸坡镇,,,0,,,admin_unmatched_or_ambiguous
30837,阳江,闸坡镇,前元行政村,头元村,阳江市,闸坡镇,,,0,,,admin_unmatched_or_ambiguous
30832,阳江,闸坡镇,前元行政村,山芒下村,阳江市,闸坡镇,,,0,,,admin_unmatched_or_ambiguous
30836,阳江,闸坡镇,前元行政村,山门村,阳江市,闸坡镇,,,0,,,admin_unmatched_or_ambiguous
30833,阳江,闸坡镇,前元行政村,新村,阳江市,闸坡镇,,,0,,,admin_unmatched_or_ambiguous
30830,阳江,闸坡镇,前元行政村,方塘村,阳江市,闸坡镇,,,0,,,admin_unmatched_or_ambiguous
30838,阳江,闸坡镇,前元行政村,该村除春节、中秋等重大的节庆外，最盛大的宗族活动是清明节扫墓，仪式和流程与周边村,阳江市,闸坡镇,,,0,,,admin_unmatched_or_ambiguous
30834,阳江,闸坡镇,前元行政村,读村,阳江市,闸坡镇,,,0,,,admin_unmatched_or_ambiguous
30839,阳江,闸坡镇,前元行政村,那大村,阳江市,闸坡镇,,,0,,,admin_unmatched_or_ambiguous
30835,阳江,闸坡镇,前元行政村,那站村,阳江市,闸坡镇,,,0,,,admin_unmatched_or_ambiguous
31566,阳江,马水镇,石菉行政村,圩中村,阳江市,马水镇,,,0,,,admin_unmatched_or_ambiguous
31564,阳江,马水镇,石菉行政村,圩头村,阳江市,马水镇,,,0,,,admin_unmatched_or_ambiguous
31565,阳江,马水镇,石菉行政村,圩尾村,阳江市,马水镇,,,0,,,admin_unmatched_or_ambiguous
31563,阳江,马水镇,石菉行政村,圩边村,阳江市,马水镇,,,0,,,admin_unmatched_or_ambiguous
31557,阳江,马水镇,石菉行政村,大秧地村,阳江市,马水镇,,,0,,,admin_unmatched_or_ambiguous
31567,阳江,马水镇,石菉行政村,新寨村,阳江市,马水镇,,,0,,,admin_unmatched_or_ambiguous
31561,阳江,马水镇,石菉行政村,木圭山村,阳江市,马水镇,,,0,,,admin_unmatched_or_ambiguous
31559,阳江,马水镇,石菉行政村,河朗寨村,阳江市,马水镇,,,0,,,admin_unmatched_or_ambiguous
31562,阳江,马水镇,石菉行政村,牛蕴村,阳江市,马水镇,,,0,,,admin_unmatched_or_ambiguous
31558,阳江,马水镇,石菉行政村,独木角村,阳江市,马水镇,,,0,,,admin_unmatched_or_ambiguous
31560,阳江,马水镇,石菉行政村,雷冲村,阳江市,马水镇,,,0,,,admin_unmatched_or_ambiguous
72553,韶关,东升社区,贞江行政村,大坝村,韶关市,太平镇,,,0,,,admin_unmatched_or_ambiguous
72554,韶关,东升社区,贞江行政村,大塘村,韶关市,太平镇,,,0,,,admin_unmatched_or_ambiguous
72558,韶关,东升社区,贞江行政村,天子地村,韶关市,太平镇,,,0,,,admin_unmatched_or_ambiguous
72557,韶关,东升社区,贞江行政村,石下坝村,韶关市,太平镇,,,0,,,admin_unmatched_or_ambiguous
72556,韶关,东升社区,贞江行政村,神江村,韶关市,太平镇,,,0,,,admin_unmatched_or_ambiguous
72555,韶关,东升社区,贞江行政村,老黄塘村,韶关市,太平镇,,,0,,,admin_unmatched_or_ambiguous
72559,韶关,东升社区,贞江行政村,走马连村,韶关市,太平镇,,,0,,,admin_unmatched_or_ambiguous
73034,韶关,丰城街道,大峒行政村,恒生堂村,韶关市,丰城街道,,,0,,,admin_unmatched_or_ambiguous
73033,韶关,丰城街道,大峒行政村,楼径村,韶关市,丰城街道,,,0,,,admin_unmatched_or_ambiguous
73032,韶关,丰城街道,新塘行政村,新塘村,韶关市,丰城街道,,,0,,,admin_unmatched_or_ambiguous
67218,韶关,丹霞街道,中心行政村,东门村,韶关市,丹霞街道,,,0,,,admin_unmatched_or_ambiguous
67219,韶关,丹霞街道,中心行政村,北门村,韶关市,丹霞街道,,,0,,,admin_unmatched_or_ambiguous
67222,韶关,丹霞街道,中心行政村,石地背村,韶关市,丹霞街道,,,0,,,admin_unmatched_or_ambiguous
67221,韶关,丹霞街道,中心行政村,西门村,韶关市,丹霞街道,,,0,,,admin_unmatched_or_ambiguous
67220,韶关,丹霞街道,中心行政村,龙井村,韶关市,丹霞街道,,,0,,,admin_unmatched_or_ambiguous
67294,韶关,丹霞街道,五一行政村,付屋村,韶关市,丹霞街道,,,0,,,admin_unmatched_or_ambiguous
67296,韶关,丹霞街道,五一行政村,信宜村,韶关市,丹霞街道,,,0,,,admin_unmatched_or_ambiguous
67295,韶关,丹霞街道,五一行政村,坑尾村,韶关市,丹霞街道,,,0,,,admin_unmatched_or_ambiguous
67293,韶关,丹霞街道,五一行政村,大坪村,韶关市,丹霞街道,,,0,,,admin_unmatched_or_ambiguous
67297,韶关,丹霞街道,五一行政村,新村,韶关市,丹霞街道,,,0,,,admin_unmatched_or_ambiguous
67299,韶关,丹霞街道,五一行政村,木莲坑村,韶关市,丹霞街道,,,0,,,admin_unmatched_or_ambiguous
67300,韶关,丹霞街道,五一行政村,火冲坑村,韶关市,丹霞街道,,,0,,,admin_unmatched_or_ambiguous
67298,韶关,丹霞街道,五一行政村,白屋村,韶关市,丹霞街道,,,0,,,admin_unmatched_or_ambiguous
67292,韶关,丹霞街道,五一行政村,盘子岭村,韶关市,丹霞街道,,,0,,,admin_unmatched_or_ambiguous
67290,韶关,丹霞街道,五一行政村,贵地村,韶关市,丹霞街道,,,0,,,admin_unmatched_or_ambiguous
67291,韶关,丹霞街道,五一行政村,银场坪村,韶关市,丹霞街道,,,0,,,admin_unmatched_or_ambiguous
67363,韶关,丹霞街道,南湖行政村,东升村,韶关市,丹霞街道,,,0,,,admin_unmatched_or_ambiguous
67367,韶关,丹霞街道,南湖行政村,五星村,韶关市,丹霞街道,,,0,,,admin_unmatched_or_ambiguous
67364,韶关,丹霞街道,南湖行政村,五联村,韶关市,丹霞街道,,,0,,,admin_unmatched_or_ambiguous
67361,韶关,丹霞街道,南湖行政村,大贵地村,韶关市,丹霞街道,,,0,,,admin_unmatched_or_ambiguous
67360,韶关,丹霞街道,南湖行政村,小贵地村,韶关市,丹霞街道,,,0,,,admin_unmatched_or_ambiguous
67359,韶关,丹霞街道,南湖行政村,星光村,韶关市,丹霞街道,,,0,,,admin_unmatched_or_ambiguous
67366,韶关,丹霞街道,南湖行政村,桔子村,韶关市,丹霞街道,,,0,,,admin_unmatched_or_ambiguous
67362,韶关,丹霞街道,南湖行政村,牛奶厂村,韶关市,丹霞街道,,,0,,,admin_unmatched_or_ambiguous
67365,韶关,丹霞街道,南湖行政村,红旗村,韶关市,丹霞街道,,,0,,,admin_unmatched_or_ambiguous
67312,韶关,丹霞街道,坪岗行政村,坪岗大村,韶关市,丹霞街道,,,0,,,admin_unmatched_or_ambiguous
67321,韶关,丹霞街道,坪岗行政村,广宁村,韶关市,丹霞街道,,,0,,,admin_unmatched_or_ambiguous
67317,韶关,丹霞街道,坪岗行政村,新园村,韶关市,丹霞街道,,,0,,,admin_unmatched_or_ambiguous
67320,韶关,丹霞街道,坪岗行政村,朱屋村,韶关市,丹霞街道,,,0,,,admin_unmatched_or_ambiguous
67314,韶关,丹霞街道,坪岗行政村,牛角湾村,韶关市,丹霞街道,,,0,,,admin_unmatched_or_ambiguous
67318,韶关,丹霞街道,坪岗行政村,狮子石村,韶关市,丹霞街道,,,0,,,admin_unmatched_or_ambiguous
67315,韶关,丹霞街道,坪岗行政村,老坪岗村,韶关市,丹霞街道,,,0,,,admin_unmatched_or_ambiguous
67319,韶关,丹霞街道,坪岗行政村,陈屋村,韶关市,丹霞街道,,,0,,,admin_unmatched_or_ambiguous
67316,韶关,丹霞街道,坪岗行政村,高坪村,韶关市,丹霞街道,,,0,,,admin_unmatched_or_ambiguous
67313,韶关,丹霞街道,坪岗行政村,黄子塘村,韶关市,丹霞街道,,,0,,,admin_unmatched_or_ambiguous
67215,韶关,丹霞街道,城南行政村,上渡落村,韶关市,丹霞街道,,,0,,,admin_unmatched_or_ambiguous
67214,韶关,丹霞街道,城南行政村,下渡落村,韶关市,丹霞街道,,,0,,,admin_unmatched_or_ambiguous
67213,韶关,丹霞街道,城南行政村,水南村,韶关市,丹霞街道,,,0,,,admin_unmatched_or_ambiguous
67216,韶关,丹霞街道,城南行政村,葛布村,韶关市,丹霞街道,,,0,,,admin_unmatched_or_ambiguous
67217,韶关,丹霞街道,城南行政村,长坝村,韶关市,丹霞街道,,,0,,,admin_unmatched_or_ambiguous
67257,韶关,丹霞街道,夏富行政村,叶屋村,韶关市,丹霞街道,,,0,,,admin_unmatched_or_ambiguous
67253,韶关,丹霞街道,夏富行政村,夏富村,韶关市,丹霞街道,,,0,,,admin_unmatched_or_ambiguous
67254,韶关,丹霞街道,夏富行政村,暖坑村,韶关市,丹霞街道,,,0,,,admin_unmatched_or_ambiguous
67255,韶关,丹霞街道,夏富行政村,牛鼻村,韶关市,丹霞街道,,,0,,,admin_unmatched_or_ambiguous
67258,韶关,丹霞街道,夏富行政村,瑶山村,韶关市,丹霞街道,,,0,,,admin_unmatched_or_ambiguous
67256,韶关,丹霞街道,夏富行政村,长沙背村,韶关市,丹霞街道,,,0,,,admin_unmatched_or_ambiguous
67282,韶关,丹霞街道,安岗行政村,安岗大村,韶关市,丹霞街道,,,0,,,admin_unmatched_or_ambiguous
67284,韶关,丹霞街道,安岗行政村,山背村,韶关市,丹霞街道,,,0,,,admin_unmatched_or_ambiguous
67283,韶关,丹霞街道,安岗行政村,杨屋村,韶关市,丹霞街道,,,0,,,admin_unmatched_or_ambiguous
67285,韶关,丹霞街道,安岗行政村,田庄村,韶关市,丹霞街道,,,0,,,admin_unmatched_or_ambiguous
67202,韶关,丹霞街道,官口行政村,何屋村,韶关市,丹霞街道,,,0,,,admin_unmatched_or_ambiguous
67201,韶关,丹霞街道,官口行政村,官田村,韶关市,丹霞街道,,,0,,,admin_unmatched_or_ambiguous
67199,韶关,丹霞街道,官口行政村,樟边村,韶关市,丹霞街道,,,0,,,admin_unmatched_or_ambiguous
67203,韶关,丹霞街道,官口行政村,田螺塘村,韶关市,丹霞街道,,,0,,,admin_unmatched_or_ambiguous
67198,韶关,丹霞街道,官口行政村,腊口村,韶关市,丹霞街道,,,0,,,admin_unmatched_or_ambiguous
67206,韶关,丹霞街道,官口行政村,腊底村,韶关市,丹霞街道,,,0,,,admin_unmatched_or_ambiguous
67205,韶关,丹霞街道,官口行政村,荷树山村,韶关市,丹霞街道,,,0,,,admin_unmatched_or_ambiguous
67204,韶关,丹霞街道,官口行政村,黄田村,韶关市,丹霞街道,,,0,,,admin_unmatched_or_ambiguous
67200,韶关,丹霞街道,官口行政村,龟颈村,韶关市,丹霞街道,,,0,,,admin_unmatched_or_ambiguous
67324,韶关,丹霞街道,岩头行政村,大园村,韶关市,丹霞街道,,,0,,,admin_unmatched_or_ambiguous
67322,韶关,丹霞街道,岩头行政村,岩头大村,韶关市,丹霞街道,,,0,,,admin_unmatched_or_ambiguous
67325,韶关,丹霞街道,岩头行政村,王屋村,韶关市,丹霞街道,,,0,,,admin_unmatched_or_ambiguous
67323,韶关,丹霞街道,岩头行政村,红梅村,韶关市,丹霞街道,,,0,,,admin_unmatched_or_ambiguous
67230,韶关,丹霞街道,岭田行政村,七星岗村,韶关市,丹霞街道,,,0,,,admin_unmatched_or_ambiguous
67233,韶关,丹霞街道,岭田行政村,上陂头村,韶关市,丹霞街道,,,0,,,admin_unmatched_or_ambiguous
67228,韶关,丹霞街道,岭田行政村,大岭村,韶关市,丹霞街道,,,0,,,admin_unmatched_or_ambiguous
67232,韶关,丹霞街道,岭田行政村,大田村,韶关市,丹霞街道,,,0,,,admin_unmatched_or_ambiguous
67229,韶关,丹霞街道,岭田行政村,小田村,韶关市,丹霞街道,,,0,,,admin_unmatched_or_ambiguous
67231,韶关,丹霞街道,岭田行政村,畔田背村,韶关市,丹霞街道,,,0,,,admin_unmatched_or_ambiguous
67234,韶关,丹霞街道,岭田行政村,红兴村,韶关市,丹霞街道,,,0,,,admin_unmatched_or_ambiguous
67209,韶关,丹霞街道,康溪行政村,东田村,韶关市,丹霞街道,,,0,,,admin_unmatched_or_ambiguous
67207,韶关,丹霞街道,康溪行政村,康溪大村,韶关市,丹霞街道,,,0,,,admin_unmatched_or_ambiguous
67212,韶关,丹霞街道,康溪行政村,狮头林村,韶关市,丹霞街道,,,0,,,admin_unmatched_or_ambiguous
67208,韶关,丹霞街道,康溪行政村,瑶前村,韶关市,丹霞街道,,,0,,,admin_unmatched_or_ambiguous
67210,韶关,丹霞街道,康溪行政村,西岸村,韶关市,丹霞街道,,,0,,,admin_unmatched_or_ambiguous
67211,韶关,丹霞街道,康溪行政村,青村,韶关市,丹霞街道,,,0,,,admin_unmatched_or_ambiguous
67226,韶关,丹霞街道,新东行政村,三板桥村,韶关市,丹霞街道,,,0,,,admin_unmatched_or_ambiguous
67223,韶关,丹霞街道,新东行政村,叶屋村,韶关市,丹霞街道,,,0,,,admin_unmatched_or_ambiguous
67227,韶关,丹霞街道,新东行政村,张屋村,韶关市,丹霞街道,,,0,,,admin_unmatched_or_ambiguous
67225,韶关,丹霞街道,新东行政村,西冲村,韶关市,丹霞街道,,,0,,,admin_unmatched_or_ambiguous
67224,韶关,丹霞街道,新东行政村,角石村,韶关市,丹霞街道,,,0,,,admin_unmatched_or_ambiguous
67336,韶关,丹霞街道,新莲行政村,上下郎田村,韶关市,丹霞街道,,,0,,,admin_unmatched_or_ambiguous
67338,韶关,丹霞街道,新莲行政村,加昌村,韶关市,丹霞街道,,,0,,,admin_unmatched_or_ambiguous
67337,韶关,丹霞街道,新莲行政村,墩仔村,韶关市,丹霞街道,,,0,,,admin_unmatched_or_ambiguous
67339,韶关,丹霞街道,新莲行政村,小水村,韶关市,丹霞街道,,,0,,,admin_unmatched_or_ambiguous
67335,韶关,丹霞街道,新莲行政村,龙皇宫村,韶关市,丹霞街道,,,0,,,admin_unmatched_or_ambiguous
67344,韶关,丹霞街道,新龙行政村,从新村,韶关市,丹霞街道,,,0,,,admin_unmatched_or_ambiguous
67345,韶关,丹霞街道,新龙行政村,新中村,韶关市,丹霞街道,,,0,,,admin_unmatched_or_ambiguous
67341,韶关,丹霞街道,新龙行政村,新坪村,韶关市,丹霞街道,,,0,,,admin_unmatched_or_ambiguous
67343,韶关,丹霞街道,新龙行政村,新塘村,韶关市,丹霞街道,,,0,,,admin_unmatched_or_ambiguous
67342,韶关,丹霞街道,新龙行政村,新建村,韶关市,丹霞街道,,,0,,,admin_unmatched_or_ambiguous
67340,韶关,丹霞街道,新龙行政村,新源村,韶关市,丹霞街道,,,0,,,admin_unmatched_or_ambiguous
67353,韶关,丹霞街道,江头行政村,江头村,韶关市,丹霞街道,,,0,,,admin_unmatched_or_ambiguous
67307,韶关,丹霞街道,河富行政村,大井村,韶关市,丹霞街道,,,0,,,admin_unmatched_or_ambiguous
67306,韶关,丹霞街道,河富行政村,大富村,韶关市,丹霞街道,,,0,,,admin_unmatched_or_ambiguous
67309,韶关,丹霞街道,河富行政村,江下村,韶关市,丹霞街道,,,0,,,admin_unmatched_or_ambiguous
67310,韶关,丹霞街道,河富行政村,江头山村,韶关市,丹霞街道,,,0,,,admin_unmatched_or_ambiguous
67308,韶关,丹霞街道,河富行政村,河塘村,韶关市,丹霞街道,,,0,,,admin_unmatched_or_ambiguous
67311,韶关,丹霞街道,河富行政村,陂头村,韶关市,丹霞街道,,,0,,,admin_unmatched_or_ambiguous
67238,韶关,丹霞街道,狮井行政村,下园村,韶关市,丹霞街道,,,0,,,admin_unmatched_or_ambiguous
67240,韶关,丹霞街道,狮井行政村,东陂村,韶关市,丹霞街道,,,0,,,admin_unmatched_or_ambiguous
67241,韶关,丹霞街道,狮井行政村,八甲村,韶关市,丹霞街道,,,0,,,admin_unmatched_or_ambiguous
67239,韶关,丹霞街道,狮井行政村,向阳村,韶关市,丹霞街道,,,0,,,admin_unmatched_or_ambiguous
67236,韶关,丹霞街道,狮井行政村,墙扶岭村,韶关市,丹霞街道,,,0,,,admin_unmatched_or_ambiguous
67243,韶关,丹霞街道,狮井行政村,山坑村,韶关市,丹霞街道,,,0,,,admin_unmatched_or_ambiguous
67242,韶关,丹霞街道,狮井行政村,扶其塘村,韶关市,丹霞街道,,,0,,,admin_unmatched_or_ambiguous
67237,韶关,丹霞街道,狮井行政村,狮井村,韶关市,丹霞街道,,,0,,,admin_unmatched_or_ambiguous
67356,韶关,丹霞街道,瑶族行政村,新建村,韶关市,丹霞街道,,,0,,,admin_unmatched_or_ambiguous
67357,韶关,丹霞街道,瑶族行政村,梅花珑村,韶关市,丹霞街道,,,0,,,admin_unmatched_or_ambiguous
67358,韶关,丹霞街道,瑶族行政村,澌溪庙村,韶关市,丹霞街道,,,0,,,admin_unmatched_or_ambiguous
67354,韶关,丹霞街道,瑶族行政村,西坑村,韶关市,丹霞街道,,,0,,,admin_unmatched_or_ambiguous
67355,韶关,丹霞街道,瑶族行政村,连坑村,韶关市,丹霞街道,,,0,,,admin_unmatched_or_ambiguous
67329,韶关,丹霞街道,白莲行政村,上洞村,韶关市,丹霞街道,,,0,,,admin_unmatched_or_ambiguous
67328,韶关,丹霞街道,白莲行政村,古溪村,韶关市,丹霞街道,,,0,,,admin_unmatched_or_ambiguous
67330,韶关,丹霞街道,白莲行政村,横岭村,韶关市,丹霞街道,,,0,,,admin_unmatched_or_ambiguous
67326,韶关,丹霞街道,白莲行政村,白坭坌村,韶关市,丹霞街道,,,0,,,admin_unmatched_or_ambiguous
67327,韶关,丹霞街道,白莲行政村,茅坪村,韶关市,丹霞街道,,,0,,,admin_unmatched_or_ambiguous
67305,韶关,丹霞街道,红星行政村,光明村,韶关市,丹霞街道,,,0,,,admin_unmatched_or_ambiguous
67303,韶关,丹霞街道,红星行政村,光辉村,韶关市,丹霞街道,,,0,,,admin_unmatched_or_ambiguous
67302,韶关,丹霞街道,红星行政村,郎田村,韶关市,丹霞街道,,,0,,,admin_unmatched_or_ambiguous
67304,韶关,丹霞街道,红星行政村,铁厂、跃进村,韶关市,丹霞街道,,,0,,,admin_unmatched_or_ambiguous
67301,韶关,丹霞街道,红星行政村,铁炉湾村,韶关市,丹霞街道,,,0,,,admin_unmatched_or_ambiguous
67185,韶关,丹霞街道,胡坑行政村,上峰山村,韶关市,丹霞街道,,,0,,,admin_unmatched_or_ambiguous
67187,韶关,丹霞街道,胡坑行政村,围背村,韶关市,丹霞街道,,,0,,,admin_unmatched_or_ambiguous
67193,韶关,丹霞街道,胡坑行政村,山背村,韶关市,丹霞街道,,,0,,,admin_unmatched_or_ambiguous
67188,韶关,丹霞街道,胡坑行政村,岭背村,韶关市,丹霞街道,,,0,,,admin_unmatched_or_ambiguous
67191,韶关,丹霞街道,胡坑行政村,旱窝村,韶关市,丹霞街道,,,0,,,admin_unmatched_or_ambiguous
67189,韶关,丹霞街道,胡坑行政村,朱屋新村、黄屋新村、赖屋新村,韶关市,丹霞街道,,,0,,,admin_unmatched_or_ambiguous
67196,韶关,丹霞街道,胡坑行政村,朱屋村,韶关市,丹霞街道,,,0,,,admin_unmatched_or_ambiguous
67186,韶关,丹霞街道,胡坑行政村,白石村,韶关市,丹霞街道,,,0,,,admin_unmatched_or_ambiguous
67190,韶关,丹霞街道,胡坑行政村,竹山下村,韶关市,丹霞街道,,,0,,,admin_unmatched_or_ambiguous
67195,韶关,丹霞街道,胡坑行政村,红联村,韶关市,丹霞街道,,,0,,,admin_unmatched_or_ambiguous
67192,韶关,丹霞街道,胡坑行政村,莲塘尾村,韶关市,丹霞街道,,,0,,,admin_unmatched_or_ambiguous
67197,韶关,丹霞街道,胡坑行政村,赖屋村,韶关市,丹霞街道,,,0,,,admin_unmatched_or_ambiguous
67194,韶关,丹霞街道,胡坑行政村,黄屋村,韶关市,丹霞街道,,,0,,,admin_unmatched_or_ambiguous
67279,韶关,丹霞街道,董中行政村,何屋村,韶关市,丹霞街道,,,0,,,admin_unmatched_or_ambiguous
67275,韶关,丹霞街道,董中行政村,岭背村,韶关市,丹霞街道,,,0,,,admin_unmatched_or_ambiguous
67273,韶关,丹霞街道,董中行政村,新大门村,韶关市,丹霞街道,,,0,,,admin_unmatched_or_ambiguous
67281,韶关,丹霞街道,董中行政村,昌背村,韶关市,丹霞街道,,,0,,,admin_unmatched_or_ambiguous
67276,韶关,丹霞街道,董中行政村,曾屋角村,韶关市,丹霞街道,,,0,,,admin_unmatched_or_ambiguous
67278,韶关,丹霞街道,董中行政村,湾塘村,韶关市,丹霞街道,,,0,,,admin_unmatched_or_ambiguous
67274,韶关,丹霞街道,董中行政村,禾坪岗村,韶关市,丹霞街道,,,0,,,admin_unmatched_or_ambiguous
67277,韶关,丹霞街道,董中行政村,粮仓背村,韶关市,丹霞街道,,,0,,,admin_unmatched_or_ambiguous
67280,韶关,丹霞街道,董中行政村,耀昌村,韶关市,丹霞街道,,,0,,,admin_unmatched_or_ambiguous
67272,韶关,丹霞街道,董中行政村,长坝岭村,韶关市,丹霞街道,,,0,,,admin_unmatched_or_ambiguous
67351,韶关,丹霞街道,董联行政村,东方红村,韶关市,丹霞街道,,,0,,,admin_unmatched_or_ambiguous
67350,韶关,丹霞街道,董联行政村,光明村,韶关市,丹霞街道,,,0,,,admin_unmatched_or_ambiguous
67347,韶关,丹霞街道,董联行政村,八一村,韶关市,丹霞街道,,,0,,,admin_unmatched_or_ambiguous
67346,韶关,丹霞街道,董联行政村,塔脚下村,韶关市,丹霞街道,,,0,,,admin_unmatched_or_ambiguous
67352,韶关,丹霞街道,董联行政村,新桥村,韶关市,丹霞街道,,,0,,,admin_unmatched_or_ambiguous
67349,韶关,丹霞街道,董联行政村,老董塘村,韶关市,丹霞街道,,,0,,,admin_unmatched_or_ambiguous
67348,韶关,丹霞街道,董联行政村,胜利村,韶关市,丹霞街道,,,0,,,admin_unmatched_or_ambiguous
67250,韶关,丹霞街道,车湾行政村,亚婆岩村,韶关市,丹霞街道,,,0,,,admin_unmatched_or_ambiguous
67251,韶关,丹霞街道,车湾行政村,岭头村,韶关市,丹霞街道,,,0,,,admin_unmatched_or_ambiguous
67247,韶关,丹霞街道,车湾行政村,岭背村,韶关市,丹霞街道,,,0,,,admin_unmatched_or_ambiguous
67244,韶关,丹霞街道,车湾行政村,廖湾村,韶关市,丹霞街道,,,0,,,admin_unmatched_or_ambiguous
67249,韶关,丹霞街道,车湾行政村,月岭村,韶关市,丹霞街道,,,0,,,admin_unmatched_or_ambiguous
67248,韶关,丹霞街道,车湾行政村,淡庄村,韶关市,丹霞街道,,,0,,,admin_unmatched_or_ambiguous
67246,韶关,丹霞街道,车湾行政村,红历丘村,韶关市,丹霞街道,,,0,,,admin_unmatched_or_ambiguous
67252,韶关,丹霞街道,车湾行政村,联湖村,韶关市,丹霞街道,,,0,,,admin_unmatched_or_ambiguous
67245,韶关,丹霞街道,车湾行政村,车头村,韶关市,丹霞街道,,,0,,,admin_unmatched_or_ambiguous
67288,韶关,丹霞街道,高宅行政村,罗屋村,韶关市,丹霞街道,,,0,,,admin_unmatched_or_ambiguous
67287,韶关,丹霞街道,高宅行政村,铁屎岭、黄泥岭村,韶关市,丹霞街道,,,0,,,admin_unmatched_or_ambiguous
67286,韶关,丹霞街道,高宅行政村,高宅村,韶关市,丹霞街道,,,0,,,admin_unmatched_or_ambiguous
67289,韶关,丹霞街道,高宅行政村,高银仁化新村,韶关市,丹霞街道,,,0,,,admin_unmatched_or_ambiguous
67270,韶关,丹霞街道,高联行政村,八担丘村,韶关市,丹霞街道,,,0,,,admin_unmatched_or_ambiguous
67269,韶关,丹霞街道,高联行政村,大水坝村,韶关市,丹霞街道,,,0,,,admin_unmatched_or_ambiguous
67271,韶关,丹霞街道,高联行政村,寨下村,韶关市,丹霞街道,,,0,,,admin_unmatched_or_ambiguous
67334,韶关,丹霞街道,高莲行政村,信红村,韶关市,丹霞街道,,,0,,,admin_unmatched_or_ambiguous
67333,韶关,丹霞街道,高莲行政村,老鸦山村,韶关市,丹霞街道,,,0,,,admin_unmatched_or_ambiguous
67331,韶关,丹霞街道,高莲行政村,莲塘坝村,韶关市,丹霞街道,,,0,,,admin_unmatched_or_ambiguous
67332,韶关,丹霞街道,高莲行政村,高坝村,韶关市,丹霞街道,,,0,,,admin_unmatched_or_ambiguous
67235,韶关,丹霞街道,麻塘行政村,麻塘村,韶关市,丹霞街道,,,0,,,admin_unmatched_or_ambiguous
67265,韶关,丹霞街道,黄屋行政村,卜古岭村,韶关市,丹霞街道,,,0,,,admin_unmatched_or_ambiguous
67267,韶关,丹霞街道,黄屋行政村,双合水村,韶关市,丹霞街道,,,0,,,admin_unmatched_or_ambiguous
67264,韶关,丹霞街道,黄屋行政村,断石村,韶关市,丹霞街道,,,0,,,admin_unmatched_or_ambiguous
67266,韶关,丹霞街道,黄屋行政村,新安坝村,韶关市,丹霞街道,,,0,,,admin_unmatched_or_ambiguous
67263,韶关,丹霞街道,黄屋行政村,新马屋村,韶关市,丹霞街道,,,0,,,admin_unmatched_or_ambiguous
67268,韶关,丹霞街道,黄屋行政村,瑶塘村,韶关市,丹霞街道,,,0,,,admin_unmatched_or_ambiguous
67262,韶关,丹霞街道,黄屋行政村,老马屋村,韶关市,丹霞街道,,,0,,,admin_unmatched_or_ambiguous
67261,韶关,丹霞街道,黄屋行政村,谢屋村,韶关市,丹霞街道,,,0,,,admin_unmatched_or_ambiguous
67259,韶关,丹霞街道,黄屋行政村,青湖塘村,韶关市,丹霞街道,,,0,,,admin_unmatched_or_ambiguous
67260,韶关,丹霞街道,黄屋行政村,黄屋村,韶关市,丹霞街道,,,0,,,admin_unmatched_or_ambiguous
69883,韶关,乌石镇,濛锂行政村,上肖村,韶关市,乌石镇,,,0,,,admin_unmatched_or_ambiguous
69882,韶关,乌石镇,濛锂行政村,上黄村,韶关市,乌石镇,,,0,,,admin_unmatched_or_ambiguous
69886,韶关,乌石镇,濛锂行政村,下肖村,韶关市,乌石镇,,,0,,,admin_unmatched_or_ambiguous
69881,韶关,乌石镇,濛锂行政村,侯屋村,韶关市,乌石镇,,,0,,,admin_unmatched_or_ambiguous
69885,韶关,乌石镇,濛锂行政村,吴屋村,韶关市,乌石镇,,,0,,,admin_unmatched_or_ambiguous
69880,韶关,乌石镇,濛锂行政村,旱塘头村,韶关市,乌石镇,,,0,,,admin_unmatched_or_ambiguous
69877,韶关,乌石镇,濛锂行政村,曹屋村,韶关市,乌石镇,,,0,,,admin_unmatched_or_ambiguous
69884,韶关,乌石镇,濛锂行政村,谭屋村,韶关市,乌石镇,,,0,,,admin_unmatched_or_ambiguous
69879,韶关,乌石镇,濛锂行政村,高屋村,韶关市,乌石镇,,,0,,,admin_unmatched_or_ambiguous
69878,韶关,乌石镇,濛锂行政村,高山门村,韶关市,乌石镇,,,0,,,admin_unmatched_or_ambiguous
72653,韶关,乐园镇,上坝行政村,上坝村,韶关市,乐园镇,,,0,,,admin_unmatched_or_ambiguous
72635,韶关,乐园镇,教场行政村,教场村,韶关市,乐园镇,,,0,,,admin_unmatched_or_ambiguous
73580,韶关,乳城镇,坝厂行政村,上坝村,韶关市,乳城镇,,,0,,,admin_unmatched_or_ambiguous
73582,韶关,乳城镇,坝厂行政村,下坝村,韶关市,乳城镇,,,0,,,admin_unmatched_or_ambiguous
73583,韶关,乳城镇,坝厂行政村,中坝村,韶关市,乳城镇,,,0,,,admin_unmatched_or_ambiguous
73581,韶关,乳城镇,坝厂行政村,吴屋村,韶关市,乳城镇,,,0,,,admin_unmatched_or_ambiguous
73579,韶关,乳城镇,坝厂行政村,陈屋村,韶关市,乳城镇,,,0,,,admin_unmatched_or_ambiguous
73087,韶关,北区社区,文长行政村,文村正片村,韶关市,北乡镇,,,0,,,admin_unmatched_or_ambiguous
73088,韶关,北区社区,文长行政村,湖洋角村,韶关市,北乡镇,,,0,,,admin_unmatched_or_ambiguous
73089,韶关,北区社区,沙塘行政村,沙塘村,韶关市,北乡镇,,,0,,,admin_unmatched_or_ambiguous
71096,韶关,古市镇,丹布行政村,下排村,韶关市,古市镇,,,0,,,admin_unmatched_or_ambiguous
71089,韶关,古市镇,丹布行政村,丹铺村,韶关市,古市镇,,,0,,,admin_unmatched_or_ambiguous
71091,韶关,古市镇,丹布行政村,冯屋村,韶关市,古市镇,,,0,,,admin_unmatched_or_ambiguous
71092,韶关,古市镇,丹布行政村,古碌圩村,韶关市,古市镇,,,0,,,admin_unmatched_or_ambiguous
71094,韶关,古市镇,丹布行政村,山门村,韶关市,古市镇,,,0,,,admin_unmatched_or_ambiguous
71097,韶关,古市镇,丹布行政村,新屋村,韶关市,古市镇,,,0,,,admin_unmatched_or_ambiguous
71098,韶关,古市镇,丹布行政村,油槽村,韶关市,古市镇,,,0,,,admin_unmatched_or_ambiguous
71093,韶关,古市镇,丹布行政村,湖罗丘村,韶关市,古市镇,,,0,,,admin_unmatched_or_ambiguous
71095,韶关,古市镇,丹布行政村,石圳村,韶关市,古市镇,,,0,,,admin_unmatched_or_ambiguous
71090,韶关,古市镇,丹布行政村,邓屋村,韶关市,古市镇,,,0,,,admin_unmatched_or_ambiguous
71099,韶关,古市镇,丹布行政村,长坑坝村,韶关市,古市镇,,,0,,,admin_unmatched_or_ambiguous
72250,韶关,司前镇,甘太行政村,上排村,韶关市,司前镇,,,0,,,admin_unmatched_or_ambiguous
72248,韶关,司前镇,甘太行政村,合水口村,韶关市,司前镇,,,0,,,admin_unmatched_or_ambiguous
72252,韶关,司前镇,甘太行政村,田心村,韶关市,司前镇,,,0,,,admin_unmatched_or_ambiguous
72251,韶关,司前镇,甘太行政村,石曹下村,韶关市,司前镇,,,0,,,admin_unmatched_or_ambiguous
72247,韶关,司前镇,甘太行政村,船肚村,韶关市,司前镇,,,0,,,admin_unmatched_or_ambiguous
72249,韶关,司前镇,甘太行政村,麻地坑村,韶关市,司前镇,,,0,,,admin_unmatched_or_ambiguous
67806,韶关,周田镇,上坪行政村,凌屋村,韶关市,周田镇,,,0,,,admin_unmatched_or_ambiguous
67807,韶关,周田镇,上坪行政村,新屋村,韶关市,周田镇,,,0,,,admin_unmatched_or_ambiguous
67812,韶关,周田镇,上坪行政村,杨屋村,韶关市,周田镇,,,0,,,admin_unmatched_or_ambiguous
67809,韶关,周田镇,上坪行政村,谢屋村,韶关市,周田镇,,,0,,,admin_unmatched_or_ambiguous
67810,韶关,周田镇,上坪行政村,赖屋村,韶关市,周田镇,,,0,,,admin_unmatched_or_ambiguous
67811,韶关,周田镇,上坪行政村,黄屋村,韶关市,周田镇,,,0,,,admin_unmatched_or_ambiguous
67808,韶关,周田镇,上坪行政村,龚屋村,韶关市,周田镇,,,0,,,admin_unmatched_or_ambiguous
67769,韶关,周田镇,上道行政村,三兴村,韶关市,周田镇,,,0,,,admin_unmatched_or_ambiguous
67773,韶关,周田镇,上道行政村,岭边村,韶关市,周田镇,,,0,,,admin_unmatched_or_ambiguous
67767,韶关,周田镇,上道行政村,李屋村,韶关市,周田镇,,,0,,,admin_unmatched_or_ambiguous
67770,韶关,周田镇,上道行政村,欧屋村,韶关市,周田镇,,,0,,,admin_unmatched_or_ambiguous
67771,韶关,周田镇,上道行政村,田心村,韶关市,周田镇,,,0,,,admin_unmatched_or_ambiguous
67774,韶关,周田镇,上道行政村,白庙村,韶关市,周田镇,,,0,,,admin_unmatched_or_ambiguous
67772,韶关,周田镇,上道行政村,罗屋村,韶关市,周田镇,,,0,,,admin_unmatched_or_ambiguous
67768,韶关,周田镇,上道行政村,黄屋村,韶关市,周田镇,,,0,,,admin_unmatched_or_ambiguous
67836,韶关,周田镇,下洞行政村,排巷村,韶关市,周田镇,,,0,,,admin_unmatched_or_ambiguous
67834,韶关,周田镇,下洞行政村,李屋村,韶关市,周田镇,,,0,,,admin_unmatched_or_ambiguous
67833,韶关,周田镇,下洞行政村,石头背村,韶关市,周田镇,,,0,,,admin_unmatched_or_ambiguous
67837,韶关,周田镇,下洞行政村,石江坝村,韶关市,周田镇,,,0,,,admin_unmatched_or_ambiguous
67832,韶关,周田镇,下洞行政村,许屋村,韶关市,周田镇,,,0,,,admin_unmatched_or_ambiguous
67835,韶关,周田镇,下洞行政村,黄屋村,韶关市,周田镇,,,0,,,admin_unmatched_or_ambiguous
67778,韶关,周田镇,台滩行政村,八村,韶关市,周田镇,,,0,,,admin_unmatched_or_ambiguous
67779,韶关,周田镇,台滩行政村,台滩村,韶关市,周田镇,,,0,,,admin_unmatched_or_ambiguous
67787,韶关,周田镇,台滩行政村,大塘边村,韶关市,周田镇,,,0,,,admin_unmatched_or_ambiguous
67782,韶关,周田镇,台滩行政村,大富村,韶关市,周田镇,,,0,,,admin_unmatched_or_ambiguous
67780,韶关,周田镇,台滩行政村,张赖屋村,韶关市,周田镇,,,0,,,admin_unmatched_or_ambiguous
67783,韶关,周田镇,台滩行政村,打铁冲村,韶关市,周田镇,,,0,,,admin_unmatched_or_ambiguous
67784,韶关,周田镇,台滩行政村,新建村,韶关市,周田镇,,,0,,,admin_unmatched_or_ambiguous
67786,韶关,周田镇,台滩行政村,新村,韶关市,周田镇,,,0,,,admin_unmatched_or_ambiguous
67781,韶关,周田镇,台滩行政村,更生村,韶关市,周田镇,,,0,,,admin_unmatched_or_ambiguous
67785,韶关,周田镇,台滩行政村,自力村,韶关市,周田镇,,,0,,,admin_unmatched_or_ambiguous
67743,韶关,周田镇,平甫行政村,三横村,韶关市,周田镇,,,0,,,admin_unmatched_or_ambiguous
67738,韶关,周田镇,平甫行政村,冯赖屋村,韶关市,周田镇,,,0,,,admin_unmatched_or_ambiguous
67748,韶关,周田镇,平甫行政村,半边岭村,韶关市,周田镇,,,0,,,admin_unmatched_or_ambiguous
67739,韶关,周田镇,平甫行政村,周屋村,韶关市,周田镇,,,0,,,admin_unmatched_or_ambiguous
67744,韶关,周田镇,平甫行政村,墩背村,韶关市,周田镇,,,0,,,admin_unmatched_or_ambiguous
67750,韶关,周田镇,平甫行政村,岭背村,韶关市,周田镇,,,0,,,admin_unmatched_or_ambiguous
67734,韶关,周田镇,平甫行政村,平甫村,韶关市,周田镇,,,0,,,admin_unmatched_or_ambiguous
67746,韶关,周田镇,平甫行政村,打鼓光村,韶关市,周田镇,,,0,,,admin_unmatched_or_ambiguous
67737,韶关,周田镇,平甫行政村,插菖扶村,韶关市,周田镇,,,0,,,admin_unmatched_or_ambiguous
67747,韶关,周田镇,平甫行政村,果子粉村,韶关市,周田镇,,,0,,,admin_unmatched_or_ambiguous
67745,韶关,周田镇,平甫行政村,甫前村,韶关市,周田镇,,,0,,,admin_unmatched_or_ambiguous
67742,韶关,周田镇,平甫行政村,石口村,韶关市,周田镇,,,0,,,admin_unmatched_or_ambiguous
67741,韶关,周田镇,平甫行政村,石庄村,韶关市,周田镇,,,0,,,admin_unmatched_or_ambiguous
67736,韶关,周田镇,平甫行政村,石马龙村,韶关市,周田镇,,,0,,,admin_unmatched_or_ambiguous
67749,韶关,周田镇,平甫行政村,香山村,韶关市,周田镇,,,0,,,admin_unmatched_or_ambiguous
67735,韶关,周田镇,平甫行政村,黄惊墩村,韶关市,周田镇,,,0,,,admin_unmatched_or_ambiguous
67740,韶关,周田镇,平甫行政村,黄泥塘村,韶关市,周田镇,,,0,,,admin_unmatched_or_ambiguous
67789,韶关,周田镇,新庄行政村,上街村,韶关市,周田镇,,,0,,,admin_unmatched_or_ambiguous
67791,韶关,周田镇,新庄行政村,下街村,韶关市,周田镇,,,0,,,admin_unmatched_or_ambiguous
67790,韶关,周田镇,新庄行政村,岭尾村,韶关市,周田镇,,,0,,,admin_unmatched_or_ambiguous
67795,韶关,周田镇,新庄行政村,新华屋村,韶关市,周田镇,,,0,,,admin_unmatched_or_ambiguous
67793,韶关,周田镇,新庄行政村,新围村,韶关市,周田镇,,,0,,,admin_unmatched_or_ambiguous
67796,韶关,周田镇,新庄行政村,新村,韶关市,周田镇,,,0,,,admin_unmatched_or_ambiguous
67794,韶关,周田镇,新庄行政村,知青场村,韶关市,周田镇,,,0,,,admin_unmatched_or_ambiguous
67792,韶关,周田镇,新庄行政村,老华屋村,韶关市,周田镇,,,0,,,admin_unmatched_or_ambiguous
67788,韶关,周田镇,新庄行政村,老围村,韶关市,周田镇,,,0,,,admin_unmatched_or_ambiguous
67824,韶关,周田镇,灵溪行政村,佛前村,韶关市,周田镇,,,0,,,admin_unmatched_or_ambiguous
67828,韶关,周田镇,灵溪行政村,刘屋村,韶关市,周田镇,,,0,,,admin_unmatched_or_ambiguous
67826,韶关,周田镇,灵溪行政村,坝里村,韶关市,周田镇,,,0,,,admin_unmatched_or_ambiguous
67822,韶关,周田镇,灵溪行政村,大围村,韶关市,周田镇,,,0,,,admin_unmatched_or_ambiguous
67829,韶关,周田镇,灵溪行政村,大圳下村,韶关市,周田镇,,,0,,,admin_unmatched_or_ambiguous
67823,韶关,周田镇,灵溪行政村,溪背村,韶关市,周田镇,,,0,,,admin_unmatched_or_ambiguous
67827,韶关,周田镇,灵溪行政村,瘦段村,韶关市,周田镇,,,0,,,admin_unmatched_or_ambiguous
67825,韶关,周田镇,灵溪行政村,邝屋村,韶关市,周田镇,,,0,,,admin_unmatched_or_ambiguous
67830,韶关,周田镇,灵溪行政村,陂下村,韶关市,周田镇,,,0,,,admin_unmatched_or_ambiguous
67831,韶关,周田镇,灵溪行政村,黄屋村,韶关市,周田镇,,,0,,,admin_unmatched_or_ambiguous
67799,韶关,周田镇,谭屋行政村,冷田村,韶关市,周田镇,,,0,,,admin_unmatched_or_ambiguous
67801,韶关,周田镇,谭屋行政村,新安村,韶关市,周田镇,,,0,,,admin_unmatched_or_ambiguous
67804,韶关,周田镇,谭屋行政村,新建村,韶关市,周田镇,,,0,,,admin_unmatched_or_ambiguous
67798,韶关,周田镇,谭屋行政村,旱田村,韶关市,周田镇,,,0,,,admin_unmatched_or_ambiguous
67803,韶关,周田镇,谭屋行政村,油寮村,韶关市,周田镇,,,0,,,admin_unmatched_or_ambiguous
67802,韶关,周田镇,谭屋行政村,灵江村,韶关市,周田镇,,,0,,,admin_unmatched_or_ambiguous
67800,韶关,周田镇,谭屋行政村,矮岭村,韶关市,周田镇,,,0,,,admin_unmatched_or_ambiguous
67805,韶关,周田镇,谭屋行政村,移民村,韶关市,周田镇,,,0,,,admin_unmatched_or_ambiguous
67797,韶关,周田镇,谭屋行政村,谭屋村,韶关市,周田镇,,,0,,,admin_unmatched_or_ambiguous
67761,韶关,周田镇,较坑行政村,下寮村,韶关市,周田镇,,,0,,,admin_unmatched_or_ambiguous
67752,韶关,周田镇,较坑行政村,大刘屋村,韶关市,周田镇,,,0,,,admin_unmatched_or_ambiguous
67762,韶关,周田镇,较坑行政村,大坝子村,韶关市,周田镇,,,0,,,admin_unmatched_or_ambiguous
67754,韶关,周田镇,较坑行政村,安昌寮村,韶关市,周田镇,,,0,,,admin_unmatched_or_ambiguous
67760,韶关,周田镇,较坑行政村,岭下村,韶关市,周田镇,,,0,,,admin_unmatched_or_ambiguous
67756,韶关,周田镇,较坑行政村,新屋村,韶关市,周田镇,,,0,,,admin_unmatched_or_ambiguous
67751,韶关,周田镇,较坑行政村,曾屋、邱屋村,韶关市,周田镇,,,0,,,admin_unmatched_or_ambiguous
67758,韶关,周田镇,较坑行政村,泗兴寮村,韶关市,周田镇,,,0,,,admin_unmatched_or_ambiguous
67755,韶关,周田镇,较坑行政村,涯婆石村,韶关市,周田镇,,,0,,,admin_unmatched_or_ambiguous
67757,韶关,周田镇,较坑行政村,瓦片地村,韶关市,周田镇,,,0,,,admin_unmatched_or_ambiguous
67759,韶关,周田镇,较坑行政村,矮子杨村,韶关市,周田镇,,,0,,,admin_unmatched_or_ambiguous
67753,韶关,周田镇,较坑行政村,赖屋村,韶关市,周田镇,,,0,,,admin_unmatched_or_ambiguous
67813,韶关,周田镇,雷坑行政村,大庙前村,韶关市,周田镇,,,0,,,admin_unmatched_or_ambiguous
67818,韶关,周田镇,雷坑行政村,寨下村,韶关市,周田镇,,,0,,,admin_unmatched_or_ambiguous
67816,韶关,周田镇,雷坑行政村,新村,韶关市,周田镇,,,0,,,admin_unmatched_or_ambiguous
67817,韶关,周田镇,雷坑行政村,田寨村,韶关市,周田镇,,,0,,,admin_unmatched_or_ambiguous
67815,韶关,周田镇,雷坑行政村,石门楼村,韶关市,周田镇,,,0,,,admin_unmatched_or_ambiguous
67814,韶关,周田镇,雷坑行政村,竹头下村,韶关市,周田镇,,,0,,,admin_unmatched_or_ambiguous
67777,韶关,周田镇,鸡龙行政村,司土坝村,韶关市,周田镇,,,0,,,admin_unmatched_or_ambiguous
67776,韶关,周田镇,鸡龙行政村,塘富村,韶关市,周田镇,,,0,,,admin_unmatched_or_ambiguous
67775,韶关,周田镇,鸡龙行政村,鸡龙村,韶关市,周田镇,,,0,,,admin_unmatched_or_ambiguous
67821,韶关,周田镇,麻洋行政村,中村,韶关市,周田镇,,,0,,,admin_unmatched_or_ambiguous
67819,韶关,周田镇,麻洋行政村,邱屋村,韶关市,周田镇,,,0,,,admin_unmatched_or_ambiguous
67820,韶关,周田镇,麻洋行政村,黄屋村,韶关市,周田镇,,,0,,,admin_unmatched_or_ambiguous
67764,韶关,周田镇,龙坑行政村,冷水坑村,韶关市,周田镇,,,0,,,admin_unmatched_or_ambiguous
67763,韶关,周田镇,龙坑行政村,大罗村,韶关市,周田镇,,,0,,,admin_unmatched_or_ambiguous
67765,韶关,周田镇,龙坑行政村,猪头皮村,韶关市,周田镇,,,0,,,admin_unmatched_or_ambiguous
67766,韶关,周田镇,龙坑行政村,细罗村,韶关市,周田镇,,,0,,,admin_unmatched_or_ambiguous
69325,韶关,周陂镇,崑山行政村,唐屋村,韶关市,周陂镇,,,0,,,admin_unmatched_or_ambiguous
69327,韶关,周陂镇,崑山行政村,港口张村,韶关市,周陂镇,,,0,,,admin_unmatched_or_ambiguous
69326,韶关,周陂镇,崑山行政村,肖屋村,韶关市,周陂镇,,,0,,,admin_unmatched_or_ambiguous
69324,韶关,周陂镇,崑山行政村,西南村,韶关市,周陂镇,,,0,,,admin_unmatched_or_ambiguous
69361,韶关,周陂镇,礫下行政村,何屋村,韶关市,周陂镇,,,0,,,admin_unmatched_or_ambiguous
69364,韶关,周陂镇,礫下行政村,大坝仔村,韶关市,周陂镇,,,0,,,admin_unmatched_or_ambiguous
69363,韶关,周陂镇,礫下行政村,新刘子村,韶关市,周陂镇,,,0,,,admin_unmatched_or_ambiguous
69362,韶关,周陂镇,礫下行政村,牧牛坪村,韶关市,周陂镇,,,0,,,admin_unmatched_or_ambiguous
69366,韶关,周陂镇,礫下行政村,腊坑村,韶关市,周陂镇,,,0,,,admin_unmatched_or_ambiguous
69365,韶关,周陂镇,礫下行政村,鸪鸪岭村,韶关市,周陂镇,,,0,,,admin_unmatched_or_ambiguous
71414,韶关,坪田镇,新墟行政村,坳背村,韶关市,坪田镇,,,0,,,admin_unmatched_or_ambiguous
71418,韶关,坪田镇,新墟行政村,姜坳围村,韶关市,坪田镇,,,0,,,admin_unmatched_or_ambiguous
71415,韶关,坪田镇,新墟行政村,布宅村,韶关市,坪田镇,,,0,,,admin_unmatched_or_ambiguous
71421,韶关,坪田镇,新墟行政村,新墟村,韶关市,坪田镇,,,0,,,admin_unmatched_or_ambiguous
71420,韶关,坪田镇,新墟行政村,汪班村,韶关市,坪田镇,,,0,,,admin_unmatched_or_ambiguous
71416,韶关,坪田镇,新墟行政村,茶塘下村,韶关市,坪田镇,,,0,,,admin_unmatched_or_ambiguous
71419,韶关,坪田镇,新墟行政村,迳下山村,韶关市,坪田镇,,,0,,,admin_unmatched_or_ambiguous
71417,韶关,坪田镇,新墟行政村,邓班围村,韶关市,坪田镇,,,0,,,admin_unmatched_or_ambiguous
72094,韶关,城南社区,东南行政村,上门村,韶关市,城南镇,,,0,,,admin_unmatched_or_ambiguous
72091,韶关,城南社区,东南行政村,何屋村,韶关市,城南镇,,,0,,,admin_unmatched_or_ambiguous
72090,韶关,城南社区,东南行政村,宝营村,韶关市,城南镇,,,0,,,admin_unmatched_or_ambiguous
72095,韶关,城南社区,东南行政村,新屋村,韶关市,城南镇,,,0,,,admin_unmatched_or_ambiguous
72093,韶关,城南社区,东南行政村,溜碰村,韶关市,城南镇,,,0,,,admin_unmatched_or_ambiguous
72092,韶关,城南社区,东南行政村,老屋家村,韶关市,城南镇,,,0,,,admin_unmatched_or_ambiguous
72096,韶关,城南社区,东南行政村,钟屋村,韶关市,城南镇,,,0,,,admin_unmatched_or_ambiguous
67637,韶关,城口镇,东坑行政村,半山村,韶关市,城口镇,,,0,,,admin_unmatched_or_ambiguous
67635,韶关,城口镇,东坑行政村,坳背村,韶关市,城口镇,,,0,,,admin_unmatched_or_ambiguous
67634,韶关,城口镇,东坑行政村,塘湾村,韶关市,城口镇,,,0,,,admin_unmatched_or_ambiguous
67632,韶关,城口镇,东坑行政村,山背村,韶关市,城口镇,,,0,,,admin_unmatched_or_ambiguous
67636,韶关,城口镇,东坑行政村,庙门口村,韶关市,城口镇,,,0,,,admin_unmatched_or_ambiguous
67631,韶关,城口镇,东坑行政村,月形背村,韶关市,城口镇,,,0,,,admin_unmatched_or_ambiguous
67638,韶关,城口镇,东坑行政村,竹山下村,韶关市,城口镇,,,0,,,admin_unmatched_or_ambiguous
67633,韶关,城口镇,东坑行政村,老屋村,韶关市,城口镇,,,0,,,admin_unmatched_or_ambiguous
67625,韶关,城口镇,东罗行政村,响塘村,韶关市,城口镇,,,0,,,admin_unmatched_or_ambiguous
67627,韶关,城口镇,东罗行政村,塘远村,韶关市,城口镇,,,0,,,admin_unmatched_or_ambiguous
67626,韶关,城口镇,东罗行政村,大石下村,韶关市,城口镇,,,0,,,admin_unmatched_or_ambiguous
67630,韶关,城口镇,东罗行政村,张屋村,韶关市,城口镇,,,0,,,admin_unmatched_or_ambiguous
67624,韶关,城口镇,东罗行政村,牛皮洞村,韶关市,城口镇,,,0,,,admin_unmatched_or_ambiguous
67629,韶关,城口镇,东罗行政村,羊古脑村,韶关市,城口镇,,,0,,,admin_unmatched_or_ambiguous
67628,韶关,城口镇,东罗行政村,船洞村,韶关市,城口镇,,,0,,,admin_unmatched_or_ambiguous
68091,韶关,大桥镇,岐石行政村,圳头村,韶关市,大桥镇,,,0,,,admin_unmatched_or_ambiguous
68087,韶关,大桥镇,岐石行政村,塘肚村,韶关市,大桥镇,,,0,,,admin_unmatched_or_ambiguous
68086,韶关,大桥镇,岐石行政村,墩头村,韶关市,大桥镇,,,0,,,admin_unmatched_or_ambiguous
68085,韶关,大桥镇,岐石行政村,大坪头村,韶关市,大桥镇,,,0,,,admin_unmatched_or_ambiguous
68090,韶关,大桥镇,岐石行政村,寨下村,韶关市,大桥镇,,,0,,,admin_unmatched_or_ambiguous
68088,韶关,大桥镇,岐石行政村,桃子树下村,韶关市,大桥镇,,,0,,,admin_unmatched_or_ambiguous
68089,韶关,大桥镇,岐石行政村,谢家村,韶关市,大桥镇,,,0,,,admin_unmatched_or_ambiguous
67662,韶关,实票区,厚坑行政村,上瑕村,韶关市,,,,0,,,town_unmatched
67658,韶关,实票区,厚坑行政村,官奢村,韶关市,,,,0,,,town_unmatched
67660,韶关,实票区,厚坑行政村,左坑村,韶关市,,,,0,,,town_unmatched
67657,韶关,实票区,厚坑行政村,带头村,韶关市,,,,0,,,town_unmatched
67655,韶关,实票区,厚坑行政村,彭屋村,韶关市,,,,0,,,town_unmatched
67661,韶关,实票区,厚坑行政村,暖洞村,韶关市,,,,0,,,town_unmatched
67656,韶关,实票区,厚坑行政村,石禾场村,韶关市,,,,0,,,town_unmatched
67659,韶关,实票区,厚坑行政村,黄沙坑村,韶关市,,,,0,,,town_unmatched
67646,韶关,实票区,城群行政村,三角坪、油坪村,韶关市,,,,0,,,town_unmatched
67642,韶关,实票区,城群行政村,乌石下村,韶关市,,,,0,,,town_unmatched
67644,韶关,实票区,城群行政村,乌龟地村,韶关市,,,,0,,,town_unmatched
67643,韶关,实票区,城群行政村,五里山村,韶关市,,,,0,,,town_unmatched
67640,韶关,实票区,城群行政村,半奢水村,韶关市,,,,0,,,town_unmatched
67648,韶关,实票区,城群行政村,围坑村,韶关市,,,,0,,,town_unmatched
67641,韶关,实票区,城群行政村,地方坪、联坪村,韶关市,,,,0,,,town_unmatched
67645,韶关,实票区,城群行政村,大麻溪村,韶关市,,,,0,,,town_unmatched
67639,韶关,实票区,城群行政村,广街村,韶关市,,,,0,,,town_unmatched
67647,韶关,实票区,城群行政村,河木坑、横街村,韶关市,,,,0,,,town_unmatched
67650,韶关,实票区,城群行政村,赤坑村,韶关市,,,,0,,,town_unmatched
67649,韶关,实票区,城群行政村,黎洞村,韶关市,,,,0,,,town_unmatched
67651,韶关,实票区,恩村行政村,恩村大村,韶关市,,,,0,,,town_unmatched
67654,韶关,实票区,恩村行政村,新庄村,韶关市,,,,0,,,town_unmatched
67653,韶关,实票区,恩村行政村,马奢村,韶关市,,,,0,,,town_unmatched
67652,韶关,实票区,恩村行政村,马岭村,韶关市,,,,0,,,town_unmatched
68298,韶关,庆云镇,祅田行政村,何家岭村,韶关市,庆云镇,,,0,,,admin_unmatched_or_ambiguous
68303,韶关,庆云镇,祅田行政村,内洞村,韶关市,庆云镇,,,0,,,admin_unmatched_or_ambiguous
68293,韶关,庆云镇,祅田行政村,半岭村,韶关市,庆云镇,,,0,,,admin_unmatched_or_ambiguous
68294,韶关,庆云镇,祅田行政村,大埂里村,韶关市,庆云镇,,,0,,,admin_unmatched_or_ambiguous
68295,韶关,庆云镇,祅田行政村,大岭脚村,韶关市,庆云镇,,,0,,,admin_unmatched_or_ambiguous
68308,韶关,庆云镇,祅田行政村,头巾冲村,韶关市,庆云镇,,,0,,,admin_unmatched_or_ambiguous
68296,韶关,庆云镇,祅田行政村,对门村,韶关市,庆云镇,,,0,,,admin_unmatched_or_ambiguous
68312,韶关,庆云镇,祅田行政村,张家村,韶关市,庆云镇,,,0,,,admin_unmatched_or_ambiguous
68311,韶关,庆云镇,祅田行政村,新屋里村,韶关市,庆云镇,,,0,,,admin_unmatched_or_ambiguous
68307,韶关,庆云镇,祅田行政村,树山下村,韶关市,庆云镇,,,0,,,admin_unmatched_or_ambiguous
68304,韶关,庆云镇,祅田行政村,欧家村,韶关市,庆云镇,,,0,,,admin_unmatched_or_ambiguous
68310,韶关,庆云镇,祅田行政村,污泥塘村,韶关市,庆云镇,,,0,,,admin_unmatched_or_ambiguous
68306,韶关,庆云镇,祅田行政村,沙坑里村,韶关市,庆云镇,,,0,,,admin_unmatched_or_ambiguous
68309,韶关,庆云镇,祅田行政村,窝里村,韶关市,庆云镇,,,0,,,admin_unmatched_or_ambiguous
68302,韶关,庆云镇,祅田行政村,老石榴村,韶关市,庆云镇,,,0,,,admin_unmatched_or_ambiguous
68299,韶关,庆云镇,祅田行政村,荒田里村,韶关市,庆云镇,,,0,,,admin_unmatched_or_ambiguous
68297,韶关,庆云镇,祅田行政村,谷皮坦村,韶关市,庆云镇,,,0,,,admin_unmatched_or_ambiguous
68305,韶关,庆云镇,祅田行政村,邱家村,韶关市,庆云镇,,,0,,,admin_unmatched_or_ambiguous
68301,韶关,庆云镇,祅田行政村,黄家村,韶关市,庆云镇,,,0,,,admin_unmatched_or_ambiguous
68300,韶关,庆云镇,祅田行政村,黄豆坪村,韶关市,庆云镇,,,0,,,admin_unmatched_or_ambiguous
67548,韶关,扶溪镇,厚塘行政村,厚塘村,韶关市,扶溪镇,,,0,,,admin_unmatched_or_ambiguous
67551,韶关,扶溪镇,厚塘行政村,水头村,韶关市,扶溪镇,,,0,,,admin_unmatched_or_ambiguous
67549,韶关,扶溪镇,厚塘行政村,江下村,韶关市,扶溪镇,,,0,,,admin_unmatched_or_ambiguous
67553,韶关,扶溪镇,厚塘行政村,牛眠石村,韶关市,扶溪镇,,,0,,,admin_unmatched_or_ambiguous
67550,韶关,扶溪镇,厚塘行政村,狮角湾村,韶关市,扶溪镇,,,0,,,admin_unmatched_or_ambiguous
67552,韶关,扶溪镇,厚塘行政村,移民村,韶关市,扶溪镇,,,0,,,admin_unmatched_or_ambiguous
67554,韶关,扶溪镇,厚塘行政村,艮岗村,韶关市,扶溪镇,,,0,,,admin_unmatched_or_ambiguous
67574,韶关,扶溪镇,古夏行政村,企岭村,韶关市,扶溪镇,,,0,,,admin_unmatched_or_ambiguous
67575,韶关,扶溪镇,古夏行政村,南山下村,韶关市,扶溪镇,,,0,,,admin_unmatched_or_ambiguous
67572,韶关,扶溪镇,古夏行政村,古夏村,韶关市,扶溪镇,,,0,,,admin_unmatched_or_ambiguous
67573,韶关,扶溪镇,古夏行政村,官波水村,韶关市,扶溪镇,,,0,,,admin_unmatched_or_ambiguous
67578,韶关,扶溪镇,古夏行政村,李树坝村,韶关市,扶溪镇,,,0,,,admin_unmatched_or_ambiguous
67576,韶关,扶溪镇,古夏行政村,窑口村,韶关市,扶溪镇,,,0,,,admin_unmatched_or_ambiguous
67577,韶关,扶溪镇,古夏行政村,青茅印村,韶关市,扶溪镇,,,0,,,admin_unmatched_or_ambiguous
67591,韶关,扶溪镇,左龙行政村,坝俚村,韶关市,扶溪镇,,,0,,,admin_unmatched_or_ambiguous
67590,韶关,扶溪镇,左龙行政村,塘头村,韶关市,扶溪镇,,,0,,,admin_unmatched_or_ambiguous
67592,韶关,扶溪镇,左龙行政村,温屋村,韶关市,扶溪镇,,,0,,,admin_unmatched_or_ambiguous
67595,韶关,扶溪镇,左龙行政村,罡子头村,韶关市,扶溪镇,,,0,,,admin_unmatched_or_ambiguous
67593,韶关,扶溪镇,左龙行政村,车头村,韶关市,扶溪镇,,,0,,,admin_unmatched_or_ambiguous
67594,韶关,扶溪镇,左龙行政村,高坝村,韶关市,扶溪镇,,,0,,,admin_unmatched_or_ambiguous
67547,韶关,扶溪镇,扶中行政村,三家村,韶关市,扶溪镇,,,0,,,admin_unmatched_or_ambiguous
67542,韶关,扶溪镇,扶中行政村,坪盆村,韶关市,扶溪镇,,,0,,,admin_unmatched_or_ambiguous
67540,韶关,扶溪镇,扶中行政村,墟亭街村,韶关市,扶溪镇,,,0,,,admin_unmatched_or_ambiguous
67546,韶关,扶溪镇,扶中行政村,子发村,韶关市,扶溪镇,,,0,,,admin_unmatched_or_ambiguous
67544,韶关,扶溪镇,扶中行政村,新屋场村,韶关市,扶溪镇,,,0,,,admin_unmatched_or_ambiguous
67543,韶关,扶溪镇,扶中行政村,畔田村,韶关市,扶溪镇,,,0,,,admin_unmatched_or_ambiguous
67541,韶关,扶溪镇,扶中行政村,石亭下村,韶关市,扶溪镇,,,0,,,admin_unmatched_or_ambiguous
67545,韶关,扶溪镇,扶中行政村,麻土湾村,韶关市,扶溪镇,,,0,,,admin_unmatched_or_ambiguous
67569,韶关,扶溪镇,斜周行政村,上湾村,韶关市,扶溪镇,,,0,,,admin_unmatched_or_ambiguous
67568,韶关,扶溪镇,斜周行政村,大印头村,韶关市,扶溪镇,,,0,,,admin_unmatched_or_ambiguous
67570,韶关,扶溪镇,斜周行政村,小视坑村,韶关市,扶溪镇,,,0,,,admin_unmatched_or_ambiguous
67566,韶关,扶溪镇,斜周行政村,瑶前村,韶关市,扶溪镇,,,0,,,admin_unmatched_or_ambiguous
67565,韶关,扶溪镇,斜周行政村,船兜村,韶关市,扶溪镇,,,0,,,admin_unmatched_or_ambiguous
67567,韶关,扶溪镇,斜周行政村,西坑村,韶关市,扶溪镇,,,0,,,admin_unmatched_or_ambiguous
67571,韶关,扶溪镇,斜周行政村,黄溪水村,韶关市,扶溪镇,,,0,,,admin_unmatched_or_ambiguous
67564,韶关,扶溪镇,斜周行政村,黄石坑村,韶关市,扶溪镇,,,0,,,admin_unmatched_or_ambiguous
67599,韶关,扶溪镇,紫岭行政村,外翰村,韶关市,扶溪镇,,,0,,,admin_unmatched_or_ambiguous
67596,韶关,扶溪镇,紫岭行政村,永安村,韶关市,扶溪镇,,,0,,,admin_unmatched_or_ambiguous
67600,韶关,扶溪镇,紫岭行政村,石江头村,韶关市,扶溪镇,,,0,,,admin_unmatched_or_ambiguous
67597,韶关,扶溪镇,紫岭行政村,紫阳村,韶关市,扶溪镇,,,0,,,admin_unmatched_or_ambiguous
67598,韶关,扶溪镇,紫岭行政村,通德村,韶关市,扶溪镇,,,0,,,admin_unmatched_or_ambiguous
67582,韶关,扶溪镇,蛇离行政村,上運社村,韶关市,扶溪镇,,,0,,,admin_unmatched_or_ambiguous
67584,韶关,扶溪镇,蛇离行政村,下遇社村,韶关市,扶溪镇,,,0,,,admin_unmatched_or_ambiguous
67588,韶关,扶溪镇,蛇离行政村,木印村,韶关市,扶溪镇,,,0,,,admin_unmatched_or_ambiguous
67585,韶关,扶溪镇,蛇离行政村,桃树湾村,韶关市,扶溪镇,,,0,,,admin_unmatched_or_ambiguous
67589,韶关,扶溪镇,蛇离行政村,苎坪村,韶关市,扶溪镇,,,0,,,admin_unmatched_or_ambiguous
67580,韶关,扶溪镇,蛇离行政村,苟头村,韶关市,扶溪镇,,,0,,,admin_unmatched_or_ambiguous
67579,韶关,扶溪镇,蛇离行政村,苦竹坪村,韶关市,扶溪镇,,,0,,,admin_unmatched_or_ambiguous
67581,韶关,扶溪镇,蛇离行政村,蛇离村,韶关市,扶溪镇,,,0,,,admin_unmatched_or_ambiguous
67583,韶关,扶溪镇,蛇离行政村,西溪村,韶关市,扶溪镇,,,0,,,admin_unmatched_or_ambiguous
67586,韶关,扶溪镇,蛇离行政村,高低村,韶关市,扶溪镇,,,0,,,admin_unmatched_or_ambiguous
67587,韶关,扶溪镇,蛇离行政村,麦岭村,韶关市,扶溪镇,,,0,,,admin_unmatched_or_ambiguous
67563,韶关,扶溪镇,长坑行政村,上杨柳塘村,韶关市,扶溪镇,,,0,,,admin_unmatched_or_ambiguous
67561,韶关,扶溪镇,长坑行政村,上等村,韶关市,扶溪镇,,,0,,,admin_unmatched_or_ambiguous
67555,韶关,扶溪镇,长坑行政村,上蕉坪村,韶关市,扶溪镇,,,0,,,admin_unmatched_or_ambiguous
67558,韶关,扶溪镇,长坑行政村,下等村,韶关市,扶溪镇,,,0,,,admin_unmatched_or_ambiguous
67559,韶关,扶溪镇,长坑行政村,下蕉坪村,韶关市,扶溪镇,,,0,,,admin_unmatched_or_ambiguous
67560,韶关,扶溪镇,长坑行政村,大蒙洞村,韶关市,扶溪镇,,,0,,,admin_unmatched_or_ambiguous
67562,韶关,扶溪镇,长坑行政村,牛木头村,韶关市,扶溪镇,,,0,,,admin_unmatched_or_ambiguous
67556,韶关,扶溪镇,长坑行政村,谢洞村,韶关市,扶溪镇,,,0,,,admin_unmatched_or_ambiguous
67557,韶关,扶溪镇,长坑行政村,长坑村,韶关市,扶溪镇,,,0,,,admin_unmatched_or_ambiguous
68750,韶关,新江镇,连心行政村,蓝屋村,韶关市,新江镇,,,0,,,admin_unmatched_or_ambiguous
68749,韶关,新江镇,连心行政村,郭屋村,韶关市,新江镇,,,0,,,admin_unmatched_or_ambiguous
68751,韶关,新江镇,连心行政村,锦衣村,韶关市,新江镇,,,0,,,admin_unmatched_or_ambiguous
68752,韶关,新江镇,连心行政村,饭甑湖村,韶关市,新江镇,,,0,,,admin_unmatched_or_ambiguous
72600,韶关,新韶镇,侯山行政村,上井村,韶关市,新韶镇,,,0,,,admin_unmatched_or_ambiguous
72597,韶关,新韶镇,侯山行政村,井头村,韶关市,新韶镇,,,0,,,admin_unmatched_or_ambiguous
72595,韶关,新韶镇,侯山行政村,侯山村,韶关市,新韶镇,,,0,,,admin_unmatched_or_ambiguous
72594,韶关,新韶镇,侯山行政村,大塘尾村,韶关市,新韶镇,,,0,,,admin_unmatched_or_ambiguous
72601,韶关,新韶镇,侯山行政村,德田村,韶关市,新韶镇,,,0,,,admin_unmatched_or_ambiguous
72598,韶关,新韶镇,侯山行政村,新联村,韶关市,新韶镇,,,0,,,admin_unmatched_or_ambiguous
72599,韶关,新韶镇,侯山行政村,曾屋村,韶关市,新韶镇,,,0,,,admin_unmatched_or_ambiguous
72596,韶关,新韶镇,侯山行政村,白楼村,韶关市,新韶镇,,,0,,,admin_unmatched_or_ambiguous
73418,韶关,桂头镇,阳陂行政村,上阳陂村,韶关市,桂头镇,,,0,,,admin_unmatched_or_ambiguous
73411,韶关,桂头镇,阳陂行政村,下古塘村,韶关市,桂头镇,,,0,,,admin_unmatched_or_ambiguous
73412,韶关,桂头镇,阳陂行政村,乌鸦塘村,韶关市,桂头镇,,,0,,,admin_unmatched_or_ambiguous
73414,韶关,桂头镇,阳陂行政村,千家村,韶关市,桂头镇,,,0,,,admin_unmatched_or_ambiguous
73408,韶关,桂头镇,阳陂行政村,新人村,韶关市,桂头镇,,,0,,,admin_unmatched_or_ambiguous
73407,韶关,桂头镇,阳陂行政村,新张屋村,韶关市,桂头镇,,,0,,,admin_unmatched_or_ambiguous
73421,韶关,桂头镇,阳陂行政村,新街村,韶关市,桂头镇,,,0,,,admin_unmatched_or_ambiguous
73409,韶关,桂头镇,阳陂行政村,新连塘村,韶关市,桂头镇,,,0,,,admin_unmatched_or_ambiguous
73413,韶关,桂头镇,阳陂行政村,田围村,韶关市,桂头镇,,,0,,,admin_unmatched_or_ambiguous
73417,韶关,桂头镇,阳陂行政村,石盘脚村,韶关市,桂头镇,,,0,,,admin_unmatched_or_ambiguous
73419,韶关,桂头镇,阳陂行政村,茂农夫村,韶关市,桂头镇,,,0,,,admin_unmatched_or_ambiguous
73410,韶关,桂头镇,阳陂行政村,香稻村,韶关市,桂头镇,,,0,,,admin_unmatched_or_ambiguous
73415,韶关,桂头镇,阳陂行政村,马岭村,韶关市,桂头镇,,,0,,,admin_unmatched_or_ambiguous
73406,韶关,桂头镇,阳陂行政村,黄沙岭村,韶关市,桂头镇,,,0,,,admin_unmatched_or_ambiguous
73420,韶关,桂头镇,阳陂行政村,黄甫岗村,韶关市,桂头镇,,,0,,,admin_unmatched_or_ambiguous
73416,韶关,桂头镇,阳陂行政村,龙眼树村,韶关市,桂头镇,,,0,,,admin_unmatched_or_ambiguous
68715,韶关,梅花镇,坛司行政村,上坛司村,韶关市,梅花镇,,,0,,,admin_unmatched_or_ambiguous
68716,韶关,梅花镇,坛司行政村,下坛司村,韶关市,梅花镇,,,0,,,admin_unmatched_or_ambiguous
68717,韶关,梅花镇,坛司行政村,大竹山村,韶关市,梅花镇,,,0,,,admin_unmatched_or_ambiguous
68721,韶关,梅花镇,坛司行政村,榨木洞上村,韶关市,梅花镇,,,0,,,admin_unmatched_or_ambiguous
68722,韶关,梅花镇,坛司行政村,榨木洞中村,韶关市,梅花镇,,,0,,,admin_unmatched_or_ambiguous
68720,韶关,梅花镇,坛司行政村,榨木洞吕家村,韶关市,梅花镇,,,0,,,admin_unmatched_or_ambiguous
68718,韶关,梅花镇,坛司行政村,毛头石村,韶关市,梅花镇,,,0,,,admin_unmatched_or_ambiguous
68719,韶关,梅花镇,坛司行政村,牛塘村,韶关市,梅花镇,,,0,,,admin_unmatched_or_ambiguous
68714,韶关,梅花镇,坛司行政村,鸭麻田村,韶关市,梅花镇,,,0,,,admin_unmatched_or_ambiguous
69997,韶关,樟市镇,径口行政村,上刘村,韶关市,樟市镇,,,0,,,admin_unmatched_or_ambiguous
69996,韶关,樟市镇,径口行政村,上黄村,韶关市,樟市镇,,,0,,,admin_unmatched_or_ambiguous
69994,韶关,樟市镇,径口行政村,下坪村,韶关市,樟市镇,,,0,,,admin_unmatched_or_ambiguous
69993,韶关,樟市镇,径口行政村,塘角村,韶关市,樟市镇,,,0,,,admin_unmatched_or_ambiguous
69992,韶关,樟市镇,径口行政村,大坪村,韶关市,樟市镇,,,0,,,admin_unmatched_or_ambiguous
69990,韶关,樟市镇,径口行政村,岭头村,韶关市,樟市镇,,,0,,,admin_unmatched_or_ambiguous
69989,韶关,樟市镇,径口行政村,径口村,韶关市,樟市镇,,,0,,,admin_unmatched_or_ambiguous
69995,韶关,樟市镇,径口行政村,竹篙潭村,韶关市,樟市镇,,,0,,,admin_unmatched_or_ambiguous
69991,韶关,樟市镇,径口行政村,龙岭村,韶关市,樟市镇,,,0,,,admin_unmatched_or_ambiguous
70883,韶关,水口镇,篛过行政村,围俚村,韶关市,水口镇,,,0,,,admin_unmatched_or_ambiguous
70875,韶关,水口镇,篛过行政村,大村,韶关市,水口镇,,,0,,,admin_unmatched_or_ambiguous
70879,韶关,水口镇,篛过行政村,横塘村,韶关市,水口镇,,,0,,,admin_unmatched_or_ambiguous
70878,韶关,水口镇,篛过行政村,横汾村,韶关市,水口镇,,,0,,,admin_unmatched_or_ambiguous
70882,韶关,水口镇,篛过行政村,水西坝新村,韶关市,水口镇,,,0,,,admin_unmatched_or_ambiguous
70881,韶关,水口镇,篛过行政村,水西坝村,韶关市,水口镇,,,0,,,admin_unmatched_or_ambiguous
70877,韶关,水口镇,篛过行政村,河背新村,韶关市,水口镇,,,0,,,admin_unmatched_or_ambiguous
70880,韶关,水口镇,篛过行政村,老屋村,韶关市,水口镇,,,0,,,admin_unmatched_or_ambiguous
70876,韶关,水口镇,篛过行政村,邓屋新村,韶关市,水口镇,,,0,,,admin_unmatched_or_ambiguous
70874,韶关,水口镇,篛过行政村,陈屋村,韶关市,水口镇,,,0,,,admin_unmatched_or_ambiguous
69054,韶关,江尾镇,蒽岭行政村,蒽岭村,韶关市,江尾镇,,,0,,,admin_unmatched_or_ambiguous
72984,韶关,江湾镇,湖洋行政村,和山村,韶关市,江湾镇,,,0,,,admin_unmatched_or_ambiguous
72987,韶关,江湾镇,湖洋行政村,江屋村,韶关市,江湾镇,,,0,,,admin_unmatched_or_ambiguous
72988,韶关,江湾镇,湖洋行政村,蔬菜队村,韶关市,江湾镇,,,0,,,admin_unmatched_or_ambiguous
72986,韶关,江湾镇,湖洋行政村,黄九村,韶关市,江湾镇,,,0,,,admin_unmatched_or_ambiguous
72985,韶关,江湾镇,湖洋行政村,黄陂坛村,韶关市,江湾镇,,,0,,,admin_unmatched_or_ambiguous
73971,韶关,游溪镇,莲塘边行政村,上坳村,韶关市,游溪镇,,,0,,,admin_unmatched_or_ambiguous
73969,韶关,游溪镇,莲塘边行政村,五官庙村,韶关市,游溪镇,,,0,,,admin_unmatched_or_ambiguous
73970,韶关,游溪镇,莲塘边行政村,莲塘边村,韶关市,游溪镇,,,0,,,admin_unmatched_or_ambiguous
70651,韶关,珠玑镇,上嵩行政村,上门村,韶关市,珠玑镇,,,0,,,admin_unmatched_or_ambiguous
70652,韶关,珠玑镇,上嵩行政村,下洞村,韶关市,珠玑镇,,,0,,,admin_unmatched_or_ambiguous
70653,韶关,珠玑镇,上嵩行政村,下门村,韶关市,珠玑镇,,,0,,,admin_unmatched_or_ambiguous
70654,韶关,珠玑镇,上嵩行政村,中洞村,韶关市,珠玑镇,,,0,,,admin_unmatched_or_ambiguous
70585,韶关,珠玑镇,下玢行政村,上何屋村,韶关市,珠玑镇,,,0,,,admin_unmatched_or_ambiguous
70587,韶关,珠玑镇,下玢行政村,围俚村,韶关市,珠玑镇,,,0,,,admin_unmatched_or_ambiguous
70578,韶关,珠玑镇,下玢行政村,大豆元村,韶关市,珠玑镇,,,0,,,admin_unmatched_or_ambiguous
70584,韶关,珠玑镇,下玢行政村,山下村,韶关市,珠玑镇,,,0,,,admin_unmatched_or_ambiguous
70589,韶关,珠玑镇,下玢行政村,新屋村,韶关市,珠玑镇,,,0,,,admin_unmatched_or_ambiguous
70581,韶关,珠玑镇,下玢行政村,河南桥村,韶关市,珠玑镇,,,0,,,admin_unmatched_or_ambiguous
70582,韶关,珠玑镇,下玢行政村,河塘村,韶关市,珠玑镇,,,0,,,admin_unmatched_or_ambiguous
70586,韶关,珠玑镇,下玢行政村,石地村,韶关市,珠玑镇,,,0,,,admin_unmatched_or_ambiguous
70580,韶关,珠玑镇,下玢行政村,禾场下村,韶关市,珠玑镇,,,0,,,admin_unmatched_or_ambiguous
70588,韶关,珠玑镇,下玢行政村,细豆元村,韶关市,珠玑镇,,,0,,,admin_unmatched_or_ambiguous
70583,韶关,珠玑镇,下玢行政村,罗屋村,韶关市,珠玑镇,,,0,,,admin_unmatched_or_ambiguous
70577,韶关,珠玑镇,下玢行政村,赤珠塘村,韶关市,珠玑镇,,,0,,,admin_unmatched_or_ambiguous
70579,韶关,珠玑镇,下玢行政村,邓屋村,韶关市,珠玑镇,,,0,,,admin_unmatched_or_ambiguous
70648,韶关,珠玑镇,祇芫行政村,下祇芫村,韶关市,珠玑镇,,,0,,,admin_unmatched_or_ambiguous
70650,韶关,珠玑镇,祇芫行政村,中坑村,韶关市,珠玑镇,,,0,,,admin_unmatched_or_ambiguous
70649,韶关,珠玑镇,祇芫行政村,仙水塘村,韶关市,珠玑镇,,,0,,,admin_unmatched_or_ambiguous
70641,韶关,珠玑镇,祇芫行政村,北门村,韶关市,珠玑镇,,,0,,,admin_unmatched_or_ambiguous
70647,韶关,珠玑镇,祇芫行政村,双树村,韶关市,珠玑镇,,,0,,,admin_unmatched_or_ambiguous
70642,韶关,珠玑镇,祇芫行政村,城俚村,韶关市,珠玑镇,,,0,,,admin_unmatched_or_ambiguous
70644,韶关,珠玑镇,祇芫行政村,横石街村,韶关市,珠玑镇,,,0,,,admin_unmatched_or_ambiguous
70643,韶关,珠玑镇,祇芫行政村,祠堂门口村,韶关市,珠玑镇,,,0,,,admin_unmatched_or_ambiguous
70645,韶关,珠玑镇,祇芫行政村,里井村,韶关市,珠玑镇,,,0,,,admin_unmatched_or_ambiguous
70646,韶关,珠玑镇,祇芫行政村,马古星村,韶关市,珠玑镇,,,0,,,admin_unmatched_or_ambiguous
70252,韶关,界址镇,大坊行政村,东坑村,韶关市,界址镇,,,0,,,admin_unmatched_or_ambiguous
70259,韶关,界址镇,大坊行政村,坑尾村,韶关市,界址镇,,,0,,,admin_unmatched_or_ambiguous
70260,韶关,界址镇,大坊行政村,新人塘村,韶关市,界址镇,,,0,,,admin_unmatched_or_ambiguous
70254,韶关,界址镇,大坊行政村,村头村,韶关市,界址镇,,,0,,,admin_unmatched_or_ambiguous
70258,韶关,界址镇,大坊行政村,珊下村,韶关市,界址镇,,,0,,,admin_unmatched_or_ambiguous
70253,韶关,界址镇,大坊行政村,窑灶口村,韶关市,界址镇,,,0,,,admin_unmatched_or_ambiguous
70255,韶关,界址镇,大坊行政村,雷公坑村,韶关市,界址镇,,,0,,,admin_unmatched_or_ambiguous
70257,韶关,界址镇,大坊行政村,雷公坻村,韶关市,界址镇,,,0,,,admin_unmatched_or_ambiguous
70256,韶关,界址镇,大坊行政村,黄泥塘村,韶关市,界址镇,,,0,,,admin_unmatched_or_ambiguous
73217,韶关,石角社区,乌石岗行政村,河塘背村,韶关市,,,,0,,,town_unmatched
73218,韶关,石角社区,乌石岗行政村,马头角村,韶关市,,,,0,,,town_unmatched
73209,韶关,石角社区,军三行政村,嵇岭下村,韶关市,,,,0,,,town_unmatched
73210,韶关,石角社区,军三行政村,老岭村,韶关市,,,,0,,,town_unmatched
73211,韶关,石角社区,军三行政村,鲤鱼坝村,韶关市,,,,0,,,town_unmatched
73208,韶关,石角社区,军二行政村,暗洞村,韶关市,,,,0,,,town_unmatched
73213,韶关,石角社区,张田坑行政村,刘屋村,韶关市,,,,0,,,town_unmatched
73216,韶关,石角社区,张田坑行政村,南蛇塘村,韶关市,,,,0,,,town_unmatched
73214,韶关,石角社区,张田坑行政村,叶屋村,韶关市,,,,0,,,town_unmatched
73212,韶关,石角社区,张田坑行政村,江屋村,韶关市,,,,0,,,town_unmatched
73215,韶关,石角社区,张田坑行政村,邝屋村,韶关市,,,,0,,,town_unmatched
73220,韶关,石角社区,湖塘行政村,湖塘村,韶关市,,,,0,,,town_unmatched
73207,韶关,石角社区,石角社区,石角社区石角村,韶关市,,,,0,,,town_unmatched
73219,韶关,石角社区,科罗行政村,科罗村,韶关市,,,,0,,,town_unmatched
73085,韶关,石镇社区,坳头行政村,坳头村,韶关市,,,,0,,,town_unmatched
73084,韶关,石镇社区,岳城行政村,岳城村,韶关市,,,,0,,,town_unmatched
73083,韶关,石镇社区,邹峒行政村,邹峒村,韶关市,,,,0,,,town_unmatched
73086,韶关,石镇社区,长陂行政村,长陂村,韶关市,,,,0,,,town_unmatched
68515,韶关,秀水镇,云岩行政村,仙婆庙上门村,韶关市,秀水镇,,,0,,,admin_unmatched_or_ambiguous
68516,韶关,秀水镇,云岩行政村,仙婆庙下门村,韶关市,秀水镇,,,0,,,admin_unmatched_or_ambiguous
68521,韶关,秀水镇,云岩行政村,周雷村,韶关市,秀水镇,,,0,,,admin_unmatched_or_ambiguous
68514,韶关,秀水镇,云岩行政村,坝里村,韶关市,秀水镇,,,0,,,admin_unmatched_or_ambiguous
68523,韶关,秀水镇,云岩行政村,寨下村,韶关市,秀水镇,,,0,,,admin_unmatched_or_ambiguous
68513,韶关,秀水镇,云岩行政村,湾里村,韶关市,秀水镇,,,0,,,admin_unmatched_or_ambiguous
68522,韶关,秀水镇,云岩行政村,狮岭背村,韶关市,秀水镇,,,0,,,admin_unmatched_or_ambiguous
68520,韶关,秀水镇,云岩行政村,腊树园村,韶关市,秀水镇,,,0,,,admin_unmatched_or_ambiguous
68518,韶关,秀水镇,云岩行政村,草鞋岭村,韶关市,秀水镇,,,0,,,admin_unmatched_or_ambiguous
68519,韶关,秀水镇,云岩行政村,车干山村,韶关市,秀水镇,,,0,,,admin_unmatched_or_ambiguous
68517,韶关,秀水镇,云岩行政村,高村,韶关市,秀水镇,,,0,,,admin_unmatched_or_ambiguous
68550,韶关,秀水镇,出水岩行政村,塘头下村,韶关市,秀水镇,,,0,,,admin_unmatched_or_ambiguous
68551,韶关,秀水镇,出水岩行政村,岭脚下村,韶关市,秀水镇,,,0,,,admin_unmatched_or_ambiguous
68549,韶关,秀水镇,出水岩行政村,新厅下村,韶关市,秀水镇,,,0,,,admin_unmatched_or_ambiguous
68548,韶关,秀水镇,出水岩行政村,老厅下村,韶关市,秀水镇,,,0,,,admin_unmatched_or_ambiguous
68552,韶关,秀水镇,出水岩行政村,高墩头村,韶关市,秀水镇,,,0,,,admin_unmatched_or_ambiguous
68543,韶关,秀水镇,开封行政村,上开封桥村,韶关市,秀水镇,,,0,,,admin_unmatched_or_ambiguous
68544,韶关,秀水镇,开封行政村,下开封桥村,韶关市,秀水镇,,,0,,,admin_unmatched_or_ambiguous
68546,韶关,秀水镇,开封行政村,画眉山村,韶关市,秀水镇,,,0,,,admin_unmatched_or_ambiguous
68547,韶关,秀水镇,开封行政村,竹山背村,韶关市,秀水镇,,,0,,,admin_unmatched_or_ambiguous
68545,韶关,秀水镇,开封行政村,纱帽岭村,韶关市,秀水镇,,,0,,,admin_unmatched_or_ambiguous
68535,韶关,秀水镇,斯茅坪行政村,大井头村,韶关市,秀水镇,,,0,,,admin_unmatched_or_ambiguous
68537,韶关,秀水镇,斯茅坪行政村,岩下村,韶关市,秀水镇,,,0,,,admin_unmatched_or_ambiguous
68533,韶关,秀水镇,斯茅坪行政村,斯茅坪上村,韶关市,秀水镇,,,0,,,admin_unmatched_or_ambiguous
68534,韶关,秀水镇,斯茅坪行政村,斯茅坪下村,韶关市,秀水镇,,,0,,,admin_unmatched_or_ambiguous
68536,韶关,秀水镇,斯茅坪行政村,鱼塘岭村,韶关市,秀水镇,,,0,,,admin_unmatched_or_ambiguous
68542,韶关,秀水镇,石冲行政村,中坪村,韶关市,秀水镇,,,0,,,admin_unmatched_or_ambiguous
68541,韶关,秀水镇,石冲行政村,和尚田村,韶关市,秀水镇,,,0,,,admin_unmatched_or_ambiguous
68540,韶关,秀水镇,石冲行政村,坳背村,韶关市,秀水镇,,,0,,,admin_unmatched_or_ambiguous
68539,韶关,秀水镇,石冲行政村,斋公田村,韶关市,秀水镇,,,0,,,admin_unmatched_or_ambiguous
68538,韶关,秀水镇,石冲行政村,石冲村,韶关市,秀水镇,,,0,,,admin_unmatched_or_ambiguous
68503,韶关,秀水镇,祖岭行政村,下祖岭村,韶关市,秀水镇,,,0,,,admin_unmatched_or_ambiguous
68504,韶关,秀水镇,祖岭行政村,山门口村,韶关市,秀水镇,,,0,,,admin_unmatched_or_ambiguous
68502,韶关,秀水镇,祖岭行政村,祖岭村,韶关市,秀水镇,,,0,,,admin_unmatched_or_ambiguous
68505,韶关,秀水镇,祖岭行政村,鸡栖窝村,韶关市,秀水镇,,,0,,,admin_unmatched_or_ambiguous
68532,韶关,秀水镇,选家洞行政村,寺背岭文家村,韶关市,秀水镇,,,0,,,admin_unmatched_or_ambiguous
68531,韶关,秀水镇,选家洞行政村,小白蚕村,韶关市,秀水镇,,,0,,,admin_unmatched_or_ambiguous
68526,韶关,秀水镇,选家洞行政村,廖家村,韶关市,秀水镇,,,0,,,admin_unmatched_or_ambiguous
68528,韶关,秀水镇,选家洞行政村,新屋村,韶关市,秀水镇,,,0,,,admin_unmatched_or_ambiguous
68529,韶关,秀水镇,选家洞行政村,棉花洞村,韶关市,秀水镇,,,0,,,admin_unmatched_or_ambiguous
68527,韶关,秀水镇,选家洞行政村,楼下村,韶关市,秀水镇,,,0,,,admin_unmatched_or_ambiguous
68530,韶关,秀水镇,选家洞行政村,白竹山村,韶关市,秀水镇,,,0,,,admin_unmatched_or_ambiguous
68524,韶关,秀水镇,选家洞行政村,选家洞村,韶关市,秀水镇,,,0,,,admin_unmatched_or_ambiguous
68525,韶关,秀水镇,选家洞行政村,龙木树下村,韶关市,秀水镇,,,0,,,admin_unmatched_or_ambiguous
68512,韶关,秀水镇,长塘行政村,下陂村,韶关市,秀水镇,,,0,,,admin_unmatched_or_ambiguous
68507,韶关,秀水镇,长塘行政村,半斤塘村,韶关市,秀水镇,,,0,,,admin_unmatched_or_ambiguous
68510,韶关,秀水镇,长塘行政村,塘头岭村,韶关市,秀水镇,,,0,,,admin_unmatched_or_ambiguous
68509,韶关,秀水镇,长塘行政村,水浸洞村,韶关市,秀水镇,,,0,,,admin_unmatched_or_ambiguous
68508,韶关,秀水镇,长塘行政村,沙栋里村,韶关市,秀水镇,,,0,,,admin_unmatched_or_ambiguous
68506,韶关,秀水镇,长塘行政村,长塘村,韶关市,秀水镇,,,0,,,admin_unmatched_or_ambiguous
68511,韶关,秀水镇,长塘行政村,魏家村,韶关市,秀水镇,,,0,,,admin_unmatched_or_ambiguous
67378,韶关,粤石塘镇,上中坌行政村,伞洞村,韶关市,石塘镇,,,0,,,admin_unmatched_or_ambiguous
67371,韶关,粤石塘镇,上中坌行政村,张屋村,韶关市,石塘镇,,,0,,,admin_unmatched_or_ambiguous
67370,韶关,粤石塘镇,上中坌行政村,曾子坪村,韶关市,石塘镇,,,0,,,admin_unmatched_or_ambiguous
67368,韶关,粤石塘镇,上中坌行政村,朱屋村,韶关市,石塘镇,,,0,,,admin_unmatched_or_ambiguous
67369,韶关,粤石塘镇,上中坌行政村,江叶屋村,韶关市,石塘镇,,,0,,,admin_unmatched_or_ambiguous
67373,韶关,粤石塘镇,上中坌行政村,沙湾村,韶关市,石塘镇,,,0,,,admin_unmatched_or_ambiguous
67377,韶关,粤石塘镇,上中坌行政村,红星村,韶关市,石塘镇,,,0,,,admin_unmatched_or_ambiguous
67376,韶关,粤石塘镇,上中坌行政村,芦头水村,韶关市,石塘镇,,,0,,,admin_unmatched_or_ambiguous
67374,韶关,粤石塘镇,上中坌行政村,青子塘村,韶关市,石塘镇,,,0,,,admin_unmatched_or_ambiguous
67372,韶关,粤石塘镇,上中坌行政村,黄坑村,韶关市,石塘镇,,,0,,,admin_unmatched_or_ambiguous
67375,韶关,粤石塘镇,上中坌行政村,黄岗村,韶关市,石塘镇,,,0,,,admin_unmatched_or_ambiguous
67380,韶关,粤石塘镇,下中坌行政村,何屋村,韶关市,石塘镇,,,0,,,admin_unmatched_or_ambiguous
67383,韶关,粤石塘镇,下中坌行政村,新建队村,韶关市,石塘镇,,,0,,,admin_unmatched_or_ambiguous
67379,韶关,粤石塘镇,下中坌行政村,曾屋村,韶关市,石塘镇,,,0,,,admin_unmatched_or_ambiguous
67382,韶关,粤石塘镇,下中坌行政村,水心坝村,韶关市,石塘镇,,,0,,,admin_unmatched_or_ambiguous
67381,韶关,粤石塘镇,下中坌行政村,邱屋村,韶关市,石塘镇,,,0,,,admin_unmatched_or_ambiguous
67387,韶关,粤石塘镇,光明行政村,大塘村,韶关市,石塘镇,,,0,,,admin_unmatched_or_ambiguous
67388,韶关,粤石塘镇,光明行政村,新枫村,韶关市,石塘镇,,,0,,,admin_unmatched_or_ambiguous
67386,韶关,粤石塘镇,光明行政村,潢泥埂村,韶关市,石塘镇,,,0,,,admin_unmatched_or_ambiguous
67385,韶关,粤石塘镇,光明行政村,马斯坳村,韶关市,石塘镇,,,0,,,admin_unmatched_or_ambiguous
67389,韶关,粤石塘镇,水历行政村,上历林村,韶关市,石塘镇,,,0,,,admin_unmatched_or_ambiguous
67394,韶关,粤石塘镇,水历行政村,上朱屋村,韶关市,石塘镇,,,0,,,admin_unmatched_or_ambiguous
67392,韶关,粤石塘镇,水历行政村,下朱屋村,韶关市,石塘镇,,,0,,,admin_unmatched_or_ambiguous
67393,韶关,粤石塘镇,水历行政村,何屋村,韶关市,石塘镇,,,0,,,admin_unmatched_or_ambiguous
67391,韶关,粤石塘镇,水历行政村,洗屋村,韶关市,石塘镇,,,0,,,admin_unmatched_or_ambiguous
67390,韶关,粤石塘镇,水历行政村,白石塘村,韶关市,石塘镇,,,0,,,admin_unmatched_or_ambiguous
67395,韶关,粤石塘镇,水历行政村,谭屋村,韶关市,石塘镇,,,0,,,admin_unmatched_or_ambiguous
68871,韶关,翁城镇,秀丰行政村,林屋村,韶关市,翁城镇,,,0,,,admin_unmatched_or_ambiguous
68870,韶关,翁城镇,秀丰行政村,王屋村,韶关市,翁城镇,,,0,,,admin_unmatched_or_ambiguous
72880,韶关,西联镇,下胡行政村,下胡村,韶关市,西联镇,,,0,,,admin_unmatched_or_ambiguous
70267,韶关,邓坊镇,里源行政村,小口村,韶关市,邓坊镇,,,0,,,admin_unmatched_or_ambiguous
70265,韶关,邓坊镇,里源行政村,山田村,韶关市,邓坊镇,,,0,,,admin_unmatched_or_ambiguous
70266,韶关,邓坊镇,里源行政村,竹山下村,韶关市,邓坊镇,,,0,,,admin_unmatched_or_ambiguous
70268,韶关,邓坊镇,里源行政村,里源村,韶关市,邓坊镇,,,0,,,admin_unmatched_or_ambiguous
67418,韶关,长江镇,冷饭坑行政村,冷饭坑村,韶关市,长江镇,,,0,,,admin_unmatched_or_ambiguous
67421,韶关,长江镇,冷饭坑行政村,古城洞村,韶关市,长江镇,,,0,,,admin_unmatched_or_ambiguous
67422,韶关,长江镇,冷饭坑行政村,桂洞村,韶关市,长江镇,,,0,,,admin_unmatched_or_ambiguous
67419,韶关,长江镇,冷饭坑行政村,犁壁岭村,韶关市,长江镇,,,0,,,admin_unmatched_or_ambiguous
67417,韶关,长江镇,冷饭坑行政村,蒙洞村,韶关市,长江镇,,,0,,,admin_unmatched_or_ambiguous
67420,韶关,长江镇,冷饭坑行政村,风门坳村,韶关市,长江镇,,,0,,,admin_unmatched_or_ambiguous
67457,韶关,长江镇,凌溪行政村,元丘村,韶关市,长江镇,,,0,,,admin_unmatched_or_ambiguous
67456,韶关,长江镇,凌溪行政村,刘屋村,韶关市,长江镇,,,0,,,admin_unmatched_or_ambiguous
67459,韶关,长江镇,凌溪行政村,合岭村,韶关市,长江镇,,,0,,,admin_unmatched_or_ambiguous
67463,韶关,长江镇,凌溪行政村,实竹湾村,韶关市,长江镇,,,0,,,admin_unmatched_or_ambiguous
67461,韶关,长江镇,凌溪行政村,文章印村,韶关市,长江镇,,,0,,,admin_unmatched_or_ambiguous
67460,韶关,长江镇,凌溪行政村,新屋下村,韶关市,长江镇,,,0,,,admin_unmatched_or_ambiguous
67455,韶关,长江镇,凌溪行政村,曾洞村,韶关市,长江镇,,,0,,,admin_unmatched_or_ambiguous
67462,韶关,长江镇,凌溪行政村,湖洋洞村,韶关市,长江镇,,,0,,,admin_unmatched_or_ambiguous
67458,韶关,长江镇,凌溪行政村,高坪村,韶关市,长江镇,,,0,,,admin_unmatched_or_ambiguous
67400,韶关,长江镇,塘洞行政村,上元坑村,韶关市,长江镇,,,0,,,admin_unmatched_or_ambiguous
67402,韶关,长江镇,塘洞行政村,下元坑村,韶关市,长江镇,,,0,,,admin_unmatched_or_ambiguous
67409,韶关,长江镇,塘洞行政村,下坝石村,韶关市,长江镇,,,0,,,admin_unmatched_or_ambiguous
67399,韶关,长江镇,塘洞行政村,东前掩村,韶关市,长江镇,,,0,,,admin_unmatched_or_ambiguous
67404,韶关,长江镇,塘洞行政村,仙牛塘村,韶关市,长江镇,,,0,,,admin_unmatched_or_ambiguous
67397,韶关,长江镇,塘洞行政村,塘洞村,韶关市,长江镇,,,0,,,admin_unmatched_or_ambiguous
67398,韶关,长江镇,塘洞行政村,大坝村,韶关市,长江镇,,,0,,,admin_unmatched_or_ambiguous
67408,韶关,长江镇,塘洞行政村,新屋村,韶关市,长江镇,,,0,,,admin_unmatched_or_ambiguous
67396,韶关,长江镇,塘洞行政村,泥无村,韶关市,长江镇,,,0,,,admin_unmatched_or_ambiguous
67401,韶关,长江镇,塘洞行政村,白洞村,韶关市,长江镇,,,0,,,admin_unmatched_or_ambiguous
67403,韶关,长江镇,塘洞行政村,老屋村,韶关市,长江镇,,,0,,,admin_unmatched_or_ambiguous
67405,韶关,长江镇,塘洞行政村,老掩场村,韶关市,长江镇,,,0,,,admin_unmatched_or_ambiguous
67407,韶关,长江镇,塘洞行政村,芒樟村,韶关市,长江镇,,,0,,,admin_unmatched_or_ambiguous
67410,韶关,长江镇,塘洞行政村,鱼头埂村,韶关市,长江镇,,,0,,,admin_unmatched_or_ambiguous
67406,韶关,长江镇,塘洞行政村,黄拐印村,韶关市,长江镇,,,0,,,admin_unmatched_or_ambiguous
67533,韶关,长江镇,学堂坳行政村,上学堂坳村,韶关市,长江镇,,,0,,,admin_unmatched_or_ambiguous
67536,韶关,长江镇,学堂坳行政村,下学堂坳村,韶关市,长江镇,,,0,,,admin_unmatched_or_ambiguous
67534,韶关,长江镇,学堂坳行政村,亚吉岭村,韶关市,长江镇,,,0,,,admin_unmatched_or_ambiguous
67537,韶关,长江镇,学堂坳行政村,佛坳村,韶关市,长江镇,,,0,,,admin_unmatched_or_ambiguous
67539,韶关,长江镇,学堂坳行政村,官坪水村,韶关市,长江镇,,,0,,,admin_unmatched_or_ambiguous
67538,韶关,长江镇,学堂坳行政村,河坑村,韶关市,长江镇,,,0,,,admin_unmatched_or_ambiguous
67535,韶关,长江镇,学堂坳行政村,红藤坑村,韶关市,长江镇,,,0,,,admin_unmatched_or_ambiguous
67513,韶关,长江镇,木溪行政村,兰头坑村,韶关市,长江镇,,,0,,,admin_unmatched_or_ambiguous
67514,韶关,长江镇,木溪行政村,周屋水村,韶关市,长江镇,,,0,,,admin_unmatched_or_ambiguous
67516,韶关,长江镇,木溪行政村,枫树下村,韶关市,长江镇,,,0,,,admin_unmatched_or_ambiguous
67518,韶关,长江镇,木溪行政村,白水龙村,韶关市,长江镇,,,0,,,admin_unmatched_or_ambiguous
67517,韶关,长江镇,木溪行政村,老屋场村,韶关市,长江镇,,,0,,,admin_unmatched_or_ambiguous
67515,韶关,长江镇,木溪行政村,老虎板村,韶关市,长江镇,,,0,,,admin_unmatched_or_ambiguous
67474,韶关,长江镇,沙坪行政村,低坪村,韶关市,长江镇,,,0,,,admin_unmatched_or_ambiguous
67471,韶关,长江镇,沙坪行政村,大村,韶关市,长江镇,,,0,,,admin_unmatched_or_ambiguous
67479,韶关,长江镇,沙坪行政村,松湾村,韶关市,长江镇,,,0,,,admin_unmatched_or_ambiguous
67476,韶关,长江镇,沙坪行政村,樟洞村,韶关市,长江镇,,,0,,,admin_unmatched_or_ambiguous
67473,韶关,长江镇,沙坪行政村,沙坪村,韶关市,长江镇,,,0,,,admin_unmatched_or_ambiguous
67470,韶关,长江镇,沙坪行政村,田心村,韶关市,长江镇,,,0,,,admin_unmatched_or_ambiguous
67477,韶关,长江镇,沙坪行政村,畔田湾村,韶关市,长江镇,,,0,,,admin_unmatched_or_ambiguous
67472,韶关,长江镇,沙坪行政村,竹田村,韶关市,长江镇,,,0,,,admin_unmatched_or_ambiguous
67478,韶关,长江镇,沙坪行政村,陈屋村,韶关市,长江镇,,,0,,,admin_unmatched_or_ambiguous
67475,韶关,长江镇,沙坪行政村,黄竹苑村,韶关市,长江镇,,,0,,,admin_unmatched_or_ambiguous
67423,韶关,长江镇,河田行政村,下塘村,韶关市,长江镇,,,0,,,admin_unmatched_or_ambiguous
67433,韶关,长江镇,河田行政村,五石坝村,韶关市,长江镇,,,0,,,admin_unmatched_or_ambiguous
67424,韶关,长江镇,河田行政村,功富村,韶关市,长江镇,,,0,,,admin_unmatched_or_ambiguous
67434,韶关,长江镇,河田行政村,平行村,韶关市,长江镇,,,0,,,admin_unmatched_or_ambiguous
67431,韶关,长江镇,河田行政村,攀洞脑村,韶关市,长江镇,,,0,,,admin_unmatched_or_ambiguous
67427,韶关,长江镇,河田行政村,江上村,韶关市,长江镇,,,0,,,admin_unmatched_or_ambiguous
67428,韶关,长江镇,河田行政村,河坝村,韶关市,长江镇,,,0,,,admin_unmatched_or_ambiguous
67430,韶关,长江镇,河田行政村,白沙坡村,韶关市,长江镇,,,0,,,admin_unmatched_or_ambiguous
67425,韶关,长江镇,河田行政村,白石湾村,韶关市,长江镇,,,0,,,admin_unmatched_or_ambiguous
67429,韶关,长江镇,河田行政村,石埂村,韶关市,长江镇,,,0,,,admin_unmatched_or_ambiguous
67426,韶关,长江镇,河田行政村,竹山下村,韶关市,长江镇,,,0,,,admin_unmatched_or_ambiguous
67432,韶关,长江镇,河田行政村,黄古端村,韶关市,长江镇,,,0,,,admin_unmatched_or_ambiguous
67453,韶关,长江镇,油洞行政村,九龙岩村,韶关市,长江镇,,,0,,,admin_unmatched_or_ambiguous
67454,韶关,长江镇,油洞行政村,朱洞村,韶关市,长江镇,,,0,,,admin_unmatched_or_ambiguous
67450,韶关,长江镇,油洞行政村,油洞村,韶关市,长江镇,,,0,,,admin_unmatched_or_ambiguous
67446,韶关,长江镇,油洞行政村,石印村,韶关市,长江镇,,,0,,,admin_unmatched_or_ambiguous
67447,韶关,长江镇,油洞行政村,罗屋村,韶关市,长江镇,,,0,,,admin_unmatched_or_ambiguous
67448,韶关,长江镇,油洞行政村,邓屋村,韶关市,长江镇,,,0,,,admin_unmatched_or_ambiguous
67449,韶关,长江镇,油洞行政村,马古丘村,韶关市,长江镇,,,0,,,admin_unmatched_or_ambiguous
67451,韶关,长江镇,油洞行政村,驼背岭村,韶关市,长江镇,,,0,,,admin_unmatched_or_ambiguous
67452,韶关,长江镇,油洞行政村,黄沙塘村,韶关市,长江镇,,,0,,,admin_unmatched_or_ambiguous
67438,韶关,长江镇,浒松行政村,上腊树下村,韶关市,长江镇,,,0,,,admin_unmatched_or_ambiguous
67439,韶关,长江镇,浒松行政村,下腊树下村,韶关市,长江镇,,,0,,,admin_unmatched_or_ambiguous
67437,韶关,长江镇,浒松行政村,五斗种村,韶关市,长江镇,,,0,,,admin_unmatched_or_ambiguous
67442,韶关,长江镇,浒松行政村,曹里村,韶关市,长江镇,,,0,,,admin_unmatched_or_ambiguous
67440,韶关,长江镇,浒松行政村,梅仔排村,韶关市,长江镇,,,0,,,admin_unmatched_or_ambiguous
67445,韶关,长江镇,浒松行政村,水岭头村,韶关市,长江镇,,,0,,,admin_unmatched_or_ambiguous
67436,韶关,长江镇,浒松行政村,石角背村,韶关市,长江镇,,,0,,,admin_unmatched_or_ambiguous
67435,韶关,长江镇,浒松行政村,禾莲坑村,韶关市,长江镇,,,0,,,admin_unmatched_or_ambiguous
67443,韶关,长江镇,浒松行政村,苦竹坝村,韶关市,长江镇,,,0,,,admin_unmatched_or_ambiguous
67441,韶关,长江镇,浒松行政村,陈屋村,韶关市,长江镇,,,0,,,admin_unmatched_or_ambiguous
67444,韶关,长江镇,浒松行政村,黄土坑村,韶关市,长江镇,,,0,,,admin_unmatched_or_ambiguous
67482,韶关,长江镇,石印行政村,上八连村,韶关市,长江镇,,,0,,,admin_unmatched_or_ambiguous
67484,韶关,长江镇,石印行政村,上高印村,韶关市,长江镇,,,0,,,admin_unmatched_or_ambiguous
67490,韶关,长江镇,石印行政村,下高印村,韶关市,长江镇,,,0,,,admin_unmatched_or_ambiguous
67481,韶关,长江镇,石印行政村,坳下村,韶关市,长江镇,,,0,,,admin_unmatched_or_ambiguous
67492,韶关,长江镇,石印行政村,大块村,韶关市,长江镇,,,0,,,admin_unmatched_or_ambiguous
67489,韶关,长江镇,石印行政村,大水坝村,韶关市,长江镇,,,0,,,admin_unmatched_or_ambiguous
67483,韶关,长江镇,石印行政村,大石背村,韶关市,长江镇,,,0,,,admin_unmatched_or_ambiguous
67480,韶关,长江镇,石印行政村,小高山村,韶关市,长江镇,,,0,,,admin_unmatched_or_ambiguous
67491,韶关,长江镇,石印行政村,新屋村,韶关市,长江镇,,,0,,,admin_unmatched_or_ambiguous
67485,韶关,长江镇,石印行政村,炉竹湾村,韶关市,长江镇,,,0,,,admin_unmatched_or_ambiguous
67486,韶关,长江镇,石印行政村,界脑村,韶关市,长江镇,,,0,,,admin_unmatched_or_ambiguous
67487,韶关,长江镇,石印行政村,高山村,韶关市,长江镇,,,0,,,admin_unmatched_or_ambiguous
67488,韶关,长江镇,石印行政村,龙印埂村,韶关市,长江镇,,,0,,,admin_unmatched_or_ambiguous
67465,韶关,长江镇,芭蕉垅行政村,上甘洞村,韶关市,长江镇,,,0,,,admin_unmatched_or_ambiguous
67464,韶关,长江镇,芭蕉垅行政村,上芭蕉珑村,韶关市,长江镇,,,0,,,admin_unmatched_or_ambiguous
67467,韶关,长江镇,芭蕉垅行政村,下芭蕉珑村,韶关市,长江镇,,,0,,,admin_unmatched_or_ambiguous
67469,韶关,长江镇,芭蕉垅行政村,大湾村,韶关市,长江镇,,,0,,,admin_unmatched_or_ambiguous
67466,韶关,长江镇,芭蕉垅行政村,畔田珑村,韶关市,长江镇,,,0,,,admin_unmatched_or_ambiguous
67468,韶关,长江镇,芭蕉垅行政村,荷树湾村,韶关市,长江镇,,,0,,,admin_unmatched_or_ambiguous
67413,韶关,长江镇,莲河行政村,河口村,韶关市,长江镇,,,0,,,admin_unmatched_or_ambiguous
67412,韶关,长江镇,莲河行政村,牛坳村,韶关市,长江镇,,,0,,,admin_unmatched_or_ambiguous
67414,韶关,长江镇,莲河行政村,良头村,韶关市,长江镇,,,0,,,admin_unmatched_or_ambiguous
67411,韶关,长江镇,莲河行政村,莲塘村,韶关市,长江镇,,,0,,,admin_unmatched_or_ambiguous
67416,韶关,长江镇,莲河行政村,邓屋村,韶关市,长江镇,,,0,,,admin_unmatched_or_ambiguous
67415,韶关,长江镇,莲河行政村,黄竹寨村,韶关市,长江镇,,,0,,,admin_unmatched_or_ambiguous
67506,韶关,长江镇,里周行政村,书楼丘村,韶关市,长江镇,,,0,,,admin_unmatched_or_ambiguous
67510,韶关,长江镇,里周行政村,企石湾村,韶关市,长江镇,,,0,,,admin_unmatched_or_ambiguous
67507,韶关,长江镇,里周行政村,佛坳村,韶关市,长江镇,,,0,,,admin_unmatched_or_ambiguous
67505,韶关,长江镇,里周行政村,大屋场村,韶关市,长江镇,,,0,,,admin_unmatched_or_ambiguous
67508,韶关,长江镇,里周行政村,寨脚下村,韶关市,长江镇,,,0,,,admin_unmatched_or_ambiguous
67509,韶关,长江镇,里周行政村,店前村,韶关市,长江镇,,,0,,,admin_unmatched_or_ambiguous
67512,韶关,长江镇,里周行政村,杨梅坝村,韶关市,长江镇,,,0,,,admin_unmatched_or_ambiguous
67511,韶关,长江镇,里周行政村,黄肚寨村,韶关市,长江镇,,,0,,,admin_unmatched_or_ambiguous
67523,韶关,长江镇,陈欧行政村,上新屋村,韶关市,长江镇,,,0,,,admin_unmatched_or_ambiguous
67529,韶关,长江镇,陈欧行政村,下新屋村,韶关市,长江镇,,,0,,,admin_unmatched_or_ambiguous
67525,韶关,长江镇,陈欧行政村,内洞村,韶关市,长江镇,,,0,,,admin_unmatched_or_ambiguous
67532,韶关,长江镇,陈欧行政村,吊中山村,韶关市,长江镇,,,0,,,admin_unmatched_or_ambiguous
67524,韶关,长江镇,陈欧行政村,坞堤珑村,韶关市,长江镇,,,0,,,admin_unmatched_or_ambiguous
67522,韶关,长江镇,陈欧行政村,早木印村,韶关市,长江镇,,,0,,,admin_unmatched_or_ambiguous
67520,韶关,长江镇,陈欧行政村,横坑村,韶关市,长江镇,,,0,,,admin_unmatched_or_ambiguous
67519,韶关,长江镇,陈欧行政村,欧奢村,韶关市,长江镇,,,0,,,admin_unmatched_or_ambiguous
67528,韶关,长江镇,陈欧行政村,河背村,韶关市,长江镇,,,0,,,admin_unmatched_or_ambiguous
67530,韶关,长江镇,陈欧行政村,甘溪岭村,韶关市,长江镇,,,0,,,admin_unmatched_or_ambiguous
67531,韶关,长江镇,陈欧行政村,老屋场村,韶关市,长江镇,,,0,,,admin_unmatched_or_ambiguous
67526,韶关,长江镇,陈欧行政村,营下村,韶关市,长江镇,,,0,,,admin_unmatched_or_ambiguous
67527,韶关,长江镇,陈欧行政村,虎草珑村,韶关市,长江镇,,,0,,,admin_unmatched_or_ambiguous
67521,韶关,长江镇,陈欧行政村,蛇头印村,韶关市,长江镇,,,0,,,admin_unmatched_or_ambiguous
67497,韶关,长江镇,高洞行政村,上山村,韶关市,长江镇,,,0,,,admin_unmatched_or_ambiguous
67504,韶关,长江镇,高洞行政村,推龙石村,韶关市,长江镇,,,0,,,admin_unmatched_or_ambiguous
67498,韶关,长江镇,高洞行政村,木寮下村,韶关市,长江镇,,,0,,,admin_unmatched_or_ambiguous
67500,韶关,长江镇,高洞行政村,海螺印村,韶关市,长江镇,,,0,,,admin_unmatched_or_ambiguous
67499,韶关,长江镇,高洞行政村,漂里村,韶关市,长江镇,,,0,,,admin_unmatched_or_ambiguous
67496,韶关,长江镇,高洞行政村,石岩洞村,韶关市,长江镇,,,0,,,admin_unmatched_or_ambiguous
67495,韶关,长江镇,高洞行政村,老古坡村,韶关市,长江镇,,,0,,,admin_unmatched_or_ambiguous
67503,韶关,长江镇,高洞行政村,老埼村,韶关市,长江镇,,,0,,,admin_unmatched_or_ambiguous
67493,韶关,长江镇,高洞行政村,茶山排村,韶关市,长江镇,,,0,,,admin_unmatched_or_ambiguous
67494,韶关,长江镇,高洞行政村,高洞村,韶关市,长江镇,,,0,,,admin_unmatched_or_ambiguous
67501,韶关,长江镇,高洞行政村,麦洞村,韶关市,长江镇,,,0,,,admin_unmatched_or_ambiguous
67502,韶关,长江镇,高洞行政村,黄连洞村,韶关市,长江镇,,,0,,,admin_unmatched_or_ambiguous
67613,韶关,闻韶镇,下徐行政村,下徐村,韶关市,闻韶镇,,,0,,,admin_unmatched_or_ambiguous
67616,韶关,闻韶镇,下徐行政村,大岭埂村,韶关市,闻韶镇,,,0,,,admin_unmatched_or_ambiguous
67619,韶关,闻韶镇,下徐行政村,大岭头村,韶关市,闻韶镇,,,0,,,admin_unmatched_or_ambiguous
67618,韶关,闻韶镇,下徐行政村,廖屋村,韶关市,闻韶镇,,,0,,,admin_unmatched_or_ambiguous
67614,韶关,闻韶镇,下徐行政村,芸坑村,韶关市,闻韶镇,,,0,,,admin_unmatched_or_ambiguous
67617,韶关,闻韶镇,下徐行政村,金竹园村,韶关市,闻韶镇,,,0,,,admin_unmatched_or_ambiguous
67615,韶关,闻韶镇,下徐行政村,高印村,韶关市,闻韶镇,,,0,,,admin_unmatched_or_ambiguous
67609,韶关,闻韶镇,华塘行政村,串坪村,韶关市,闻韶镇,,,0,,,admin_unmatched_or_ambiguous
67606,韶关,闻韶镇,华塘行政村,华坑村,韶关市,闻韶镇,,,0,,,admin_unmatched_or_ambiguous
67608,韶关,闻韶镇,华塘行政村,塔坑村,韶关市,闻韶镇,,,0,,,admin_unmatched_or_ambiguous
67607,韶关,闻韶镇,华塘行政村,塘坑村,韶关市,闻韶镇,,,0,,,admin_unmatched_or_ambiguous
67612,韶关,闻韶镇,华塘行政村,山节村,韶关市,闻韶镇,,,0,,,admin_unmatched_or_ambiguous
67610,韶关,闻韶镇,华塘行政村,暖水村,韶关市,闻韶镇,,,0,,,admin_unmatched_or_ambiguous
67611,韶关,闻韶镇,华塘行政村,沙坪村,韶关市,闻韶镇,,,0,,,admin_unmatched_or_ambiguous
67605,韶关,闻韶镇,塘源行政村,上等村,韶关市,闻韶镇,,,0,,,admin_unmatched_or_ambiguous
67601,韶关,闻韶镇,塘源行政村,塘源村,韶关市,闻韶镇,,,0,,,admin_unmatched_or_ambiguous
67604,韶关,闻韶镇,塘源行政村,漂塘村,韶关市,闻韶镇,,,0,,,admin_unmatched_or_ambiguous
67603,韶关,闻韶镇,塘源行政村,路头村,韶关市,闻韶镇,,,0,,,admin_unmatched_or_ambiguous
67602,韶关,闻韶镇,塘源行政村,马屋寨村,韶关市,闻韶镇,,,0,,,admin_unmatched_or_ambiguous
67622,韶关,闻韶镇,白竹行政村,加等村,韶关市,闻韶镇,,,0,,,admin_unmatched_or_ambiguous
67621,韶关,闻韶镇,白竹行政村,横坌村,韶关市,闻韶镇,,,0,,,admin_unmatched_or_ambiguous
67620,韶关,闻韶镇,白竹行政村,白竹村,韶关市,闻韶镇,,,0,,,admin_unmatched_or_ambiguous
67623,韶关,闻韶镇,白竹行政村,老墟坝村,韶关市,闻韶镇,,,0,,,admin_unmatched_or_ambiguous
67702,韶关,雪红山镇,中山行政村,丘屋村,韶关市,红山镇,,,0,,,admin_unmatched_or_ambiguous
67697,韶关,雪红山镇,中山行政村,大坪子村,韶关市,红山镇,,,0,,,admin_unmatched_or_ambiguous
67703,韶关,雪红山镇,中山行政村,杨家村,韶关市,红山镇,,,0,,,admin_unmatched_or_ambiguous
67701,韶关,雪红山镇,中山行政村,杨家老村,韶关市,红山镇,,,0,,,admin_unmatched_or_ambiguous
67699,韶关,雪红山镇,中山行政村,梁屋村,韶关市,红山镇,,,0,,,admin_unmatched_or_ambiguous
67698,韶关,雪红山镇,中山行政村,王家村,韶关市,红山镇,,,0,,,admin_unmatched_or_ambiguous
67696,韶关,雪红山镇,中山行政村,珠塘角村,韶关市,红山镇,,,0,,,admin_unmatched_or_ambiguous
67704,韶关,雪红山镇,中山行政村,老屋子村,韶关市,红山镇,,,0,,,admin_unmatched_or_ambiguous
67700,韶关,雪红山镇,中山行政村,连屋村,韶关市,红山镇,,,0,,,admin_unmatched_or_ambiguous
67691,韶关,雪红山镇,前洞行政村,下洞子村,韶关市,红山镇,,,0,,,admin_unmatched_or_ambiguous
67695,韶关,雪红山镇,前洞行政村,南湾村,韶关市,红山镇,,,0,,,admin_unmatched_or_ambiguous
67693,韶关,雪红山镇,前洞行政村,叶屋村,韶关市,红山镇,,,0,,,admin_unmatched_or_ambiguous
67694,韶关,雪红山镇,前洞行政村,张家村,韶关市,红山镇,,,0,,,admin_unmatched_or_ambiguous
67689,韶关,雪红山镇,前洞行政村,张屋村,韶关市,红山镇,,,0,,,admin_unmatched_or_ambiguous
67688,韶关,雪红山镇,前洞行政村,排子村,韶关市,红山镇,,,0,,,admin_unmatched_or_ambiguous
67692,韶关,雪红山镇,前洞行政村,背夫坑村,韶关市,红山镇,,,0,,,admin_unmatched_or_ambiguous
67690,韶关,雪红山镇,前洞行政村,谭家村,韶关市,红山镇,,,0,,,admin_unmatched_or_ambiguous
67687,韶关,雪红山镇,前洞行政村,郑屋村,韶关市,红山镇,,,0,,,admin_unmatched_or_ambiguous
67679,韶关,雪红山镇,新山行政村,伍渡村,韶关市,红山镇,,,0,,,admin_unmatched_or_ambiguous
67678,韶关,雪红山镇,新山行政村,小典村,韶关市,红山镇,,,0,,,admin_unmatched_or_ambiguous
67683,韶关,雪红山镇,新山行政村,岩坪村,韶关市,红山镇,,,0,,,admin_unmatched_or_ambiguous
67684,韶关,雪红山镇,新山行政村,张屋村,韶关市,红山镇,,,0,,,admin_unmatched_or_ambiguous
67677,韶关,雪红山镇,新山行政村,月王村,韶关市,红山镇,,,0,,,admin_unmatched_or_ambiguous
67681,韶关,雪红山镇,新山行政村,沅鱼坑村,韶关市,红山镇,,,0,,,admin_unmatched_or_ambiguous
67682,韶关,雪红山镇,新山行政村,老虎梗村,韶关市,红山镇,,,0,,,admin_unmatched_or_ambiguous
67680,韶关,雪红山镇,新山行政村,荷树下村,韶关市,红山镇,,,0,,,admin_unmatched_or_ambiguous
67685,韶关,雪红山镇,新山行政村,谭屋村,韶关市,红山镇,,,0,,,admin_unmatched_or_ambiguous
67686,韶关,雪红山镇,新山行政村,黄竹坪村,韶关市,红山镇,,,0,,,admin_unmatched_or_ambiguous
67707,韶关,雪红山镇,新白行政村,塘窝村,韶关市,红山镇,,,0,,,admin_unmatched_or_ambiguous
67706,韶关,雪红山镇,新白行政村,新洞村,韶关市,红山镇,,,0,,,admin_unmatched_or_ambiguous
67705,韶关,雪红山镇,新白行政村,新田村,韶关市,红山镇,,,0,,,admin_unmatched_or_ambiguous
67708,韶关,雪红山镇,新白行政村,构麻坻村,韶关市,红山镇,,,0,,,admin_unmatched_or_ambiguous
67709,韶关,雪红山镇,新白行政村,河背村,韶关市,红山镇,,,0,,,admin_unmatched_or_ambiguous
67710,韶关,雪红山镇,新白行政村,田心村,韶关市,红山镇,,,0,,,admin_unmatched_or_ambiguous
67711,韶关,雪红山镇,新白行政村,老屋村,韶关市,红山镇,,,0,,,admin_unmatched_or_ambiguous
67669,韶关,雪红山镇,烟竹行政村,上西坑村,韶关市,红山镇,,,0,,,admin_unmatched_or_ambiguous
67664,韶关,雪红山镇,烟竹行政村,张森凌（一），老党员老支书，被称为开荒牛，张森凌争取了国家政策支持，为烟竹这个偏远的山区村庄，开通了一条既连接乡镇又连接县城的主要道路，由于交通便利，为烟竹带来了明显的经济效益和社会效益，后又在年月，在没有上级任何资金补助的情况下，张森凌和张兰富（当时的大队长），自筹资金在沙洲坝（现今大村村委会地址）兴建烟竹村办公楼，当年月底建立了大村,韶关市,红山镇,,,0,,,admin_unmatched_or_ambiguous
67667,韶关,雪红山镇,烟竹行政村,新屋子村,韶关市,红山镇,,,0,,,admin_unmatched_or_ambiguous
67665,韶关,雪红山镇,烟竹行政村,新屋村,韶关市,红山镇,,,0,,,admin_unmatched_or_ambiguous
67666,韶关,雪红山镇,烟竹行政村,秧坎湖村,韶关市,红山镇,,,0,,,admin_unmatched_or_ambiguous
67663,韶关,雪红山镇,烟竹行政村,良屋村,韶关市,红山镇,,,0,,,admin_unmatched_or_ambiguous
67670,韶关,雪红山镇,烟竹行政村,茅坪扶村,韶关市,红山镇,,,0,,,admin_unmatched_or_ambiguous
67668,韶关,雪红山镇,烟竹行政村,黄岭村,韶关市,红山镇,,,0,,,admin_unmatched_or_ambiguous
67723,韶关,雪红山镇,青迳行政村,仁坪村,韶关市,红山镇,,,0,,,admin_unmatched_or_ambiguous
67719,韶关,雪红山镇,青迳行政村,元墩下村,韶关市,红山镇,,,0,,,admin_unmatched_or_ambiguous
67715,韶关,雪红山镇,青迳行政村,塘下村,韶关市,红山镇,,,0,,,admin_unmatched_or_ambiguous
67714,韶关,雪红山镇,青迳行政村,大水村,韶关市,红山镇,,,0,,,admin_unmatched_or_ambiguous
67725,韶关,雪红山镇,青迳行政村,寨下村,韶关市,红山镇,,,0,,,admin_unmatched_or_ambiguous
67720,韶关,雪红山镇,青迳行政村,屋场埂村,韶关市,红山镇,,,0,,,admin_unmatched_or_ambiguous
67713,韶关,雪红山镇,青迳行政村,新坪村,韶关市,红山镇,,,0,,,admin_unmatched_or_ambiguous
67716,韶关,雪红山镇,青迳行政村,新屋村,韶关市,红山镇,,,0,,,admin_unmatched_or_ambiguous
67724,韶关,雪红山镇,青迳行政村,新联村,韶关市,红山镇,,,0,,,admin_unmatched_or_ambiguous
67712,韶关,雪红山镇,青迳行政村,暗迳村,韶关市,红山镇,,,0,,,admin_unmatched_or_ambiguous
67717,韶关,雪红山镇,青迳行政村,梧桐窝村,韶关市,红山镇,,,0,,,admin_unmatched_or_ambiguous
67721,韶关,雪红山镇,青迳行政村,石洞雪村,韶关市,红山镇,,,0,,,admin_unmatched_or_ambiguous
67722,韶关,雪红山镇,青迳行政村,茶仁头村,韶关市,红山镇,,,0,,,admin_unmatched_or_ambiguous
67718,韶关,雪红山镇,青迳行政村,黄泥洞村,韶关市,红山镇,,,0,,,admin_unmatched_or_ambiguous
67672,韶关,雪红山镇,鱼皇行政村,上围坑村,韶关市,红山镇,,,0,,,admin_unmatched_or_ambiguous
67676,韶关,雪红山镇,鱼皇行政村,东坑村,韶关市,红山镇,,,0,,,admin_unmatched_or_ambiguous
67675,韶关,雪红山镇,鱼皇行政村,姜坑村,韶关市,红山镇,,,0,,,admin_unmatched_or_ambiguous
67674,韶关,雪红山镇,鱼皇行政村,田螺塘村,韶关市,红山镇,,,0,,,admin_unmatched_or_ambiguous
67671,韶关,雪红山镇,鱼皇行政村,西水村,韶关市,红山镇,,,0,,,admin_unmatched_or_ambiguous
67673,韶关,雪红山镇,鱼皇行政村,高坪村,韶关市,红山镇,,,0,,,admin_unmatched_or_ambiguous
72849,韶关,雪西河镇,什石园行政村,下坝村,韶关市,西河镇,,,0,,,admin_unmatched_or_ambiguous
72848,韶关,雪西河镇,什石园行政村,什石园新村,韶关市,西河镇,,,0,,,admin_unmatched_or_ambiguous
72847,韶关,雪西河镇,什石园行政村,什石园村,韶关市,西河镇,,,0,,,admin_unmatched_or_ambiguous
72840,韶关,雪西河镇,前进行政村,天鹅坪村,韶关市,西河镇,,,0,,,admin_unmatched_or_ambiguous
72841,韶关,雪西河镇,前进行政村,头茶亭村,韶关市,西河镇,,,0,,,admin_unmatched_or_ambiguous
72842,韶关,雪西河镇,前进行政村,杨屋村,韶关市,西河镇,,,0,,,admin_unmatched_or_ambiguous
72838,韶关,雪西河镇,前进行政村,津头岭村,韶关市,西河镇,,,0,,,admin_unmatched_or_ambiguous
72839,韶关,雪西河镇,前进行政村,蓝屋村,韶关市,西河镇,,,0,,,admin_unmatched_or_ambiguous
72843,韶关,雪西河镇,前进行政村,邹屋村,韶关市,西河镇,,,0,,,admin_unmatched_or_ambiguous
72837,韶关,雪西河镇,前进行政村,黄屋村,韶关市,西河镇,,,0,,,admin_unmatched_or_ambiguous
72826,韶关,雪西河镇,大村行政村,大村上村,韶关市,西河镇,,,0,,,admin_unmatched_or_ambiguous
72827,韶关,雪西河镇,大村行政村,张屋岭村,韶关市,西河镇,,,0,,,admin_unmatched_or_ambiguous
72824,韶关,雪西河镇,朝阳行政村,上窑村,韶关市,西河镇,,,0,,,admin_unmatched_or_ambiguous
72823,韶关,雪西河镇,朝阳行政村,黄田坝村,韶关市,西河镇,,,0,,,admin_unmatched_or_ambiguous
72825,韶关,雪西河镇,村头行政村,村头村,韶关市,西河镇,,,0,,,admin_unmatched_or_ambiguous
72828,韶关,雪西河镇,红星行政村,坝厂村,韶关市,西河镇,,,0,,,admin_unmatched_or_ambiguous
72829,韶关,雪西河镇,红星行政村,果园村,韶关市,西河镇,,,0,,,admin_unmatched_or_ambiguous
72830,韶关,雪西河镇,红星行政村,西岸村,韶关市,西河镇,,,0,,,admin_unmatched_or_ambiguous
72411,韶关,马市社区,堂阁行政村,上排村,韶关市,马市镇,,,0,,,admin_unmatched_or_ambiguous
72415,韶关,马市社区,堂阁行政村,下排村,韶关市,马市镇,,,0,,,admin_unmatched_or_ambiguous
72414,韶关,马市社区,堂阁行政村,堂阁新村,韶关市,马市镇,,,0,,,admin_unmatched_or_ambiguous
72413,韶关,马市社区,堂阁行政村,塘背村,韶关市,马市镇,,,0,,,admin_unmatched_or_ambiguous
72416,韶关,马市社区,堂阁行政村,巷口村,韶关市,马市镇,,,0,,,admin_unmatched_or_ambiguous
72412,韶关,马市社区,堂阁行政村,松山背村,韶关市,马市镇,,,0,,,admin_unmatched_or_ambiguous
72418,韶关,马市社区,堂阁行政村,渍江山村,韶关市,马市镇,,,0,,,admin_unmatched_or_ambiguous
72408,韶关,马市社区,堂阁行政村,禾场岭村,韶关市,马市镇,,,0,,,admin_unmatched_or_ambiguous
72409,韶关,马市社区,堂阁行政村,老围村,韶关市,马市镇,,,0,,,admin_unmatched_or_ambiguous
72410,韶关,马市社区,堂阁行政村,老屋家村,韶关市,马市镇,,,0,,,admin_unmatched_or_ambiguous
72417,韶关,马市社区,堂阁行政村,营宝前村,韶关市,马市镇,,,0,,,admin_unmatched_or_ambiguous
72407,韶关,马市社区,堂阁行政村,观音坻村,韶关市,马市镇,,,0,,,admin_unmatched_or_ambiguous
72405,韶关,马市社区,堂阁行政村,长坑村,韶关市,马市镇,,,0,,,admin_unmatched_or_ambiguous
72406,韶关,马市社区,堂阁行政村,高排新村,韶关市,马市镇,,,0,,,admin_unmatched_or_ambiguous
