dialect_raw,raw_count,matched_rowid_count,suggestion_type,suggested_final_write_value,suggested_final_count,family_mix,subgroup_mix,clean_confidence_mix,candidate_final_values
客家方言,21906,15424,stable_single_mapping,客家,21906,客家::21906,,high::21906,客家::21906
粤方言,14751,10827,stable_single_mapping,粤,14751,粤::14751,,high::14751,粤::14751
粤方言四邑话,2103,1810,stable_single_mapping,粤·四邑话,2103,粤::2103,四邑话::2103,high::2103,粤·四邑话::2103
雷州话,2013,1554,stable_single_mapping,闽·雷州话,2013,闽::2013,雷州话::2013,high::2013,闽·雷州话::2013
粤方言台山话,1612,1371,stable_single_mapping,粤·台山话,1612,粤::1612,台山话::1612,high::1612,粤·台山话::1612
粤方言阳春白话,1580,1091,stable_single_mapping,粤·阳春白话,1580,粤::1580,阳春白话::1580,high::1580,粤·阳春白话::1580
闽方言,1558,1174,stable_single_mapping,闽,1558,闽::1558,,high::1558,闽::1558
粤方言（广府民系）,1452,1108,stable_single_mapping,粤,1452,粤::1452,,medium::1452,粤::1452
粤方言恩平话,1177,1030,stable_single_mapping,粤·恩平话,1177,粤::1177,恩平话::1177,high::1177,粤·恩平话::1177
粤方言吴川话,1123,729,stable_single_mapping,粤·吴川话,1123,粤::1123,吴川话::1123,high::1123,粤·吴川话::1123
粤方言广宁话,1099,796,stable_single_mapping,粤·广宁话,1099,粤::1099,广宁话::1099,high::1099,粤·广宁话::1099
粤方言清远白话,945,689,stable_single_mapping,粤·清远白话,945,粤::945,清远白话::945,high::945,粤·清远白话::945
粤方言化州白话,769,530,stable_single_mapping,粤·化州白话,769,粤::769,化州白话::769,high::769,粤·化州白话::769
粤方言德庆话,696,604,stable_single_mapping,粤·德庆话,696,粤::696,德庆话::696,high::696,粤·德庆话::696
闽方言电白黎话,683,602,stable_single_mapping,闽·电白黎话,683,闽::683,电白黎话::683,high::683,闽·电白黎话::683
使用客家方言,566,435,stable_single_mapping,客家,566,客家::566,,medium::566,客家::566
粤语开建话,511,390,stable_single_mapping,粤·开建话,511,粤::511,开建话::511,high::511,粤·开建话::511
客家方言始兴话,508,394,stable_single_mapping,客家·始兴话,508,客家::508,始兴话::508,high::508,客家·始兴话::508
台山话,473,410,stable_single_mapping,粤·台山话,473,粤::473,台山话::473,high::473,粤·台山话::473
闽南方言潮州话,471,357,stable_single_mapping,闽·潮汕话,471,闽::471,潮汕话::471,high::471,闽·潮汕话::471
粤方言封川话,443,346,stable_single_mapping,粤·封川话,443,粤::443,封川话::443,high::443,粤·封川话::443
闽方言潮汕话,443,327,stable_single_mapping,闽·潮汕话,443,闽::443,潮汕话::443,high::443,闽·潮汕话::443
粤方言高州话,429,251,stable_single_mapping,粤·高州话,429,粤::429,高州话::429,high::429,粤·高州话::429
粤方言沙田话,400,260,stable_single_mapping,粤·沙田话,400,粤::400,沙田话::400,high::400,粤·沙田话::400
通用台山话,398,340,stable_single_mapping,粤·台山话,398,粤::398,台山话::398,medium::398,粤·台山话::398
粤方言怀集下坊话,382,257,stable_single_mapping,粤·怀集下坊话,382,粤::382,怀集下坊话::382,high::382,粤·怀集下坊话::382
通用雷州话,375,283,stable_single_mapping,闽·雷州话,375,闽::375,雷州话::375,medium::375,闽·雷州话::375
通用粤方言,349,238,stable_single_mapping,粤,349,粤::349,,medium::349,粤::349
粤方言高阳片阳江话,328,228,stable_single_mapping,粤·阳江话,328,粤::328,阳江话::328,high::328,粤·阳江话::328
粤方言怀集上坊话,303,223,stable_single_mapping,粤·怀集上坊话,303,粤::303,怀集上坊话::303,high::303,粤·怀集上坊话::303
客家方言阳春倔话,302,261,stable_single_mapping,客家·阳春涯话,302,客家::302,阳春涯话::302,high::302,客家·阳春涯话::302
粤语封川话,284,192,stable_single_mapping,粤·封川话,284,粤::284,封川话::284,high::284,粤·封川话::284
粤方言蛇声,279,187,stable_single_mapping,粤·蛇声,279,粤::279,蛇声::279,medium::279,粤·蛇声::279
客家话,273,211,stable_single_mapping,客家,273,客家::273,,high::273,客家::273
客家方言涯话,272,210,stable_single_mapping,客家·涯话,272,客家::272,涯话::272,high::272,客家·涯话::272
电白海话,264,235,stable_single_mapping,闽·电白海话,264,闽::264,电白海话::264,high::264,闽·电白海话::264
潮州话,258,195,stable_single_mapping,闽·潮汕话,258,闽::258,潮汕话::258,high::258,闽·潮汕话::258
粤方言阳江话,258,205,stable_single_mapping,粤·阳江话,258,粤::258,阳江话::258,high::258,粤·阳江话::258
通用客家方言,258,202,stable_single_mapping,客家,258,客家::258,,medium::258,客家::258
闽方言电白海话,257,233,stable_single_mapping,闽·电白海话,257,闽::257,电白海话::257,high::257,闽·电白海话::257
客家方言和粤方言,241,171,stable_single_mapping,粤、客家,241,混合::241,,medium::241,粤、客家::241
粤语怀集下坊话,239,166,stable_single_mapping,粤·怀集下坊话,239,粤::239,怀集下坊话::239,high::239,粤·怀集下坊话::239
粤方言化州话,238,165,stable_single_mapping,粤·化州话,238,粤::238,化州话::238,high::238,粤·化州话::238
粤方言高要话,221,162,stable_single_mapping,粤·高要话,221,粤::221,高要话::221,high::221,粤·高要话::221
星子话,215,176,stable_single_mapping,粤·星子话,215,粤::215,星子话::215,high::215,粤·星子话::215
吴川话,210,119,stable_single_mapping,粤·吴川话,210,粤::210,吴川话::210,high::210,粤·吴川话::210
闽方言雷州话,204,109,stable_single_mapping,闽·雷州话,204,闽::204,雷州话::204,high::204,闽·雷州话::204
闽南方言饶平潮州话,201,156,stable_single_mapping,闽·潮汕话,201,闽::201,潮汕话::201,high::201,闽·潮汕话::201
客家方言倔话,200,184,stable_single_mapping,客家,200,客家::200,,high::200,客家::200
粤方言鼎湖话,190,115,stable_single_mapping,粤·鼎湖话,190,粤::190,鼎湖话::190,high::190,粤·鼎湖话::190
客家方言仁化董塘话,188,4,stable_single_mapping,客家·仁化董塘话,188,客家::188,仁化董塘话::188,high::188,客家·仁化董塘话::188
粤方言古话,187,138,stable_single_mapping,粤,187,粤::187,,medium::187,粤::187
客家方言电白涯话,178,169,stable_single_mapping,客家·涯话,178,客家::178,涯话::178,high::178,客家·涯话::178
使用粤方言,174,132,stable_single_mapping,粤,174,粤::174,,medium::174,粤::174
粤方言湛江白话,172,118,stable_single_mapping,粤,172,粤::172,,high::172,粤::172
粤方言、怀集诗洞标话,160,107,stable_single_mapping,粤·怀集诗洞标话,160,粤::160,怀集诗洞标话::160,medium::160,粤·怀集诗洞标话::160
粤方言阳春春北白话,160,116,stable_single_mapping,粤,160,粤::160,,high::160,粤::160
粤方言广宁白话,159,122,stable_single_mapping,粤,159,粤::159,,high::159,粤::159
客家话和黄圃话互通,149,128,stable_single_mapping,客家、土话,149,混合::149,黄圃话::149,medium::149,客家、土话::149
闽方言茂南话（黎话）,143,89,stable_single_mapping,闽,143,闽::143,,medium::143,闽::143
潮汕话,140,118,stable_single_mapping,闽·潮汕话,140,闽::140,潮汕话::140,high::140,闽·潮汕话::140
闽南方言饶平潮汕话,138,111,stable_single_mapping,闽·潮汕话,138,闽::138,潮汕话::138,high::138,闽·潮汕话::138
潮汕方言,137,114,stable_single_mapping,闽·潮汕话,137,闽::137,潮汕话::137,high::137,闽·潮汕话::137
客家方言仁化长江话,136,2,stable_single_mapping,客家·仁化长江话,136,客家::136,仁化长江话::136,high::136,客家·仁化长江话::136
客家方言清化话,133,90,stable_single_mapping,客家·清化话,133,客家::133,清化话::133,high::133,客家·清化话::133
粤方言英德附城话,133,68,stable_single_mapping,粤,133,粤::133,,high::133,粤::133
广府民系，通用粤方言,131,99,stable_single_mapping,粤,131,粤::131,,medium::131,粤::131
粤方言怀集上坊话、大岗标话,126,100,stable_single_mapping,粤·怀集上坊话,126,粤::126,怀集上坊话::126,medium::126,粤·怀集上坊话::126
粤方言怀集宁洞话,125,93,stable_single_mapping,粤·怀集宁洞话,125,粤::125,怀集宁洞话::125,high::125,粤·怀集宁洞话::125
粤方言、客家方言,123,94,stable_single_mapping,粤、客家,123,混合::123,,medium::123,粤、客家::123
粤方言和客家方言,123,96,stable_single_mapping,粤、客家,123,混合::123,,medium::123,粤、客家::123
粤方言清远南冲话,121,106,stable_single_mapping,粤,121,粤::121,,high::121,粤::121
广宁话,117,94,stable_single_mapping,粤·广宁话,117,粤::117,广宁话::117,high::117,粤·广宁话::117
客家方言四会地豆话,112,81,stable_single_mapping,客家,112,客家::112,,high::112,客家::112
粤方言吴川吴阳话,110,27,stable_single_mapping,粤,110,粤::110,,high::110,粤::110
粤方言阳春岗美话,110,90,stable_single_mapping,粤,110,粤::110,,high::110,粤::110
粤方言茂南话,103,66,stable_single_mapping,粤,103,粤::103,,high::103,粤::103
通用电白海话,102,96,stable_single_mapping,闽·电白海话,102,闽::102,电白海话::102,medium::102,闽·电白海话::102
通用粤方言（广府民系）,102,77,stable_single_mapping,粤,102,粤::102,,medium::102,粤::102
客家方言黄村话,101,1,stable_single_mapping,客家·黄村话,101,客家::101,黄村话::101,high::101,客家·黄村话::101
客家方言（客家民系）,101,80,stable_single_mapping,客家,101,客家::101,,medium::101,客家::101
粤方言四会江谷话,99,74,stable_single_mapping,粤,99,粤::99,,high::99,粤::99
粤方言高要话（禄步口音）,96,86,stable_single_mapping,粤·高要话,96,粤::96,高要话::96,medium::96,粤·高要话::96
客家方言和粤方言清远白话,95,84,stable_single_mapping,粤、客家,95,混合::95,清远白话::95,medium::95,粤、客家::95
粤方言连山话,95,79,stable_single_mapping,粤,95,粤::95,,high::95,粤::95
粤方言高要话（活道口音）,94,83,stable_single_mapping,粤·高要话,94,粤::94,高要话::94,medium::94,粤·高要话::94
客家方言、粤方言,93,72,stable_single_mapping,粤、客家,93,混合::93,,medium::93,粤、客家::93
客家方言叶潭话,90,51,stable_single_mapping,客家·叶潭话,90,客家::90,叶潭话::90,high::90,客家·叶潭话::90
客家方言英德附城话,88,70,stable_single_mapping,客家,88,客家::88,,high::88,客家::88
粤方言英德黄花话,88,69,stable_single_mapping,粤,88,粤::88,,high::88,粤::88
客家方言四会迳口话,85,62,stable_single_mapping,客家,85,客家::85,,high::85,客家::85
粤方言高要话（金利口音）,84,70,stable_single_mapping,粤·高要话,84,粤::84,高要话::84,medium::84,粤·高要话::84
粤语文德话,83,48,stable_single_mapping,粤,83,粤::83,,high::83,粤::83
粤方言东莞虎门话,80,63,stable_single_mapping,粤,80,粤::80,,high::80,粤::80
粤方言、怀集永固标话,77,47,stable_single_mapping,粤·怀集永固标话,77,粤::77,怀集永固标话::77,medium::77,粤·怀集永固标话::77
粤方言东莞万江话,77,38,stable_single_mapping,粤,77,粤::77,,high::77,粤::77
客家方言蓝口话,76,48,stable_single_mapping,客家·蓝口话,76,客家::76,蓝口话::76,high::76,客家·蓝口话::76
客家方言东莞清溪话,75,48,stable_single_mapping,粤、客家,75,混合::75,东莞清溪话::75,medium::75,粤、客家::75
粤方言高州白话,75,40,stable_single_mapping,粤,75,粤::75,,high::75,粤::75
福佬话,73,61,stable_single_mapping,闽·福佬话,73,闽::73,福佬话::73,high::73,闽·福佬话::73
粤方言东莞厚街话,73,29,stable_single_mapping,粤,73,粤::73,,high::73,粤::73
粤方言加益话,73,58,stable_single_mapping,粤,73,粤::73,,high::73,粤::73
广府民系，粤方言,72,57,stable_single_mapping,粤,72,粤::72,,medium::72,粤::72
粤方言东莞寮步话,71,51,stable_single_mapping,粤,71,粤::71,,high::71,粤::71
粤方言高要话，白诸口音,71,68,stable_single_mapping,粤·高要话,71,粤::71,高要话::71,medium::71,粤·高要话::71
粤方言龙门话,71,57,stable_single_mapping,粤·龙门话,71,粤::71,龙门话::71,high::71,粤·龙门话::71
粤方言英德大湾话,70,46,stable_single_mapping,粤,70,粤::70,,high::70,粤::70
粤方言连州话,70,44,stable_single_mapping,粤·连州话,70,粤::70,连州话::70,high::70,粤·连州话::70
粤方言阳春白话、客家方言阳春倔话,69,60,stable_single_mapping,粤、客家,69,混合::69,阳春白话::69,medium::69,粤、客家::69
客家方言鼎湖话,67,61,stable_single_mapping,粤、客家,67,混合::67,鼎湖话::67,medium::67,粤、客家::67
粤方言东莞塘厦话,67,37,stable_single_mapping,粤,67,粤::67,,high::67,粤::67
使用壮语北部方言连山壮话,66,35,stable_single_mapping,少数民族·连山壮话,66,少数民族::66,连山壮话::66,medium::66,少数民族·连山壮话::66
客家方言四会江谷话,65,44,stable_single_mapping,客家,65,客家::65,,high::65,客家::65
客家方言锡场话,64,49,stable_single_mapping,客家,64,客家::64,,high::64,客家::64
粤方言石岐话,64,35,stable_single_mapping,粤·石岐话,64,粤::64,石岐话::64,high::64,粤·石岐话::64
客家方言始兴罗坝话,63,56,stable_single_mapping,客家,63,客家::63,,high::63,客家::63
使用闽方言,62,51,stable_single_mapping,闽,62,闽::62,,medium::62,闽::62
客家方言、闽方言,62,53,stable_single_mapping,客家、闽,62,混合::62,,medium::62,客家、闽::62
客家方言始兴澄江话,61,51,stable_single_mapping,客家,61,客家::61,,high::61,客家::61
客家方言（属客家民系）,61,51,stable_single_mapping,客家,61,客家::61,,medium::61,客家::61
客家方言新回龙话,60,46,stable_single_mapping,客家,60,客家::60,,high::60,客家::60
客家方言黄田话,58,41,stable_single_mapping,客家,58,客家::58,,high::58,客家::58
客家话和黄圃话能在村民中互通,57,42,stable_single_mapping,客家、土话,57,混合::57,黄圃话::57,medium::57,客家、土话::57
粤方言东莞企石话,57,29,stable_single_mapping,粤,57,粤::57,,high::57,粤::57
客家方言船塘话,56,51,stable_single_mapping,客家,56,客家::56,,high::56,客家::56
闽方言黎话,56,46,stable_single_mapping,闽,56,闽::56,,high::56,闽::56
客家方言义合话,55,43,stable_single_mapping,客家,55,客家::55,,high::55,客家::55
客家方言四会江林话,55,24,stable_single_mapping,客家,55,客家::55,,high::55,客家::55
广府民系，使用粤方言,55,36,stable_single_mapping,粤,55,粤::55,,medium::55,粤::55
粤方言东莞东城话,55,37,stable_single_mapping,粤,55,粤::55,,high::55,粤::55
广府民系，使用粤方言阳春白话,54,47,stable_single_mapping,粤·阳春白话,54,粤::54,阳春白话::54,medium::54,粤·阳春白话::54
粤方言东莞石排话,54,35,stable_single_mapping,粤,54,粤::54,,high::54,粤::54
通用瑶语,53,37,stable_single_mapping,少数民族·瑶语,53,少数民族::53,瑶语::53,medium::53,少数民族·瑶语::53
粤方言催古话,52,36,stable_single_mapping,粤,52,粤::52,,medium::52,粤::52
粤方言高要话，河台口音,52,49,stable_single_mapping,粤·高要话,52,粤::52,高要话::52,medium::52,粤·高要话::52
粤方言四会龙湾话,50,43,stable_single_mapping,粤,50,粤::50,,high::50,粤::50
客家方言兴宁话,48,33,stable_single_mapping,客家,48,客家::48,,high::48,客家::48
客家方言骆湖话,45,30,stable_single_mapping,客家,45,客家::45,,high::45,客家::45
粤方言四会清塘话,45,41,stable_single_mapping,粤,45,粤::45,,high::45,粤::45
粤方言高要话，小湘口音,45,1,stable_single_mapping,粤·高要话,45,粤::45,高要话::45,medium::45,粤·高要话::45
客家方言上莞话,44,1,stable_single_mapping,客家·上莞话,44,客家::44,上莞话::44,high::44,客家·上莞话::44
客家方言灯塔话,44,38,stable_single_mapping,客家,44,客家::44,,high::44,客家::44
粤语开建话、标话,44,29,stable_single_mapping,粤·开建话,44,粤::44,开建话::44,medium::44,粤·开建话::44
客家方言东莞樟木头话,43,24,stable_single_mapping,粤、客家,43,混合::43,东莞樟木头话::43,medium::43,粤、客家::43
客家方言和粤方言广宁话,43,31,stable_single_mapping,粤、客家,43,混合::43,广宁话::43,medium::43,粤、客家::43
粤方言四会下茆话,43,35,stable_single_mapping,粤,43,粤::43,,high::43,粤::43
粤方言四会威整话,43,34,stable_single_mapping,粤,43,粤::43,,high::43,粤::43
粤方言四会黄田话,43,35,stable_single_mapping,粤,43,粤::43,,high::43,粤::43
粤方言高要话，大湾口音,42,30,stable_single_mapping,粤·高要话,42,粤::42,高要话::42,medium::42,粤·高要话::42
客家方言、粤方言高要话，河台口音,41,33,stable_single_mapping,粤、客家,41,混合::41,高要话::41,medium::41,粤、客家::41
属广府民系，通用粤方言,41,32,stable_single_mapping,粤,41,粤::41,,medium::41,粤::41
广府民系，使用粤方言恩平话,41,38,stable_single_mapping,粤·恩平话,41,粤::41,恩平话::41,medium::41,粤·恩平话::41
粤方言东莞石碣话,41,26,stable_single_mapping,粤,41,粤::41,,high::41,粤::41
通用闽方言,41,28,stable_single_mapping,闽,41,闽::41,,medium::41,闽::41
壮语北部方言连山壮话,40,34,stable_single_mapping,少数民族·连山壮话,40,少数民族::40,连山壮话::40,high::40,少数民族·连山壮话::40
客家方盲,40,27,stable_single_mapping,客家,40,客家::40,,high::40,客家::40
客家方言水边话,40,35,stable_single_mapping,客家,40,客家::40,,high::40,客家::40
广府民系，通用台山话,40,37,stable_single_mapping,粤·台山话,40,粤::40,台山话::40,medium::40,粤·台山话::40
客家方言漳溪话,38,1,stable_single_mapping,客家,38,客家::38,,high::38,客家::38
广府民系，使用粤方言吴川话,38,27,stable_single_mapping,粤·吴川话,38,粤::38,吴川话::38,medium::38,粤·吴川话::38
广府民系，使用粤方言清远白话,38,27,stable_single_mapping,粤·清远白话,38,粤::38,清远白话::38,medium::38,粤·清远白话::38
闽方言隆都话,38,30,stable_single_mapping,闽·隆都话,38,闽::38,隆都话::38,high::38,闽·隆都话::38
客家方言始兴都亨话,37,32,stable_single_mapping,客家,37,客家::37,,high::37,客家::37
广府民系，通用粤方言化州白话,37,28,stable_single_mapping,粤·化州白话,37,粤::37,化州白话::37,medium::37,粤·化州白话::37
粤方言端州话,37,1,stable_single_mapping,粤,37,粤::37,,high::37,粤::37
粤方言阳春河口话,37,22,stable_single_mapping,粤,37,粤::37,,high::37,粤::37
客家方言仁化扶溪话,36,1,stable_single_mapping,客家,36,客家::36,,high::36,客家::36
客家方言四会清塘话,36,33,stable_single_mapping,客家,36,客家::36,,high::36,客家::36
广府民系，使用粤方言四邑话,36,34,stable_single_mapping,粤·四邑话,36,粤::36,四邑话::36,medium::36,粤·四邑话::36
粤方言东莞道滘话,36,26,stable_single_mapping,粤,36,粤::36,,high::36,粤::36
粤方言洲心话,36,31,stable_single_mapping,粤,36,粤::36,,high::36,粤::36
粤方言袂花话、闽方言茂南话（黎话）,36,28,stable_single_mapping,粤、闽,36,混合::36,袂花话::36,medium::36,粤、闽::36
通用潮州话,36,34,stable_single_mapping,闽·潮汕话,36,闽::36,潮汕话::36,medium::36,闽·潮汕话::36
客家方言仙塘话,35,21,stable_single_mapping,客家,35,客家::35,,high::35,客家::35
广府民系，通用粤语怀集下坊话,35,23,stable_single_mapping,粤·怀集下坊话,35,粤::35,怀集下坊话::35,medium::35,粤·怀集下坊话::35
粤方言阳春白话和客家方言阳春倔话,35,31,stable_single_mapping,粤、客家,35,混合::35,阳春白话::35,medium::35,粤、客家::35
粤方言高要话，乐城口音,35,34,stable_single_mapping,粤·高要话,35,粤::35,高要话::35,medium::35,粤·高要话::35
客家方言曾田话,34,23,stable_single_mapping,客家,34,客家::34,,high::34,客家::34
粤方言崖西话,34,31,stable_single_mapping,粤,34,粤::34,,high::34,粤::34
粤方言广宁话、客家方言,34,23,stable_single_mapping,粤、客家,34,混合::34,广宁话::34,medium::34,粤、客家::34
通用潮汕话,34,31,stable_single_mapping,闽·潮汕话,34,闽::34,潮汕话::34,medium::34,闽·潮汕话::34
客家方言新港话,33,20,stable_single_mapping,客家,33,客家::33,,high::33,客家::33
广府民系，通用粤方言台山话,33,29,stable_single_mapping,粤·台山话,33,粤::33,台山话::33,medium::33,粤·台山话::33
粤方言东莞大朗话,33,25,stable_single_mapping,粤,33,粤::33,,high::33,粤::33
粤方言东莞常平话,33,29,stable_single_mapping,粤,33,粤::33,,high::33,粤::33
通用倔话,33,24,stable_single_mapping,客家,33,客家::33,,medium::33,客家::33
客家方言柳城话,32,19,stable_single_mapping,客家,32,客家::32,,high::32,客家::32
客家民系，通用客家方言,32,27,stable_single_mapping,客家,32,客家::32,,medium::32,客家::32
通用闽南方言潮州话,32,31,stable_single_mapping,闽·潮汕话,32,闽::32,潮汕话::32,medium::32,闽·潮汕话::32
倔话,31,22,stable_single_mapping,客家,31,客家::31,,high::31,客家::31
客家方言仁化附城话,31,1,stable_single_mapping,客家,31,客家::31,,high::31,客家::31
粤方言袂花话和闽方言茂南话（黎话）,31,23,stable_single_mapping,粤、闽,31,混合::31,袂花话::31,medium::31,粤、闽::31
粤方言高要话，蛟塘口音,31,28,stable_single_mapping,粤·高要话,31,粤::31,高要话::31,medium::31,粤·高要话::31
客家方言四会罗源话,30,29,stable_single_mapping,客家,30,客家::30,,high::30,客家::30
广府民系，使用粤语封川话,30,17,stable_single_mapping,粤·封川话,30,粤::30,封川话::30,medium::30,粤·封川话::30
粤方言东莞横沥话,30,21,stable_single_mapping,粤,30,粤::30,,high::30,粤::30
粤语,30,24,stable_single_mapping,粤,30,粤::30,,high::30,粤::30
广府民系，粤方言阳春白话,29,25,stable_single_mapping,粤·阳春白话,29,粤::29,阳春白话::29,medium::29,粤·阳春白话::29
粤方言东莞望牛墩话,29,26,stable_single_mapping,粤,29,粤::29,,high::29,粤::29
客家方言东莞凤岗话,28,23,stable_single_mapping,粤、客家,28,混合::28,东莞凤岗话::28,medium::28,粤、客家::28
客家方言半江话,28,15,stable_single_mapping,客家,28,客家::28,,high::28,客家::28
潭岭话,28,19,stable_single_mapping,土话·潭岭话,28,土话::28,潭岭话::28,high::28,土话·潭岭话::28
粤方言东莞大岭山话,28,23,stable_single_mapping,粤,28,粤::28,,high::28,粤::28
黎话,28,21,stable_single_mapping,闽,28,闽::28,,high::28,闽::28
客家方言广宁话,27,19,stable_single_mapping,粤、客家,27,混合::27,广宁话::27,medium::27,粤、客家::27
粤方言阳春岗美白话,27,17,stable_single_mapping,粤,27,粤::27,,high::27,粤::27
粤方言高要话（乐城口音）、客家方言,27,19,stable_single_mapping,粤、客家,27,混合::27,高要话::27,medium::27,粤、客家::27
瑶语,26,17,stable_single_mapping,少数民族·瑶语,26,少数民族::26,瑶语::26,high::26,少数民族·瑶语::26
畲话,26,21,stable_single_mapping,少数民族·畲话,26,少数民族::26,畲话::26,high::26,少数民族·畲话::26
客家方言康禾话,25,21,stable_single_mapping,客家,25,客家::25,,high::25,客家::25
广府民系，使用粤方言化州白话,25,20,stable_single_mapping,粤·化州白话,25,粤::25,化州白话::25,medium::25,粤·化州白话::25
广府民系，通用客家方言,25,16,stable_single_mapping,客家,25,客家::25,,medium::25,客家::25
汉族使用粤方言连山话,25,22,stable_single_mapping,粤,25,粤::25,,medium::25,粤::25
粤方言四色话,25,21,stable_single_mapping,粤·四邑话,25,粤::25,四邑话::25,high::25,粤·四邑话::25
粤方言水上话,25,19,stable_single_mapping,粤,25,粤::25,,high::25,粤::25
粤方言端州睦岗话,25,1,stable_single_mapping,粤,25,粤::25,,high::25,粤::25
客家方言、粤方言高要话（河台口音）,24,18,stable_single_mapping,粤、客家,24,混合::24,高要话::24,medium::24,粤、客家::24
粤方言黄花话,24,9,stable_single_mapping,粤,24,粤::24,,high::24,粤::24
通用闽方言电白黎话,24,24,stable_single_mapping,闽·电白黎话,24,闽::24,电白黎话::24,medium::24,闽·电白黎话::24
使用客家方言始兴话,23,19,stable_single_mapping,客家·始兴话,23,客家::23,始兴话::23,medium::23,客家·始兴话::23
使用粤方言蛇声,23,17,stable_single_mapping,粤·蛇声,23,粤::23,蛇声::23,medium::23,粤·蛇声::23
使用粤方言（广府民系）,23,12,stable_single_mapping,粤,23,粤::23,,medium::23,粤::23
客家方言四会下茆话,23,16,stable_single_mapping,客家,23,客家::23,,high::23,客家::23
粤方言东莞桥头话,23,15,stable_single_mapping,粤,23,粤::23,,high::23,粤::23
粤方言清远话,23,1,stable_single_mapping,粤,23,粤::23,,high::23,粤::23
粤方言阳春白话、客家方言阳春话,23,4,stable_single_mapping,粤、客家,23,混合::23,阳春白话::23,medium::23,粤、客家::23
通用广宁话,23,17,stable_single_mapping,粤·广宁话,23,粤::23,广宁话::23,medium::23,粤·广宁话::23
通用福佬话,23,20,stable_single_mapping,闽·福佬话,23,闽::23,福佬话::23,medium::23,闽·福佬话::23
客家方言、粤方言广宁话,22,17,stable_single_mapping,粤、客家,22,混合::22,广宁话::22,medium::22,粤、客家::22
客家方言、粤方言英德附城话,22,13,stable_single_mapping,粤、客家,22,混合::22,,medium::22,粤、客家::22
客家方言四会威整话,22,18,stable_single_mapping,客家,22,客家::22,,high::22,客家::22
客家方言闻韶话,22,1,stable_single_mapping,客家,22,客家::22,,high::22,客家::22
广府民系，通用粤方言化州话,22,18,stable_single_mapping,粤·化州话,22,粤::22,化州话::22,medium::22,粤·化州话::22
粤方言东莞茶山话,22,20,stable_single_mapping,粤,22,粤::22,,high::22,粤::22
粤方言东莞高埗话,22,16,stable_single_mapping,粤,22,粤::22,,high::22,粤::22
韶关话（虱婆声）,22,18,stable_single_mapping,土话·虱婆声,22,土话::22,虱婆声::22,medium::22,土话·虱婆声::22
饶平客家话,22,17,stable_single_mapping,客家,22,客家::22,,high::22,客家::22
使用潮汕方言,21,17,stable_single_mapping,闽·潮汕话,21,闽::21,潮汕话::21,medium::21,闽·潮汕话::21
使用闽南方言饶平潮州话,21,17,stable_single_mapping,闽·潮汕话,21,闽::21,潮汕话::21,medium::21,闽·潮汕话::21
客家方言顺天话,21,15,stable_single_mapping,客家,21,客家::21,,high::21,客家::21
粤方言电白白话,21,18,stable_single_mapping,粤,21,粤::21,,high::21,粤::21
客家方言双江话,20,17,stable_single_mapping,客家,20,客家::20,,high::20,客家::20
客家方言涧头话,20,15,stable_single_mapping,客家,20,客家::20,,high::20,客家::20
客家方言阳春话,20,14,stable_single_mapping,客家,20,客家::20,,high::20,客家::20
闽南方言,20,6,stable_single_mapping,闽,20,闽::20,,high::20,闽::20
使用潮州话,19,11,stable_single_mapping,闽·潮汕话,19,闽::19,潮汕话::19,medium::19,闽·潮汕话::19
使用蓝田话,19,8,stable_single_mapping,少数民族·蓝田话,19,少数民族::19,蓝田话::19,medium::19,少数民族·蓝田话::19
先辈使用客家方言，现村民使用粤方言,19,15,stable_single_mapping,粤、客家,19,混合::19,,medium::19,粤、客家::19
客家方音,19,16,stable_single_mapping,客家,19,客家::19,,high::19,客家::19
粤方言整头话,19,13,stable_single_mapping,粤,19,粤::19,,high::19,粤::19
使用吴川话,18,16,stable_single_mapping,粤·吴川话,18,粤::18,吴川话::18,medium::18,粤·吴川话::18
使用雷州话,18,18,stable_single_mapping,闽·雷州话,18,闽::18,雷州话::18,medium::18,闽·雷州话::18
客家方言和蓝山话,18,0,stable_single_mapping,客家,18,客家::18,,high::18,客家::18
潮汕民系，通用闽南方言潮州话,18,16,stable_single_mapping,闽·潮汕话,18,闽::18,潮汕话::18,medium::18,闽·潮汕话::18
通用涯话,18,15,stable_single_mapping,客家·涯话,18,客家::18,涯话::18,medium::18,客家·涯话::18
客家方言阳春涯话,17,16,stable_single_mapping,客家·阳春涯话,17,客家::17,阳春涯话::17,high::17,客家·阳春涯话::17
客家话和黄圃话,17,13,stable_single_mapping,客家、土话,17,混合::17,黄圃话::17,medium::17,客家、土话::17
广府民系，使用粤方言东莞塘厦话,17,5,stable_single_mapping,粤,17,粤::17,,medium::17,粤::17
星子话（广府民系）,17,15,stable_single_mapping,粤·星子话,17,粤::17,星子话::17,medium::17,粤·星子话::17
涯话,17,12,stable_single_mapping,客家·涯话,17,客家::17,涯话::17,high::17,客家·涯话::17
粤方言东莞清溪话,17,14,stable_single_mapping,粤·东莞清溪话,17,粤::17,东莞清溪话::17,high::17,粤·东莞清溪话::17
粤方言化州白话（广府民系）,17,13,stable_single_mapping,粤·化州白话,17,粤::17,化州白话::17,medium::17,粤·化州白话::17
粤方言高要话（禄步口音）和客家方言,17,11,stable_single_mapping,粤、客家,17,混合::17,高要话::17,medium::17,粤、客家::17
闽方言、客家方言,17,13,stable_single_mapping,客家、闽,17,混合::17,,medium::17,客家、闽::17
客家方言曲江沙溪话,16,13,stable_single_mapping,客家,16,客家::16,,high::16,客家::16
广府民系，使用粤方言怀集上坊话,16,14,stable_single_mapping,粤·怀集上坊话,16,粤::16,怀集上坊话::16,medium::16,粤·怀集上坊话::16
广府民系，粤方言化州白话,16,12,stable_single_mapping,粤·化州白话,16,粤::16,化州白话::16,medium::16,粤·化州白话::16
潮汕方言和饶平客家话,16,8,stable_single_mapping,客家、闽,16,混合::16,,medium::16,客家、闽::16
粤方言东莞麻涌话,16,14,stable_single_mapping,粤,16,粤::16,,high::16,粤::16
粤方言英德石莲江话,16,14,stable_single_mapping,粤,16,粤::16,,high::16,粤::16
粤方言螯头话,16,15,stable_single_mapping,粤,16,粤::16,,high::16,粤::16
通用客家话,16,13,stable_single_mapping,客家,16,客家::16,,medium::16,客家::16
客家方言江西话,15,1,stable_single_mapping,客家,15,客家::15,,high::15,客家::15
客家方言河口倔话,15,15,stable_single_mapping,客家,15,客家::15,,high::15,客家::15
客家方言河源话,15,1,stable_single_mapping,客家,15,客家::15,,high::15,客家::15
客家民系，客家方言阳春倔话,15,15,stable_single_mapping,客家,15,客家::15,,medium::15,客家::15
尖米话,15,15,stable_single_mapping,土话·尖米话,15,土话::15,尖米话::15,high::15,土话·尖米话::15
粤方言、怀集诗洞标话（白崖话）,15,6,stable_single_mapping,粤·怀集诗洞标话,15,粤::15,怀集诗洞标话::15,medium::15,粤·怀集诗洞标话::15
粤方言东莞莞城话,15,5,stable_single_mapping,粤,15,粤::15,,high::15,粤::15
粤方言高要话，蚬岗口音,15,12,stable_single_mapping,粤·高要话,15,粤::15,高要话::15,medium::15,粤·高要话::15
粤语开建话、封川话,15,12,stable_single_mapping,粤·封川话,15,粤::15,封川话::15,medium::15,粤·封川话::15
粤语怀集话,15,12,stable_single_mapping,粤·怀集话,15,粤::15,怀集话::15,high::15,粤·怀集话::15
苗瑶语族瑶语支的勉语,15,8,stable_single_mapping,少数民族·瑶语,15,少数民族::15,瑶语::15,high::15,少数民族·瑶语::15
四邑话,14,12,stable_single_mapping,粤·四邑话,14,粤::14,四邑话::14,high::14,粤·四邑话::14
客家方言、粤方言台山话,14,12,stable_single_mapping,粤、客家,14,混合::14,台山话::14,medium::14,粤、客家::14
客家方言东莞南城话,14,13,stable_single_mapping,粤、客家,14,混合::14,,medium::14,粤、客家::14
客家方言（老韶关话）,14,1,stable_single_mapping,客家,14,客家::14,,medium::14,客家::14
广府民系，使用粤语开建话,14,11,stable_single_mapping,粤·开建话,14,粤::14,开建话::14,medium::14,粤·开建话::14
广府民系，粤方言阳春岗美话,14,13,stable_single_mapping,粤,14,粤::14,,medium::14,粤::14
广府民系，通用粤方言封川话,14,10,stable_single_mapping,粤·封川话,14,粤::14,封川话::14,medium::14,粤·封川话::14
广府民系，通用粤方言恩平话,14,12,stable_single_mapping,粤·恩平话,14,粤::14,恩平话::14,medium::14,粤·恩平话::14
粤方言东莞凤岗话,14,7,stable_single_mapping,粤·东莞凤岗话,14,粤::14,东莞凤岗话::14,high::14,粤·东莞凤岗话::14
粤方言水东黎话,14,13,stable_single_mapping,粤、闽,14,混合::14,,medium::14,粤、闽::14
粤方言高要话（蛟塘口音）,14,13,stable_single_mapping,粤·高要话,14,粤::14,高要话::14,medium::14,粤·高要话::14
闽方言南朗话,14,14,stable_single_mapping,闽,14,闽::14,,high::14,闽::14
使用苗瑶语族瑶语支的勉语,13,10,stable_single_mapping,少数民族·瑶语,13,少数民族::13,瑶语::13,medium::13,少数民族·瑶语::13
先辈使用客家方言，现使用粤方言,13,12,stable_single_mapping,粤、客家,13,混合::13,,medium::13,粤、客家::13
客家方言乳源话,13,3,stable_single_mapping,客家,13,客家::13,,high::13,客家::13
广府民系，粤方言怀集下坊话,13,12,stable_single_mapping,粤·怀集下坊话,13,粤::13,怀集下坊话::13,medium::13,粤·怀集下坊话::13
粤方言广宁话和客家方言,13,10,stable_single_mapping,粤、客家,13,混合::13,广宁话::13,medium::13,粤、客家::13
粤方言白话,13,12,stable_single_mapping,粤,13,粤::13,,high::13,粤::13
粤方言阳山话,13,12,stable_single_mapping,粤,13,粤::13,,high::13,粤::13
粤方言阳春白话和客家方言阳春话,13,3,stable_single_mapping,粤、客家,13,混合::13,阳春白话::13,medium::13,粤、客家::13
粤方言鼎湖莲塘话,13,10,stable_single_mapping,粤,13,粤::13,,high::13,粤::13
使用黎话,12,6,stable_single_mapping,闽,12,闽::12,,medium::12,闽::12
客家方言、蓝山话,12,2,stable_single_mapping,客家,12,客家::12,,medium::12,客家::12
客家方言东莞东城话,12,10,stable_single_mapping,粤、客家,12,混合::12,,medium::12,粤、客家::12
客家方言东莞厚街话,12,10,stable_single_mapping,粤、客家,12,混合::12,,medium::12,粤、客家::12
客家方言和潮州话,12,11,stable_single_mapping,客家、闽,12,混合::12,潮汕话::12,medium::12,客家、闽::12
客家方言和瑶语,12,3,stable_single_mapping,客家、少数民族,12,混合::12,瑶语::12,medium::12,客家、少数民族::12
属广府民系，通用台山话,12,11,stable_single_mapping,粤·台山话,12,粤::12,台山话::12,medium::12,粤·台山话::12
广府民系，使用粤方言怀集下坊话,12,9,stable_single_mapping,粤·怀集下坊话,12,粤::12,怀集下坊话::12,medium::12,粤·怀集下坊话::12
广府民系，粤方言台山话,12,12,stable_single_mapping,粤·台山话,12,粤::12,台山话::12,medium::12,粤·台山话::12
广府民系，通用粤方言怀集上坊话,12,11,stable_single_mapping,粤·怀集上坊话,12,粤::12,怀集上坊话::12,medium::12,粤·怀集上坊话::12
粤方言东莞南城话,12,7,stable_single_mapping,粤,12,粤::12,,high::12,粤::12
粤方言四会上茆话,12,11,stable_single_mapping,粤,12,粤::12,,high::12,粤::12
粤方言封川话（广府民系）,12,10,stable_single_mapping,粤·封川话,12,粤::12,封川话::12,medium::12,粤·封川话::12
粤方言平凤话,12,7,stable_single_mapping,粤,12,粤::12,,high::12,粤::12
粤方言阳江白话,12,12,stable_single_mapping,粤,12,粤::12,,high::12,粤::12
粤语怀集诗洞话,12,3,stable_single_mapping,粤,12,粤::12,,high::12,粤::12
闽南语,12,12,stable_single_mapping,闽,12,闽::12,,high::12,闽::12
闽方言和客家方言,12,11,stable_single_mapping,客家、闽,12,混合::12,,medium::12,客家、闽::12
使用粤方言恩平话,11,10,stable_single_mapping,粤·恩平话,11,粤::11,恩平话::11,medium::11,粤·恩平话::11
使用粤语封川话,11,5,stable_single_mapping,粤·封川话,11,粤::11,封川话::11,medium::11,粤·封川话::11
使用闽南方言饶平潮汕话,11,10,stable_single_mapping,闽·潮汕话,11,闽::11,潮汕话::11,medium::11,闽·潮汕话::11
使用闽方言潮汕话,11,10,stable_single_mapping,闽·潮汕话,11,闽::11,潮汕话::11,medium::11,闽·潮汕话::11
客家方言阳春倔话、粤方言阳春白话,11,11,stable_single_mapping,粤、客家,11,混合::11,阳春白话::11,medium::11,粤、客家::11
广府民系，粤方言德庆话,11,10,stable_single_mapping,粤·德庆话,11,粤::11,德庆话::11,medium::11,粤·德庆话::11
广府民系，通用粤方言德庆话,11,11,stable_single_mapping,粤·德庆话,11,粤::11,德庆话::11,medium::11,粤·德庆话::11
潮汕方言、饶平客家话,11,8,stable_single_mapping,客家、闽,11,混合::11,,medium::11,客家、闽::11
潮汕民系，使用闽南方言饶平潮汕话,11,11,stable_single_mapping,闽·潮汕话,11,闽::11,潮汕话::11,medium::11,闽·潮汕话::11
粤方言台山话（广府民系）,11,8,stable_single_mapping,粤·台山话,11,粤::11,台山话::11,medium::11,粤·台山话::11
粤方言四会地豆话,11,3,stable_single_mapping,粤、客家,11,混合::11,,medium::11,粤、客家::11
粤方言淡水阳江话,11,11,stable_single_mapping,粤·阳江话,11,粤::11,阳江话::11,high::11,粤·阳江话::11
粤方言清远石坎话,11,5,stable_single_mapping,粤,11,粤::11,,high::11,粤::11
粤方言（沙溪峒话）,11,10,stable_single_mapping,粤,11,粤::11,,medium::11,粤::11
蓝田话,11,7,stable_single_mapping,少数民族·蓝田话,11,少数民族::11,蓝田话::11,high::11,少数民族·蓝田话::11
使用粤方言四邑话,10,9,stable_single_mapping,粤·四邑话,10,粤::10,四邑话::10,medium::10,粤·四邑话::10
使用粤方言，属广府民系,10,10,stable_single_mapping,粤,10,粤::10,,medium::10,粤::10
使用闽南方言潮州话,10,6,stable_single_mapping,闽·潮汕话,10,闽::10,潮汕话::10,medium::10,闽·潮汕话::10
偃话,10,8,stable_single_mapping,客家·涯话,10,客家::10,涯话::10,high::10,客家·涯话::10
广府民系，使用粤方言封川话,10,4,stable_single_mapping,粤·封川话,10,粤::10,封川话::10,medium::10,粤·封川话::10
广府民系，粤方言怀集上坊话,10,9,stable_single_mapping,粤·怀集上坊话,10,粤::10,怀集上坊话::10,medium::10,粤·怀集上坊话::10
广府民系，通用粤方言四会江谷话,10,9,stable_single_mapping,粤,10,粤::10,,medium::10,粤::10
汉族属广府民系，使用粤方言连山话,10,9,stable_single_mapping,粤,10,粤::10,,medium::10,粤::10
粤方盲,10,9,stable_single_mapping,粤,10,粤::10,,high::10,粤::10
粤方言与客家方言,10,7,stable_single_mapping,粤、客家,10,混合::10,,medium::10,粤、客家::10
粤方言台山话和客家方言,10,9,stable_single_mapping,粤、客家,10,混合::10,台山话::10,medium::10,粤、客家::10
粤方言怀集诗洞话,10,6,stable_single_mapping,粤,10,粤::10,,high::10,粤::10
粤方言电白话,10,8,stable_single_mapping,粤,10,粤::10,,high::10,粤::10
粤方言阳春河口白话,10,9,stable_single_mapping,粤,10,粤::10,,high::10,粤::10
粤方言高要话（大湾口音）,10,7,stable_single_mapping,粤·高要话,10,粤::10,高要话::10,medium::10,粤·高要话::10
粤方言高要话（河台口音）,10,10,stable_single_mapping,粤·高要话,10,粤::10,高要话::10,medium::10,粤·高要话::10
粤方言高要话（白诸口音）,10,8,stable_single_mapping,粤·高要话,10,粤::10,高要话::10,medium::10,粤·高要话::10
粤语封川话、开建话,10,8,stable_single_mapping,粤·封川话,10,粤::10,封川话::10,medium::10,粤·封川话::10
粤语方言,10,9,stable_single_mapping,粤,10,粤::10,,high::10,粤::10
通用粤方言台山话,10,9,stable_single_mapping,粤·台山话,10,粤::10,台山话::10,medium::10,粤·台山话::10
闽方言三乡话,10,1,stable_single_mapping,闽,10,闽::10,,high::10,闽::10
台山话（广府民系）,9,8,stable_single_mapping,粤·台山话,9,粤::9,台山话::9,medium::9,粤·台山话::9
客家话和黄圃话能互通,9,6,stable_single_mapping,客家、土话,9,混合::9,黄圃话::9,medium::9,客家、土话::9
广府民系，使用粤方言蛇声,9,7,stable_single_mapping,粤·蛇声,9,粤::9,蛇声::9,medium::9,粤·蛇声::9
广府民系，粤方言英德大湾话,9,7,stable_single_mapping,粤,9,粤::9,,medium::9,粤::9
广府民系，粤方言英德黄花话,9,6,stable_single_mapping,粤,9,粤::9,,medium::9,粤::9
广府民系，通用粤方言怀集宁洞话,9,6,stable_single_mapping,粤·怀集宁洞话,9,粤::9,怀集宁洞话::9,medium::9,粤·怀集宁洞话::9
潮汕民系，使用闽南方言饶平潮州话,9,8,stable_single_mapping,闽·潮汕话,9,闽::9,潮汕话::9,medium::9,闽·潮汕话::9
潮汕话（闽方言）,9,8,stable_single_mapping,闽·潮汕话,9,闽::9,潮汕话::9,medium::9,闽·潮汕话::9
粤方盲阳春白话,9,8,stable_single_mapping,粤·阳春白话,9,粤::9,阳春白话::9,high::9,粤·阳春白话::9
粤方言、闽方言,9,8,stable_single_mapping,粤、闽,9,混合::9,,medium::9,粤、闽::9
粤方言、雷州话,9,9,stable_single_mapping,粤、闽,9,混合::9,雷州话::9,medium::9,粤、闽::9
粤方言东莞话,9,7,stable_single_mapping,粤,9,粤::9,,high::9,粤::9
粤方言佳古话,9,7,stable_single_mapping,粤,9,粤::9,,medium::9,粤::9
粤方言四会罗源话,9,9,stable_single_mapping,粤,9,粤::9,,high::9,粤::9
粤方言怀集话,9,7,stable_single_mapping,粤·怀集话,9,粤::9,怀集话::9,high::9,粤·怀集话::9
粤方言思平话,9,8,stable_single_mapping,粤·思平话,9,粤::9,思平话::9,high::9,粤·思平话::9
粤方言沙溪峒话,9,7,stable_single_mapping,粤,9,粤::9,,high::9,粤::9
粤方言海洲话,9,7,stable_single_mapping,粤,9,粤::9,,high::9,粤::9
粤方言高要话（乐城口音）,9,8,stable_single_mapping,粤·高要话,9,粤::9,高要话::9,medium::9,粤·高要话::9
通用粤方言古话,9,9,stable_single_mapping,粤,9,粤::9,,medium::9,粤::9
通用粤方言（属广府民系）,9,6,stable_single_mapping,粤,9,粤::9,,medium::9,粤::9
壮族使用壮语北部方言连山壮话，汉族使用粤方言连山话,8,1,stable_single_mapping,粤、少数民族,8,混合::8,连山壮话::8,medium::8,粤、少数民族::8
客家方言仁化扶溪本土话,8,1,stable_single_mapping,客家、土话,8,混合::8,,medium::8,客家、土话::8
客家方言四会黄田话,8,7,stable_single_mapping,客家,8,客家::8,,high::8,客家::8
客家方言城口话,8,1,stable_single_mapping,客家,8,客家::8,,high::8,客家::8
客家方言（俗称畲话或归善话、潼湖话）,8,6,stable_single_mapping,客家、少数民族,8,混合::8,畲话::8,medium::8,客家、少数民族::8
客家语言,8,5,stable_single_mapping,客家,8,客家::8,,high::8,客家::8
广府民系，使用粤方言阳春春北白话,8,7,stable_single_mapping,粤,8,粤::8,,medium::8,粤::8
广府民系，粤方言怀集上坊话、大岗标话,8,6,stable_single_mapping,粤·怀集上坊话,8,粤::8,怀集上坊话::8,medium::8,粤·怀集上坊话::8
广府民系，通用倔话,8,6,stable_single_mapping,客家,8,客家::8,,medium::8,客家::8
广府民系，通用粤方言广宁话,8,7,stable_single_mapping,粤·广宁话,8,粤::8,广宁话::8,medium::8,粤·广宁话::8
广府民系，通用粤方言怀集上坊话、大岗标话,8,8,stable_single_mapping,粤·怀集上坊话,8,粤::8,怀集上坊话::8,medium::8,粤·怀集上坊话::8
广府民系，通用粤方言怀集下坊话,8,4,stable_single_mapping,粤·怀集下坊话,8,粤::8,怀集下坊话::8,medium::8,粤·怀集下坊话::8
广府民系，通用粤方言英德附城话,8,7,stable_single_mapping,粤,8,粤::8,,medium::8,粤::8
广府民系，通用粤方言英德黄花话,8,6,stable_single_mapping,粤,8,粤::8,,medium::8,粤::8
广府话,8,6,stable_single_mapping,粤,8,粤::8,,high::8,粤::8
电白黎话,8,7,stable_single_mapping,闽·电白黎话,8,闽::8,电白黎话::8,high::8,闽·电白黎话::8
粤方言、怀集诗洞标话（金沙话）,8,8,stable_single_mapping,粤·怀集诗洞标话,8,粤::8,怀集诗洞标话::8,medium::8,粤·怀集诗洞标话::8
粤方言东莞洪梅话,8,8,stable_single_mapping,粤,8,粤::8,,high::8,粤::8
粤方言化州话（广府民系）,8,7,stable_single_mapping,粤·化州话,8,粤::8,化州话::8,medium::8,粤·化州话::8
粤方言四会迳口话,8,3,stable_single_mapping,粤、客家,8,混合::8,,medium::8,粤、客家::8
粤方言广宁话（广府民系）,8,5,stable_single_mapping,粤·广宁话,8,粤::8,广宁话::8,medium::8,粤·广宁话::8
粤方言沙田话（顺德口音）,8,7,stable_single_mapping,粤·沙田话,8,粤::8,沙田话::8,medium::8,粤·沙田话::8
粤方言连山话（汉族属广府民系）,8,7,stable_single_mapping,粤,8,粤::8,,medium::8,粤::8
粤方言高要话，水南口音,8,7,stable_single_mapping,粤·高要话,8,粤::8,高要话::8,medium::8,粤·高要话::8
粤方言（浥江话）,8,7,stable_single_mapping,粤,8,粤::8,,medium::8,粤::8
粤方言（白话）,8,3,stable_single_mapping,粤,8,粤::8,,medium::8,粤::8
闽方言潮汕话、客家方言,8,6,stable_single_mapping,客家、闽,8,混合::8,潮汕话::8,medium::8,客家、闽::8
雷州话、粤方言,8,8,stable_single_mapping,粤、闽,8,混合::8,雷州话::8,medium::8,粤、闽::8
使用客家方言倔话,7,7,stable_single_mapping,客家,7,客家::7,,medium::7,客家::7
客家方言、粤方言清远白话,7,7,stable_single_mapping,粤、客家,7,混合::7,清远白话::7,medium::7,粤、客家::7
客家方言及蓝山话,7,6,stable_single_mapping,客家,7,客家::7,,high::7,客家::7
客家方言和潮汕方言,7,4,stable_single_mapping,客家、闽,7,混合::7,,medium::7,客家、闽::7
客家方言涯话和粤方言,7,6,stable_single_mapping,粤、客家,7,混合::7,涯话::7,medium::7,粤、客家::7
客家方言腰古话,7,3,stable_single_mapping,客家,7,客家::7,,medium::7,客家::7
客家民系，客家方言涯话,7,6,stable_single_mapping,客家·涯话,7,客家::7,涯话::7,medium::7,客家·涯话::7
广府民系，使用粤方言吴川吴阳话,7,2,stable_single_mapping,粤,7,粤::7,,medium::7,粤::7
广府民系，使用粤方言湛江白话,7,5,stable_single_mapping,粤,7,粤::7,,medium::7,粤::7
广府民系，客家方言,7,4,stable_single_mapping,客家,7,客家::7,,medium::7,客家::7
广府民系，粤方言化州话,7,5,stable_single_mapping,粤·化州话,7,粤::7,化州话::7,medium::7,粤·化州话::7
广府民系，粤方言广宁话,7,6,stable_single_mapping,粤·广宁话,7,粤::7,广宁话::7,medium::7,粤·广宁话::7
广府民系，粤方言恩平话,7,7,stable_single_mapping,粤·恩平话,7,粤::7,恩平话::7,medium::7,粤·恩平话::7
广府民系，粤语怀集下坊话,7,6,stable_single_mapping,粤·怀集下坊话,7,粤::7,怀集下坊话::7,medium::7,粤·怀集下坊话::7
方言,7,5,stable_single_mapping,方言,7,,,low::7,方言::7
粤方言和闽方言,7,6,stable_single_mapping,粤、闽,7,混合::7,,medium::7,粤、闽::7
粤方言四会龙甫话,7,7,stable_single_mapping,粤,7,粤::7,,high::7,粤::7
粤方言址山话,7,3,stable_single_mapping,粤,7,粤::7,,high::7,粤::7
粤方言怀集下帅话,7,0,stable_single_mapping,粤,7,粤::7,,high::7,粤::7
粤方言茂名话,7,7,stable_single_mapping,粤,7,粤::7,,high::7,粤::7
粤方言阳春白话（广府民系）,7,5,stable_single_mapping,粤·阳春白话,7,粤::7,阳春白话::7,medium::7,粤·阳春白话::7
粤方言鼎湖依坑话,7,6,stable_single_mapping,粤,7,粤::7,,high::7,粤::7
粤方言（清远白话）,7,7,stable_single_mapping,粤·清远白话,7,粤::7,清远白话::7,medium::7,粤·清远白话::7
粵方言,7,6,stable_single_mapping,粤,7,粤::7,,high::7,粤::7
虱婆声,7,7,stable_single_mapping,土话·虱婆声,7,土话::7,虱婆声::7,high::7,土话·虱婆声::7
通用台山话（广府民系）,7,6,stable_single_mapping,粤·台山话,7,粤::7,台山话::7,medium::7,粤·台山话::7
通用客家方言漳溪话,7,1,stable_single_mapping,客家,7,客家::7,,medium::7,客家::7
通用粤方言，承传客家方言,7,6,stable_single_mapping,粤、客家,7,混合::7,,medium::7,粤、客家::7
通用闽方言潮汕话,7,6,stable_single_mapping,闽·潮汕话,7,闽::7,潮汕话::7,medium::7,闽·潮汕话::7
闽南语系雷州话,7,4,stable_single_mapping,闽·雷州话,7,闽::7,雷州话::7,high::7,闽·雷州话::7
使用粤方言清远南冲话,6,5,stable_single_mapping,粤,6,粤::6,,medium::6,粤::6
四川方言,6,2,stable_single_mapping,官话·四川话,6,官话::6,四川话::6,high::6,官话·四川话::6
客家方言仁化扶溪左龙话,6,1,stable_single_mapping,客家,6,客家::6,,high::6,客家::6
客家方言四会通口话,6,4,stable_single_mapping,客家,6,客家::6,,high::6,客家::6
客家方言清远话,6,3,stable_single_mapping,客家,6,客家::6,,high::6,客家::6
客家话、粤方言,6,5,stable_single_mapping,粤、客家,6,混合::6,,medium::6,粤、客家::6
广府民系，使用四邑话,6,6,stable_single_mapping,粤·四邑话,6,粤::6,四邑话::6,medium::6,粤·四邑话::6
广府民系，使用星子话,6,6,stable_single_mapping,粤·星子话,6,粤::6,星子话::6,medium::6,粤·星子话::6
广府民系，使用粤方言东莞厚街话,6,1,stable_single_mapping,粤,6,粤::6,,medium::6,粤::6
广府民系，通用粤方言阳春岗美话,6,2,stable_single_mapping,粤,6,粤::6,,medium::6,粤::6
广府民系，通用粤方言阳江话,6,5,stable_single_mapping,粤·阳江话,6,粤::6,阳江话::6,medium::6,粤·阳江话::6
广府民系，通用粤方言高州话,6,3,stable_single_mapping,粤·高州话,6,粤::6,高州话::6,medium::6,粤·高州话::6
畲话方言,6,5,stable_single_mapping,少数民族·畲话,6,少数民族::6,畲话::6,high::6,少数民族·畲话::6
粤方盲四邑话,6,6,stable_single_mapping,粤·四邑话,6,粤::6,四邑话::6,high::6,粤·四邑话::6
粤方言、能古话,6,5,stable_single_mapping,粤·能古话,6,粤::6,能古话::6,medium::6,粤·能古话::6
粤方言吴川王村港黎话,6,6,stable_single_mapping,粤、闽,6,混合::6,,medium::6,粤、闽::6
粤方言四会话,6,5,stable_single_mapping,粤·四会话,6,粤::6,四会话::6,high::6,粤·四会话::6
粤方言四包话,6,5,stable_single_mapping,粤·四邑话,6,粤::6,四邑话::6,high::6,粤·四邑话::6
粤方言四邑话（广府民系）,6,6,stable_single_mapping,粤·四邑话,6,粤::6,四邑话::6,medium::6,粤·四邑话::6
粤方言封川话、客家方言,6,6,stable_single_mapping,粤、客家,6,混合::6,封川话::6,medium::6,粤、客家::6
粤方言怀集上坊话、怀集梁村标话,6,6,stable_single_mapping,粤·怀集梁村标话,6,粤::6,怀集梁村标话::6,medium::6,粤·怀集梁村标话::6
粤方言怀集上坊话及怀集梁村标话,6,6,stable_single_mapping,粤·怀集梁村标话,6,粤::6,怀集梁村标话::6,medium::6,粤·怀集梁村标话::6
粤方言清远白话（广府民系）,6,5,stable_single_mapping,粤·清远白话,6,粤::6,清远白话::6,medium::6,粤·清远白话::6
粤方言端州小湘话,6,1,stable_single_mapping,粤,6,粤::6,,high::6,粤::6
粤方言长岗话,6,5,stable_single_mapping,粤,6,粤::6,,high::6,粤::6
粤方言高要话（禄步口音）、客家方言,6,5,stable_single_mapping,粤、客家,6,混合::6,高要话::6,medium::6,粤、客家::6
粤方言高阳片阳江话（广府民系）,6,6,stable_single_mapping,粤·阳江话,6,粤::6,阳江话::6,medium::6,粤·阳江话::6
粤方言鼎湖莲花话,6,5,stable_single_mapping,粤,6,粤::6,,high::6,粤::6
粤语和四会话,6,6,stable_single_mapping,粤·四会话,6,粤::6,四会话::6,high::6,粤·四会话::6
粤语四邑话,6,6,stable_single_mapping,粤·四邑话,6,粤::6,四邑话::6,high::6,粤·四邑话::6
粤语封川话（广府民系）,6,5,stable_single_mapping,粤·封川话,6,粤::6,封川话::6,medium::6,粤·封川话::6
通用客家方言锡场话,6,5,stable_single_mapping,客家,6,客家::6,,medium::6,客家::6
雷州话和粤方言,6,6,stable_single_mapping,粤、闽,6,混合::6,雷州话::6,medium::6,粤、闽::6
使用粤方言吴川话,5,4,stable_single_mapping,粤·吴川话,5,粤::5,吴川话::5,medium::5,粤·吴川话::5
使用闽南方言,5,5,stable_single_mapping,闽,5,闽::5,,medium::5,闽::5
催古话,5,4,stable_single_mapping,粤·能古话,5,粤::5,能古话::5,medium::5,粤·能古话::5
客家、粤方言,5,4,stable_single_mapping,粤,5,粤::5,,medium::5,粤::5
客家方言、虱婆声,5,5,stable_single_mapping,客家、土话,5,混合::5,虱婆声::5,medium::5,客家、土话::5
客家方言、闽方言潮汕话,5,4,stable_single_mapping,客家、闽,5,混合::5,潮汕话::5,medium::5,客家、闽::5
客家方言东莞塘厦话,5,4,stable_single_mapping,粤、客家,5,混合::5,,medium::5,粤、客家::5
客家方言和四会话,5,3,stable_single_mapping,粤、客家,5,混合::5,四会话::5,medium::5,粤、客家::5
客家方言和粤方言恩平话,5,3,stable_single_mapping,粤、客家,5,混合::5,恩平话::5,medium::5,粤、客家::5
客家方言和闽方言潮汕话,5,3,stable_single_mapping,客家、闽,5,混合::5,潮汕话::5,medium::5,客家、闽::5
客家民系，客家方言,5,2,stable_single_mapping,客家,5,客家::5,,medium::5,客家::5
客家民系，客家方言电白涯话,5,5,stable_single_mapping,客家·涯话,5,客家::5,涯话::5,medium::5,客家·涯话::5
属广府民系，使用粤方言,5,3,stable_single_mapping,粤,5,粤::5,,medium::5,粤::5
广府民系,5,3,stable_single_mapping,粤,5,粤::5,,medium::5,粤::5
广府民系，使用粤方言东莞寮步话,5,1,stable_single_mapping,粤,5,粤::5,,medium::5,粤::5
广府民系，粤方言四会江谷话,5,5,stable_single_mapping,粤,5,粤::5,,medium::5,粤::5
广府民系，粤方言英德附城话,5,5,stable_single_mapping,粤,5,粤::5,,medium::5,粤::5
广府民系，通用偃话,5,5,stable_single_mapping,客家·涯话,5,客家::5,涯话::5,medium::5,客家·涯话::5
广府民系，通用化州倔话,5,4,stable_single_mapping,客家,5,客家::5,,medium::5,客家::5
广府民系，通用粤方言电白白话,5,4,stable_single_mapping,粤,5,粤::5,,medium::5,粤::5
汉族使用客家方言，壮族使用壮语北部方言连山壮话,5,2,stable_single_mapping,客家、少数民族,5,混合::5,连山壮话::5,medium::5,客家、少数民族::5
潮州话（闽南方言）,5,2,stable_single_mapping,闽·潮汕话,5,闽::5,潮汕话::5,medium::5,闽·潮汕话::5
粤方言古镇话,5,4,stable_single_mapping,粤,5,粤::5,,high::5,粤::5
粤方言吴川话（即白话）,5,1,stable_single_mapping,粤·吴川话,5,粤::5,吴川话::5,medium::5,粤·吴川话::5
粤方言和雷州话,5,5,stable_single_mapping,粤、闽,5,混合::5,雷州话::5,medium::5,粤、闽::5
粤方言四话,5,4,stable_single_mapping,粤,5,粤::5,,high::5,粤::5
粤方言恩平话、客家方言,5,4,stable_single_mapping,粤、客家,5,混合::5,恩平话::5,medium::5,粤、客家::5
粤方言阳江话（广府民系）,5,5,stable_single_mapping,粤·阳江话,5,粤::5,阳江话::5,medium::5,粤·阳江话::5
粤方言（四会话）,5,5,stable_single_mapping,粤·四会话,5,粤::5,四会话::5,medium::5,粤·四会话::5
粤方言；粤方言,5,2,stable_single_mapping,粤,5,粤::5,,medium::5,粤::5
粤语阳春白话,5,5,stable_single_mapping,粤·阳春白话,5,粤::5,阳春白话::5,high::5,粤·阳春白话::5
通用偃话,5,3,stable_single_mapping,客家·涯话,5,客家::5,涯话::5,medium::5,客家·涯话::5
通用旧时正话,5,3,stable_single_mapping,官话·旧时正话,5,官话::5,旧时正话::5,medium::5,官话·旧时正话::5
通用畲话,5,3,stable_single_mapping,少数民族·畲话,5,少数民族::5,畲话::5,medium::5,少数民族·畲话::5
通用粤方言广宁话,5,5,stable_single_mapping,粤·广宁话,5,粤::5,广宁话::5,medium::5,粤·广宁话::5
使用粤方言怀集上坊话,4,3,stable_single_mapping,粤·怀集上坊话,4,粤::4,怀集上坊话::4,medium::4,粤·怀集上坊话::4
使用粤方言清远白话,4,4,stable_single_mapping,粤·清远白话,4,粤::4,清远白话::4,medium::4,粤·清远白话::4
使用粤方言连山话,4,4,stable_single_mapping,粤,4,粤::4,,medium::4,粤::4
使用粤方言高阳片阳江话,4,2,stable_single_mapping,粤·阳江话,4,粤::4,阳江话::4,medium::4,粤·阳江话::4
军话,4,2,stable_single_mapping,官话·军话,4,官话::4,军话::4,high::4,官话·军话::4
四川话,4,3,stable_single_mapping,官话·四川话,4,官话::4,四川话::4,high::4,官话·四川话::4
壮语北部方言连山壮话和粤方言连山话,4,1,stable_single_mapping,粤、少数民族,4,混合::4,连山壮话::4,medium::4,粤、少数民族::4
客家方言、粤方言恩平话,4,3,stable_single_mapping,粤、客家,4,混合::4,恩平话::4,medium::4,粤、客家::4
客家方言、闽方言（连滩话）,4,4,stable_single_mapping,客家、闽,4,混合::4,连滩话::4,medium::4,客家、闽::4
客家方言仁化城口恩村话,4,1,stable_single_mapping,客家,4,客家::4,,high::4,客家::4
客家方言和粤方言四邑话,4,3,stable_single_mapping,粤、客家,4,混合::4,四邑话::4,medium::4,粤、客家::4
客家方言话,4,2,stable_single_mapping,客家,4,客家::4,,high::4,客家::4
客家方言阳春倔话和粤方言阳春白话,4,4,stable_single_mapping,粤、客家,4,混合::4,阳春白话::4,medium::4,粤、客家::4
客家方言阳春偃话,4,4,stable_single_mapping,客家·涯话,4,客家::4,涯话::4,high::4,客家·涯话::4
客家方言阳春偃话和粤方言阳春白话,4,3,stable_single_mapping,粤·阳春白话、客家·涯话,4,混合::4,阳春白话::4,medium::4,粤·阳春白话、客家·涯话::4
客家方言阳春涯话、粤方言阳春白话,4,3,stable_single_mapping,粤·阳春白话、客家·涯话,4,混合::4,阳春白话::4,medium::4,粤·阳春白话、客家·涯话::4
客家方言阳春涯话和粤方言阳春白话,4,2,stable_single_mapping,粤·阳春白话、客家·涯话,4,混合::4,阳春白话::4,medium::4,粤·阳春白话、客家·涯话::4
客家民系，使用客家方言,4,3,stable_single_mapping,客家,4,客家::4,,medium::4,客家::4
客家话、黄圃话,4,3,stable_single_mapping,客家、土话,4,混合::4,黄圃话::4,medium::4,客家、土话::4
广府民系、客家民系，通用粤方言、客家方言,4,3,stable_single_mapping,粤、客家,4,混合::4,,medium::4,粤、客家::4
广府民系，使用粤方言东莞石碣话,4,3,stable_single_mapping,粤,4,粤::4,,medium::4,粤::4
广府民系，使用粤方言东莞高埗话,4,2,stable_single_mapping,粤,4,粤::4,,medium::4,粤::4
广府民系，使用粤方言阳江话,4,2,stable_single_mapping,粤·阳江话,4,粤::4,阳江话::4,medium::4,粤·阳江话::4
广府民系，使用粤方言龙门话,4,4,stable_single_mapping,粤·龙门话,4,粤::4,龙门话::4,medium::4,粤·龙门话::4
广府民系，粤方言阳春春北白话,4,3,stable_single_mapping,粤,4,粤::4,,medium::4,粤::4
恩平话,4,4,stable_single_mapping,粤·恩平话,4,粤::4,恩平话::4,high::4,粤·恩平话::4
惠州地方话,4,2,stable_single_mapping,土话·惠州地方话,4,土话::4,惠州地方话::4,high::4,土话·惠州地方话::4
旧时正话,4,1,stable_single_mapping,官话·旧时正话,4,官话::4,旧时正话::4,high::4,官话·旧时正话::4
潮汕方言和客家方言,4,3,stable_single_mapping,客家、闽,4,混合::4,,medium::4,客家、闽::4
粤方言、清远白话,4,3,stable_single_mapping,粤·清远白话,4,粤::4,清远白话::4,medium::4,粤·清远白话::4
粤方言共和话,4,3,stable_single_mapping,粤,4,粤::4,,high::4,粤::4
粤方言台山话、客家方言,4,3,stable_single_mapping,粤、客家,4,混合::4,台山话::4,medium::4,粤、客家::4
粤方言崖南话,4,4,stable_single_mapping,粤,4,粤::4,,high::4,粤::4
粤方言广州话,4,1,stable_single_mapping,粤,4,粤::4,,high::4,粤::4
粤方言怀集上坊话、梁村标话,4,2,stable_single_mapping,粤·怀集上坊话,4,粤::4,怀集上坊话::4,medium::4,粤·怀集上坊话::4
粤方言恩平话、阳春话,4,4,stable_single_mapping,粤·恩平话,4,粤::4,恩平话::4,medium::4,粤·恩平话::4
粤方言恩平话（广府民系）,4,3,stable_single_mapping,粤·恩平话,4,粤::4,恩平话::4,medium::4,粤·恩平话::4
粤方言王村港黎话,4,4,stable_single_mapping,粤、闽,4,混合::4,,medium::4,粤、闽::4
粤方言白话和闽方言电白黎话,4,4,stable_single_mapping,粤、闽,4,混合::4,电白黎话::4,medium::4,粤、闽::4
粤方言茂名山阁话,4,3,stable_single_mapping,粤,4,粤::4,,high::4,粤::4
粤方言袂花话；闽方言茂南话（黎话）,4,3,stable_single_mapping,粤、闽,4,混合::4,袂花话::4,medium::4,粤、闽::4
粤方言阳山白话和清远白话,4,0,stable_single_mapping,粤·清远白话,4,粤::4,清远白话::4,high::4,粤·清远白话::4
粤方言阳春白话和客家方言阳春涯话,4,4,stable_single_mapping,粤·阳春白话、客家·涯话,4,混合::4,阳春白话::4,medium::4,粤·阳春白话、客家·涯话::4
粤方言高要话（蚬岗口音）,4,3,stable_single_mapping,粤·高要话,4,粤::4,高要话::4,medium::4,粤·高要话::4
粤方言鼎湖六桥话,4,4,stable_single_mapping,粤,4,粤::4,,high::4,粤::4
粤语台山话,4,2,stable_single_mapping,粤·台山话,4,粤::4,台山话::4,high::4,粤·台山话::4
粤语开建话（广府民系）,4,3,stable_single_mapping,粤·开建话,4,粤::4,开建话::4,medium::4,粤·开建话::4
连州话,4,3,stable_single_mapping,粤·连州话,4,粤::4,连州话::4,high::4,粤·连州话::4
连滩话,4,3,stable_single_mapping,闽·连滩话,4,闽::4,连滩话::4,high::4,闽·连滩话::4
通用客家方言涯话,4,2,stable_single_mapping,客家·涯话,4,客家::4,涯话::4,medium::4,客家·涯话::4
通用畲话方言,4,3,stable_single_mapping,少数民族·畲话,4,少数民族::4,畲话::4,medium::4,少数民族·畲话::4
通用闽方言电白海话,4,4,stable_single_mapping,闽·电白海话,4,闽::4,电白海话::4,medium::4,闽·电白海话::4
闫方言潮汕话,4,2,stable_single_mapping,闽·潮汕话,4,闽::4,潮汕话::4,high::4,闽·潮汕话::4
使用军话,3,3,stable_single_mapping,官话·军话,3,官话::3,军话::3,medium::3,官话·军话::3
使用古话,3,2,stable_single_mapping,粤·能古话,3,粤::3,能古话::3,medium::3,粤·能古话::3
使用壮方言,3,0,stable_single_mapping,少数民族,3,少数民族::3,,medium::3,少数民族::3
使用客家方言仁化董塘话,3,1,stable_single_mapping,客家·仁化董塘话,3,客家::3,仁化董塘话::3,medium::3,客家·仁化董塘话::3
使用客家方言四会迳口话,3,1,stable_single_mapping,客家,3,客家::3,,medium::3,客家::3
使用粤方言洲心话,3,2,stable_single_mapping,粤,3,粤::3,,medium::3,粤::3
使用粤方言阳春白话,3,2,stable_single_mapping,粤·阳春白话,3,粤::3,阳春白话::3,medium::3,粤·阳春白话::3
使用粤方言，部分村民使用客家方言涯话,3,2,stable_single_mapping,粤、客家,3,混合::3,涯话::3,medium::3,粤、客家::3
使用饶平客家话,3,2,stable_single_mapping,客家,3,客家::3,,medium::3,客家::3
信宜客家话、粤方言恩平话,3,3,stable_single_mapping,粤、客家,3,混合::3,恩平话::3,medium::3,粤、客家::3
四会话,3,3,stable_single_mapping,粤·四会话,3,粤::3,四会话::3,high::3,粤·四会话::3
壮方言和粤方言怀集下帅话,3,0,stable_single_mapping,粤、少数民族,3,混合::3,,medium::3,粤、少数民族::3
壮族使用壮语北部方言连山壮话，汉族使用客家方言,3,1,stable_single_mapping,客家、少数民族,3,混合::3,连山壮话::3,medium::3,客家、少数民族::3
壮语北部方言连山壮话、粤方言连山话,3,1,stable_single_mapping,粤、少数民族,3,混合::3,连山壮话::3,medium::3,粤、少数民族::3
壮语北部方言连山壮话和粤方言怀集话,3,1,stable_single_mapping,粤·连山壮话、少数民族·怀集话,3,混合::3,连山壮话::3,medium::3,粤·连山壮话、少数民族·怀集话::3
客家方言、潮汕方言、粤方言,3,1,stable_single_mapping,粤、客家、闽,3,混合::3,,medium::3,粤、客家、闽::3
客家方言、闽南语,3,3,stable_single_mapping,客家、闽,3,混合::3,,medium::3,客家、闽::3
客家方言、雷州话,3,3,stable_single_mapping,客家、闽,3,混合::3,雷州话::3,medium::3,客家、闽::3
客家方言东莞大岭山话,3,3,stable_single_mapping,粤、客家,3,混合::3,,medium::3,粤、客家::3
客家方言久社话,3,3,stable_single_mapping,客家,3,客家::3,,high::3,客家::3
客家方言仁化塞麻话,3,2,stable_single_mapping,客家·仁化塞麻话,3,客家::3,仁化塞麻话::3,high::3,客家·仁化塞麻话::3
客家方言及普通话,3,3,stable_single_mapping,客家、官话,3,混合::3,普通话::3,medium::3,客家、官话::3
客家方言及粤方言（以客家方言为主）,3,1,stable_single_mapping,粤、客家,3,混合::3,,medium::3,粤、客家::3
客家方言和粤方言高要话,3,2,stable_single_mapping,粤、客家,3,混合::3,高要话::3,medium::3,粤、客家::3
客家方言和雷州话,3,3,stable_single_mapping,客家、闽,3,混合::3,雷州话::3,medium::3,客家、闽::3
客家方言河口涯话,3,2,stable_single_mapping,客家·涯话,3,客家::3,涯话::3,high::3,客家·涯话::3
客家方言蓝□话,3,2,stable_single_mapping,客家,3,客家::3,,high::3,客家::3
客家方言阳春偃话、粤方言阳春白话,3,2,stable_single_mapping,粤·阳春白话、客家·涯话,3,混合::3,阳春白话::3,medium::3,粤·阳春白话、客家·涯话::3
客家方言阳春偃话和阳春白话,3,3,stable_single_mapping,粤·阳春白话、客家·涯话,3,混合::3,阳春白话::3,medium::3,粤·阳春白话、客家·涯话::3
客家方言阳春催话、粤方言阳春白话,3,3,stable_single_mapping,粤、客家,3,混合::3,阳春白话::3,medium::3,粤、客家::3
客家方言黄田语,3,2,stable_single_mapping,客家,3,客家::3,,high::3,客家::3
客家方言，属曲江沙溪乡音,3,3,stable_single_mapping,客家,3,客家::3,,medium::3,客家::3
客家民系，使用客家方言倔话,3,3,stable_single_mapping,客家,3,客家::3,,medium::3,客家::3
客家民系，使用客家方言水边话,3,3,stable_single_mapping,客家,3,客家::3,,medium::3,客家::3
客家民系，客家方言水边话,3,3,stable_single_mapping,客家,3,客家::3,,medium::3,客家::3
客家民系，客家方言英德附城话,3,3,stable_single_mapping,客家,3,客家::3,,medium::3,客家::3
客家话、闽方言,3,2,stable_single_mapping,客家、闽,3,混合::3,,medium::3,客家、闽::3
客家话和黄圃话，能互通,3,3,stable_single_mapping,客家、土话,3,混合::3,黄圃话::3,medium::3,客家、土话::3
容家方言,3,2,stable_single_mapping,客家,3,客家::3,,high::3,客家::3
属广府民系，通用粤方言广宁话,3,1,stable_single_mapping,粤·广宁话,3,粤::3,广宁话::3,medium::3,粤·广宁话::3
属广府民系，通用粤方言阳春白话,3,2,stable_single_mapping,粤·阳春白话,3,粤::3,阳春白话::3,medium::3,粤·阳春白话::3
广府民系，使用方言,3,2,stable_single_mapping,粤,3,粤::3,,medium::3,粤::3
广府民系，使用粤方言东莞万江话,3,3,stable_single_mapping,粤,3,粤::3,,medium::3,粤::3
广府民系，使用粤方言东莞桥头话,3,2,stable_single_mapping,粤,3,粤::3,,medium::3,粤::3
广府民系，使用粤方言四会清塘话,3,3,stable_single_mapping,粤,3,粤::3,,medium::3,粤::3
广府民系，使用粤方言广宁话,3,1,stable_single_mapping,粤·广宁话,3,粤::3,广宁话::3,medium::3,粤·广宁话::3
广府民系，使用粤方言沙田话,3,3,stable_single_mapping,粤·沙田话,3,粤::3,沙田话::3,medium::3,粤·沙田话::3
广府民系，使用粤方言清远南冲话,3,3,stable_single_mapping,粤,3,粤::3,,medium::3,粤::3
广府民系，使用粤方言连州话,3,3,stable_single_mapping,粤·连州话,3,粤::3,连州话::3,medium::3,粤·连州话::3
广府民系，使用粤方言阳春岗美话,3,0,stable_single_mapping,粤,3,粤::3,,medium::3,粤::3
广府民系，使用闽方言隆都话,3,2,stable_single_mapping,闽·隆都话,3,闽::3,隆都话::3,medium::3,闽·隆都话::3
广府民系，粤方言广宁白话,3,2,stable_single_mapping,粤,3,粤::3,,medium::3,粤::3
广府民系，粤方言怀集宁洞话,3,1,stable_single_mapping,粤·怀集宁洞话,3,粤::3,怀集宁洞话::3,medium::3,粤·怀集宁洞话::3
广府民系，粤方言阳春岗美白话,3,3,stable_single_mapping,粤,3,粤::3,,medium::3,粤::3
广府民系，粤方言阳春河口白话,3,3,stable_single_mapping,粤,3,粤::3,,medium::3,粤::3
广府民系，通用粤方言、怀集永固标话,3,1,stable_single_mapping,粤·怀集永固标话,3,粤::3,怀集永固标话::3,medium::3,粤·怀集永固标话::3
广府民系，通用粤方言阳春岗美白话,3,2,stable_single_mapping,粤,3,粤::3,,medium::3,粤::3
本地客家方言,3,2,stable_single_mapping,客家,3,客家::3,,high::3,客家::3
村内使用过山瑶话，对外使用客家方言始兴话,3,2,stable_single_mapping,客家、少数民族,3,混合::3,始兴话::3,medium::3,客家、少数民族::3
汉族使用粤方言阳春白话,3,3,stable_single_mapping,粤·阳春白话,3,粤::3,阳春白话::3,medium::3,粤·阳春白话::3
电白海话和粤方言电白白话,3,3,stable_single_mapping,粤、闽,3,混合::3,电白海话::3,medium::3,粤、闽::3
畬话,3,1,stable_single_mapping,少数民族·畲话,3,少数民族::3,畲话::3,high::3,少数民族·畲话::3
畬话方言,3,2,stable_single_mapping,少数民族·畲话,3,少数民族::3,畲话::3,high::3,少数民族·畲话::3
粤方言、客家话,3,2,stable_single_mapping,粤、客家,3,混合::3,,medium::3,粤、客家::3
粤方言、电白话,3,1,stable_single_mapping,粤,3,粤::3,,medium::3,粤::3
粤方言东莞石龙话,3,0,stable_single_mapping,粤,3,粤::3,,high::3,粤::3
粤方言化州自话,3,2,stable_single_mapping,粤,3,粤::3,,high::3,粤::3
粤方言及客家方言,3,2,stable_single_mapping,粤、客家,3,混合::3,,medium::3,粤、客家::3
粤方言台山话、恩平话,3,3,stable_single_mapping,粤·恩平话,3,粤::3,恩平话::3,medium::3,粤·恩平话::3
粤方言台山话；粤方言台山话,3,2,stable_single_mapping,粤·台山话,3,粤::3,台山话::3,medium::3,粤·台山话::3
粤方言和电白话,3,3,stable_single_mapping,粤,3,粤::3,,high::3,粤::3
粤方言四邑话、客家方言,3,3,stable_single_mapping,粤、客家,3,混合::3,四邑话::3,medium::3,粤、客家::3
粤方言广宁白话、客家方言,3,3,stable_single_mapping,粤、客家,3,混合::3,,medium::3,粤、客家::3
粤方言德庆话，城郊口音,3,3,stable_single_mapping,粤·德庆话,3,粤::3,德庆话::3,medium::3,粤·德庆话::3
粤方言怀集下坊话、客家方言,3,0,stable_single_mapping,粤、客家,3,混合::3,怀集下坊话::3,medium::3,粤、客家::3
粤方言怀集下坊话（广府民系）,3,2,stable_single_mapping,粤·怀集下坊话,3,粤::3,怀集下坊话::3,medium::3,粤·怀集下坊话::3
粤方言恩平话、高州话,3,2,stable_single_mapping,粤·恩平话,3,粤::3,恩平话::3,medium::3,粤·恩平话::3
粤方言恩平话和信宜话,3,3,stable_single_mapping,粤·恩平话,3,粤::3,恩平话::3,high::3,粤·恩平话::3
粤方言惠州话,3,1,stable_single_mapping,粤,3,粤::3,,high::3,粤::3
粤方言白话、闽方言电白黎话,3,3,stable_single_mapping,粤、闽,3,混合::3,电白黎话::3,medium::3,粤、闽::3
粤方言石岐话、闽方言南朗话,3,3,stable_single_mapping,粤、闽,3,混合::3,石岐话::3,medium::3,粤、闽::3
粤方言端州下瑶话,3,1,stable_single_mapping,粤、少数民族,3,混合::3,,medium::3,粤、少数民族::3
粤方言端州话和客家方言,3,1,stable_single_mapping,粤、客家,3,混合::3,,medium::3,粤、客家::3
粤方言能古话,3,2,stable_single_mapping,粤·能古话,3,粤::3,能古话::3,medium::3,粤·能古话::3
粤方言英德明迳话,3,3,stable_single_mapping,粤,3,粤::3,,high::3,粤::3
粤方言袂花话,3,3,stable_single_mapping,粤·袂花话,3,粤::3,袂花话::3,high::3,粤·袂花话::3
粤方言路溪话,3,3,stable_single_mapping,粤,3,粤::3,,high::3,粤::3
粤方言连山话、壮语北部方言连山壮话,3,1,stable_single_mapping,粤、少数民族,3,混合::3,连山壮话::3,medium::3,粤、少数民族::3
粤方言连山话（汉族）,3,3,stable_single_mapping,粤,3,粤::3,,medium::3,粤::3
粤方言阳春河□话,3,1,stable_single_mapping,粤,3,粤::3,,high::3,粤::3
粤方言阳春潭水话,3,3,stable_single_mapping,粤,3,粤::3,,high::3,粤::3
粤方言阳春白话、客家方言阳春涯话,3,3,stable_single_mapping,粤·阳春白话、客家·涯话,3,混合::3,阳春白话::3,medium::3,粤·阳春白话、客家·涯话::3
粤方言阳春话,3,3,stable_single_mapping,粤,3,粤::3,,high::3,粤::3
粤方言高州话、恩平话,3,3,stable_single_mapping,粤·恩平话,3,粤::3,恩平话::3,medium::3,粤·恩平话::3
粤方言高州话和倔话,3,2,stable_single_mapping,粤、客家,3,混合::3,高州话::3,medium::3,粤、客家::3
粤方言高要话（乐城口音）及客家方言,3,3,stable_single_mapping,粤、客家,3,混合::3,高要话::3,medium::3,粤、客家::3
粤方言（广州话及礼乐本土方言）,3,2,stable_single_mapping,粤,3,粤::3,,medium::3,粤::3
粤语和连州话,3,3,stable_single_mapping,粤·连州话,3,粤::3,连州话::3,high::3,粤·连州话::3
粤语怀集下坊话（广府民系）,3,3,stable_single_mapping,粤·怀集下坊话,3,粤::3,怀集下坊话::3,medium::3,粤·怀集下坊话::3
粤语方言阳春白话,3,3,stable_single_mapping,粤·阳春白话,3,粤::3,阳春白话::3,high::3,粤·阳春白话::3
虱话,3,1,stable_single_mapping,土话·虱婆声,3,土话::3,虱婆声::3,high::3,土话·虱婆声::3
通用化州倔话,3,3,stable_single_mapping,客家,3,客家::3,,medium::3,客家::3
通用客家方言兴宁话,3,3,stable_single_mapping,客家,3,客家::3,,medium::3,客家::3
通用客家方言始兴话,3,3,stable_single_mapping,客家·始兴话,3,客家::3,始兴话::3,medium::3,客家·始兴话::3
通用粤方言怀集宁洞话,3,2,stable_single_mapping,粤·怀集宁洞话,3,粤::3,怀集宁洞话::3,medium::3,粤·怀集宁洞话::3
通用粤方言高州话,3,2,stable_single_mapping,粤·高州话,3,粤::3,高州话::3,medium::3,粤·高州话::3
通用虱婆声,3,3,stable_single_mapping,土话·虱婆声,3,土话::3,虱婆声::3,medium::3,土话·虱婆声::3
通用连州话,3,2,stable_single_mapping,粤·连州话,3,粤::3,连州话::3,medium::3,粤·连州话::3
通用重庆话,3,3,stable_single_mapping,官话·重庆话,3,官话::3,重庆话::3,medium::3,官话·重庆话::3
通用闽南语,3,3,stable_single_mapping,闽,3,闽::3,,medium::3,闽::3
通用韶关话（虱婆声）,3,3,stable_single_mapping,土话·虱婆声,3,土话::3,虱婆声::3,medium::3,土话·虱婆声::3
闽南方言、客家方言,3,2,stable_single_mapping,客家、闽,3,混合::3,,medium::3,客家、闽::3
闽南方言和客家方言,3,3,stable_single_mapping,客家、闽,3,混合::3,,medium::3,客家、闽::3
闽南方言潮汕话,3,2,stable_single_mapping,闽·潮汕话,3,闽::3,潮汕话::3,high::3,闽·潮汕话::3
闽南语系潮汕话,3,3,stable_single_mapping,闽·潮汕话,3,闽::3,潮汕话::3,high::3,闽·潮汕话::3
闽方言、尖米话,3,3,stable_single_mapping,闽·尖米话,3,闽::3,尖米话::3,medium::3,闽·尖米话::3
闽方言潮汕话和客家方言,3,3,stable_single_mapping,客家、闽,3,混合::3,潮汕话::3,medium::3,客家、闽::3
闽方言（电白海话）,3,3,stable_single_mapping,闽·电白海话,3,闽::3,电白海话::3,medium::3,闽·电白海话::3
阳春白话,3,3,stable_single_mapping,粤·阳春白话,3,粤::3,阳春白话::3,high::3,粤·阳春白话::3
韶关话（虱婆声）、粤方言,3,2,stable_single_mapping,粤、土话,3,混合::3,虱婆声::3,medium::3,粤、土话::3
韶关话（虱婆声）和客家话,3,2,stable_single_mapping,客家、土话,3,混合::3,虱婆声::3,medium::3,客家、土话::3
黄圃话,3,3,stable_single_mapping,土话·黄圃话,3,土话::3,黄圃话::3,high::3,土话·黄圃话::3
使用壮语北部方言连山壮话和粤方言连山话,2,1,stable_single_mapping,粤、少数民族,2,混合::2,连山壮话::2,medium::2,粤、少数民族::2
使用客家方言东莞樟木头话,2,1,stable_single_mapping,粤、客家,2,混合::2,东莞樟木头话::2,medium::2,粤、客家::2
使用客家方言仁化附城话,2,1,stable_single_mapping,客家,2,客家::2,,medium::2,客家::2
使用惠州地方话,2,2,stable_single_mapping,惠州地方话,2,,惠州地方话::2,medium::2,惠州地方话::2
使用方言,2,1,stable_single_mapping,使用方言,2,,,low::2,使用方言::2
使用粤方言东莞南城话,2,1,stable_single_mapping,粤,2,粤::2,,medium::2,粤::2
使用粤方言东莞塘厦话,2,2,stable_single_mapping,粤,2,粤::2,,medium::2,粤::2
使用粤方言东莞寮步话,2,2,stable_single_mapping,粤,2,粤::2,,medium::2,粤::2
使用粤方言化州白话,2,1,stable_single_mapping,粤·化州白话,2,粤::2,化州白话::2,medium::2,粤·化州白话::2
使用粤方言湛江白话,2,1,stable_single_mapping,粤,2,粤::2,,medium::2,粤::2
使用粤方言高州话,2,1,stable_single_mapping,粤·高州话,2,粤::2,高州话::2,medium::2,粤·高州话::2
使用粵方言蛇声,2,1,stable_single_mapping,蛇声,2,,蛇声::2,medium::2,蛇声::2
使用苗瑶语族瑶语支的勉语，同时使用客家方言,2,0,stable_single_mapping,客家、少数民族,2,混合::2,瑶语::2,medium::2,客家、少数民族::2
使用闽方言南朗话,2,2,stable_single_mapping,闽,2,闽::2,,medium::2,闽::2
原使用客家方言阳春倔话，现使用粤方言阳春白话,2,2,stable_single_mapping,粤、客家,2,混合::2,阳春白话::2,medium::2,粤、客家::2
吴川白话,2,1,stable_single_mapping,粤,2,粤::2,,high::2,粤::2
四色话,2,2,stable_single_mapping,粤·四邑话,2,粤::2,四邑话::2,high::2,粤·四邑话::2
壮方言,2,0,stable_single_mapping,少数民族,2,少数民族::2,,high::2,少数民族::2
壮族使用连山壮话，汉族使用客家方言,2,1,stable_single_mapping,客家、少数民族,2,混合::2,连山壮话::2,medium::2,客家、少数民族::2
壮族使用连山壮话，汉族使用连山话,2,1,stable_single_mapping,少数民族·连山壮话,2,少数民族::2,连山壮话::2,medium::2,少数民族·连山壮话::2
壮语北部方言连山壮话、粤方言怀集话,2,2,stable_single_mapping,粤·连山壮话、少数民族·怀集话,2,混合::2,连山壮话::2,medium::2,粤·连山壮话、少数民族·怀集话::2
客家、广府民系，通用客家、粤方言,2,2,stable_single_mapping,粤,2,粤::2,,medium::2,粤::2
客家方言、乐昌南乡话,2,2,stable_single_mapping,客家,2,客家::2,,medium::2,客家::2
客家方言、潮州话,2,2,stable_single_mapping,客家、闽,2,混合::2,潮汕话::2,medium::2,客家、闽::2
客家方言、瑶语,2,1,stable_single_mapping,客家、少数民族,2,混合::2,瑶语::2,medium::2,客家、少数民族::2
客家方言、粤方言端州话,2,1,stable_single_mapping,粤、客家,2,混合::2,,medium::2,粤、客家::2
客家方言东莞虎门话,2,2,stable_single_mapping,粤、客家,2,混合::2,,medium::2,粤、客家::2
客家方言仁化董塘话、乳源话,2,1,stable_single_mapping,客家·仁化董塘话,2,客家::2,仁化董塘话::2,medium::2,客家·仁化董塘话::2
客家方言仁化董塘话和乳源话,2,1,stable_single_mapping,客家·仁化董塘话,2,客家::2,仁化董塘话::2,high::2,客家·仁化董塘话::2
客家方言及惠州地方话,2,1,stable_single_mapping,客家·惠州地方话,2,客家::2,惠州地方话::2,high::2,客家·惠州地方话::2
客家方言及粤方言,2,2,stable_single_mapping,粤、客家,2,混合::2,,medium::2,粤、客家::2
客家方言及粤方言广宁话,2,2,stable_single_mapping,粤、客家,2,混合::2,广宁话::2,medium::2,粤、客家::2
客家方言及闽南语,2,2,stable_single_mapping,客家、闽,2,混合::2,,medium::2,客家、闽::2
客家方言和瑶族语言,2,0,stable_single_mapping,客家,2,客家::2,,high::2,客家::2
客家方言和闽南话,2,0,stable_single_mapping,客家,2,客家::2,,high::2,客家::2
客家方言和闽南语,2,2,stable_single_mapping,客家、闽,2,混合::2,,medium::2,客家、闽::2
客家方言和闽方言,2,1,stable_single_mapping,客家、闽,2,混合::2,,medium::2,客家、闽::2
客家方言埔前音,2,2,stable_single_mapping,客家,2,客家::2,,high::2,客家::2
客家方言曲江虱婆声,2,1,stable_single_mapping,客家、土话,2,混合::2,虱婆声::2,medium::2,客家、土话::2
客家方言河口话,2,2,stable_single_mapping,客家,2,客家::2,,high::2,客家::2
客家方言清远白话,2,2,stable_single_mapping,粤、客家,2,混合::2,清远白话::2,medium::2,粤、客家::2
客家方言潮州话,2,2,stable_single_mapping,客家、闽,2,混合::2,潮汕话::2,medium::2,客家、闽::2
客家方言英德黄花话,2,2,stable_single_mapping,客家,2,客家::2,,high::2,客家::2
客家方言阳春佳话,2,2,stable_single_mapping,客家,2,客家::2,,high::2,客家::2
客家方言阳春河口倔话,2,2,stable_single_mapping,客家,2,客家::2,,high::2,客家::2
客家方言龙川话,2,1,stable_single_mapping,客家,2,客家::2,,high::2,客家::2
客家方言（俗称畬话或归善话、潼湖话）,2,1,stable_single_mapping,客家、少数民族,2,混合::2,,medium::2,客家、少数民族::2
客家方言（属曲江沙溪乡音）,2,2,stable_single_mapping,客家,2,客家::2,,medium::2,客家::2
客家方言（涯话）,2,2,stable_single_mapping,客家·涯话,2,客家::2,涯话::2,medium::2,客家·涯话::2
客家民系、广府民系；客家方言、粤方言广宁话,2,2,stable_single_mapping,粤、客家,2,混合::2,广宁话::2,medium::2,粤、客家::2
客家民系，使用客家方言四会下茆话,2,2,stable_single_mapping,客家,2,客家::2,,medium::2,客家::2
客家民系，客家方言倔话,2,2,stable_single_mapping,客家,2,客家::2,,medium::2,客家::2
客家民系，客家方言河口倔话,2,1,stable_single_mapping,客家,2,客家::2,,medium::2,客家::2
客家民系，客家方言黄村话,2,1,stable_single_mapping,客家·黄村话,2,客家::2,黄村话::2,medium::2,客家·黄村话::2
客家民系，粤方言阳春河口话,2,2,stable_single_mapping,粤,2,粤::2,,medium::2,粤::2
客家民系，通用客家方言倔话,2,2,stable_single_mapping,客家,2,客家::2,,medium::2,客家::2
客家民系，通用客家方言涯话,2,2,stable_single_mapping,客家·涯话,2,客家::2,涯话::2,medium::2,客家·涯话::2
客家民系，通用客家方言灯塔话,2,2,stable_single_mapping,客家,2,客家::2,,medium::2,客家::2
客家民系，通用客家方言英德附城话,2,2,stable_single_mapping,客家,2,客家::2,,medium::2,客家::2
客家话、粤方言广宁话,2,2,stable_single_mapping,粤、客家,2,混合::2,广宁话::2,medium::2,粤、客家::2
客家话、黄圃话互通,2,2,stable_single_mapping,客家、土话,2,混合::2,黄圃话::2,medium::2,客家、土话::2
客家话（龙南声）,2,2,stable_single_mapping,客家,2,客家::2,,medium::2,客家::2
客方言,2,1,stable_single_mapping,客家,2,客家::2,,high::2,客家::2
容家方盲,2,2,stable_single_mapping,客家,2,客家::2,,high::2,客家::2
对内使用过山瑶话，对外使用客家方言始兴话,2,1,stable_single_mapping,客家、少数民族,2,混合::2,始兴话::2,medium::2,客家、少数民族::2
専方言,2,1,stable_single_mapping,粤,2,粤::2,,high::2,粤::2
專方言,2,1,stable_single_mapping,粤,2,粤::2,,high::2,粤::2
属广府民系，使用粤方言化州白话,2,2,stable_single_mapping,粤·化州白话,2,粤::2,化州白话::2,medium::2,粤·化州白话::2
属广府民系，使用粤方言封川话,2,2,stable_single_mapping,粤·封川话,2,粤::2,封川话::2,medium::2,粤·封川话::2
属广府民系，使用粤方言蛇声,2,1,stable_single_mapping,粤·蛇声,2,粤::2,蛇声::2,medium::2,粤·蛇声::2
属广府民系，通用粤方言封川话,2,2,stable_single_mapping,粤·封川话,2,粤::2,封川话::2,medium::2,粤·封川话::2
属广府民系，通用粤方言高阳片阳江话,2,2,stable_single_mapping,粤·阳江话,2,粤::2,阳江话::2,medium::2,粤·阳江话::2
属潮汕民系，通用闽南方言潮州话,2,2,stable_single_mapping,闽·潮汕话,2,闽::2,潮汕话::2,medium::2,闽·潮汕话::2
岑方言,2,2,stable_single_mapping,粤,2,粤::2,,high::2,粤::2
广宁话（客家民系）,2,1,stable_single_mapping,粤·广宁话,2,粤::2,广宁话::2,medium::2,粤·广宁话::2
广府和客家方言,2,2,stable_single_mapping,客家,2,客家::2,,high::2,客家::2
广府方言,2,2,stable_single_mapping,粤,2,粤::2,,high::2,粤::2
广府民系，使用粤方盲阳春白话,2,2,stable_single_mapping,粤·阳春白话,2,粤::2,阳春白话::2,medium::2,粤·阳春白话::2
广府民系，使用粤方言东莞东城话,2,1,stable_single_mapping,粤,2,粤::2,,medium::2,粤::2
广府民系，使用粤方言东莞企石话,2,2,stable_single_mapping,粤,2,粤::2,,medium::2,粤::2
广府民系，使用粤方言东莞常平话,2,2,stable_single_mapping,粤,2,粤::2,,medium::2,粤::2
广府民系，使用粤方言东莞石排话,2,0,stable_single_mapping,粤,2,粤::2,,medium::2,粤::2
广府民系，使用粤方言东莞道滘话,2,1,stable_single_mapping,粤,2,粤::2,,medium::2,粤::2
广府民系，使用粤方言四会下茆话,2,1,stable_single_mapping,粤,2,粤::2,,medium::2,粤::2
广府民系，使用粤方言螯头话,2,2,stable_single_mapping,粤,2,粤::2,,medium::2,粤::2
广府民系，使用粤方言高州话,2,0,stable_single_mapping,粤·高州话,2,粤::2,高州话::2,medium::2,粤·高州话::2
广府民系，使用粤语四邑话,2,2,stable_single_mapping,粤·四邑话,2,粤::2,四邑话::2,medium::2,粤·四邑话::2
广府民系，使用阳春白话,2,2,stable_single_mapping,粤·阳春白话,2,粤::2,阳春白话::2,medium::2,粤·阳春白话::2
广府民系，粤方言清远白话,2,2,stable_single_mapping,粤·清远白话,2,粤::2,清远白话::2,medium::2,粤·清远白话::2
广府民系，粤方言英德石莲江话,2,2,stable_single_mapping,粤,2,粤::2,,medium::2,粤::2
广府民系，粤方言蛇声,2,1,stable_single_mapping,粤·蛇声,2,粤::2,蛇声::2,medium::2,粤·蛇声::2
广府民系，粤方言高要话,2,2,stable_single_mapping,粤·高要话,2,粤::2,高要话::2,medium::2,粤·高要话::2
广府民系，粤方言高要话（河台口音）,2,2,stable_single_mapping,粤·高要话,2,粤::2,高要话::2,medium::2,粤·高要话::2
广府民系，粤方言高要话（金利口音）,2,2,stable_single_mapping,粤·高要话,2,粤::2,高要话::2,medium::2,粤·高要话::2
广府民系，通用客家方言河口涯话,2,2,stable_single_mapping,客家·涯话,2,客家::2,涯话::2,medium::2,客家·涯话::2
广府民系，通用粤方言平凤话,2,2,stable_single_mapping,粤,2,粤::2,,medium::2,粤::2
广府民系，通用粤方言广宁白话,2,2,stable_single_mapping,粤,2,粤::2,,medium::2,粤::2
广府民系，通用粤方言沙田话,2,0,stable_single_mapping,粤·沙田话,2,粤::2,沙田话::2,medium::2,粤·沙田话::2
广府民系，通用粤方言英德大湾话,2,1,stable_single_mapping,粤,2,粤::2,,medium::2,粤::2
广府民系，通用粤方言阳春白话,2,2,stable_single_mapping,粤·阳春白话,2,粤::2,阳春白话::2,medium::2,粤·阳春白话::2
广府民系，通用粤方言高州白话,2,1,stable_single_mapping,粤,2,粤::2,,medium::2,粤::2
广府民系，通用粤方言高要话（河台口音）,2,1,stable_single_mapping,粤·高要话,2,粤::2,高要话::2,medium::2,粤·高要话::2
广府民系，通用粤方言高阳片阳江话,2,2,stable_single_mapping,粤·阳江话,2,粤::2,阳江话::2,medium::2,粤·阳江话::2
广府民系，通用连州话,2,2,stable_single_mapping,粤·连州话,2,粤::2,连州话::2,medium::2,粤·连州话::2
方客家方言,2,2,stable_single_mapping,客家,2,客家::2,,high::2,客家::2
普通话,2,2,stable_single_mapping,官话·普通话,2,官话::2,普通话::2,high::2,官话·普通话::2
本地畲话,2,1,stable_single_mapping,少数民族·畲话,2,少数民族::2,畲话::2,high::2,少数民族·畲话::2
汉族为客家民系，通用客家方言,2,1,stable_single_mapping,客家,2,客家::2,,medium::2,客家::2
汉族使用客家方言；壮族使用壮语北部方言连山壮话,2,2,stable_single_mapping,客家、少数民族,2,混合::2,连山壮话::2,medium::2,客家、少数民族::2
汉族属广府民系，使用粤方言阳春白话,2,2,stable_single_mapping,粤·阳春白话,2,粤::2,阳春白话::2,medium::2,粤·阳春白话::2
湘语,2,2,stable_single_mapping,湘语·湘语,2,湘语::2,湘语::2,high::2,湘语·湘语::2
潮州话（潮汕民系）,2,2,stable_single_mapping,闽·潮汕话,2,闽::2,潮汕话::2,medium::2,闽·潮汕话::2
潮州连滩话,2,2,stable_single_mapping,闽·连滩话,2,闽::2,连滩话::2,high::2,闽·连滩话::2
潮汕话（潮汕民系）,2,2,stable_single_mapping,闽·潮汕话,2,闽::2,潮汕话::2,medium::2,闽·潮汕话::2
潮汕话（闽方言）、客家话（客家方言）,2,1,stable_single_mapping,客家、闽,2,混合::2,潮汕话::2,medium::2,客家、闽::2
瑶族和客家方言,2,0,stable_single_mapping,客家,2,客家::2,,high::2,客家::2
瑶族方言,2,1,stable_single_mapping,少数民族·瑶族方言,2,少数民族::2,瑶族方言::2,high::2,少数民族·瑶族方言::2
瑶语过山瑶话,2,1,stable_single_mapping,少数民族·瑶语,2,少数民族::2,瑶语::2,high::2,少数民族·瑶语::2
瑶语（过山瑶）,2,2,stable_single_mapping,少数民族·瑶语,2,少数民族::2,瑶语::2,medium::2,少数民族·瑶语::2
畲族语言和闽南方言潮州话,2,2,stable_single_mapping,闽·潮汕话,2,闽::2,潮汕话::2,high::2,闽·潮汕话::2
畲语、客家方言,2,0,stable_single_mapping,客家,2,客家::2,,medium::2,客家::2
粤方盲恩平话,2,2,stable_single_mapping,粤·恩平话,2,粤::2,恩平话::2,high::2,粤·恩平话::2
粤方盲湛江白话,2,2,stable_single_mapping,粤,2,粤::2,,high::2,粤::2
粤方盲高阳片阳江话,2,1,stable_single_mapping,粤·阳江话,2,粤::2,阳江话::2,high::2,粤·阳江话::2
粤方言、客家方言、骚（当地说法）话,2,2,stable_single_mapping,粤、客家,2,混合::2,,medium::2,粤、客家::2
粤方言、潮汕方言、客家方言,2,2,stable_single_mapping,粤、客家、闽,2,混合::2,,medium::2,粤、客家、闽::2
粤方言、闽方言雷州话,2,0,stable_single_mapping,粤、闽,2,混合::2,雷州话::2,medium::2,粤、闽::2
粤方言东莞塘厦话、客家话,2,1,stable_single_mapping,粤、客家,2,混合::2,,medium::2,粤、客家::2
粤方言东莞客家话,2,2,stable_single_mapping,粤、客家,2,混合::2,,medium::2,粤、客家::2
粤方言信宜话,2,2,stable_single_mapping,粤,2,粤::2,,high::2,粤::2
粤方言健古话,2,1,stable_single_mapping,粤,2,粤::2,,medium::2,粤::2
粤方言和客家话,2,2,stable_single_mapping,粤、客家,2,混合::2,,medium::2,粤、客家::2
粤方言和闽方言电白黎话,2,2,stable_single_mapping,粤、闽,2,混合::2,电白黎话::2,medium::2,粤、闽::2
粤方言四会下茆话（广府民系）,2,1,stable_single_mapping,粤,2,粤::2,,medium::2,粤::2
粤方言四会通口话,2,2,stable_single_mapping,粤,2,粤::2,,high::2,粤::2
粤方言头话,2,0,stable_single_mapping,粤,2,粤::2,,high::2,粤::2
粤方言客家话,2,1,stable_single_mapping,粤、客家,2,混合::2,,medium::2,粤、客家::2
粤方言广宁话、客家话,2,2,stable_single_mapping,粤、客家,2,混合::2,广宁话::2,medium::2,粤、客家::2
粤方言怀集上坊话及标话,2,2,stable_single_mapping,粤·怀集上坊话,2,粤::2,怀集上坊话::2,medium::2,粤·怀集上坊话::2
粤方言怀集上坊话和怀集梁村标话,2,2,stable_single_mapping,粤·怀集梁村标话,2,粤::2,怀集梁村标话::2,medium::2,粤·怀集梁村标话::2
粤方言怀集下坊话和客家方言,2,0,stable_single_mapping,粤、客家,2,混合::2,怀集下坊话::2,medium::2,粤、客家::2
粤方言怀集县上坊话,2,2,stable_single_mapping,粤,2,粤::2,,high::2,粤::2
粤方言怀集梁村上坊话、怀集梁村标话,2,1,stable_single_mapping,粤·怀集梁村标话,2,粤::2,怀集梁村标话::2,medium::2,粤·怀集梁村标话::2
粤方言恩平话、信宜话,2,2,stable_single_mapping,粤·恩平话,2,粤::2,恩平话::2,medium::2,粤·恩平话::2
粤方言恩平话、台山话,2,2,stable_single_mapping,粤·恩平话,2,粤::2,恩平话::2,medium::2,粤·恩平话::2
粤方言恩平话（带有新会口音）,2,2,stable_single_mapping,粤·恩平话,2,粤::2,恩平话::2,medium::2,粤·恩平话::2
粤方言曹步话,2,2,stable_single_mapping,粤,2,粤::2,,high::2,粤::2
粤方言沙田话（接近顺德话）,2,2,stable_single_mapping,粤·沙田话,2,粤::2,沙田话::2,medium::2,粤·沙田话::2
粤方言清远白话和客家方言,2,1,stable_single_mapping,粤、客家,2,混合::2,清远白话::2,medium::2,粤、客家::2
粤方言电白白话、闽方言电白黎话,2,1,stable_single_mapping,粤、闽,2,混合::2,电白黎话::2,medium::2,粤、闽::2
粤方言白话、客家方言涯话,2,2,stable_single_mapping,粤、客家,2,混合::2,涯话::2,medium::2,粤、客家::2
粤方言白话和闽方言黎话,2,2,stable_single_mapping,粤、闽,2,混合::2,,medium::2,粤、闽::2
粤方言石坎话,2,0,stable_single_mapping,粤,2,粤::2,,high::2,粤::2
粤方言英德石莲话,2,2,stable_single_mapping,粤,2,粤::2,,high::2,粤::2
粤方言英德附城话（广府民系）,2,2,stable_single_mapping,粤,2,粤::2,,medium::2,粤::2
粤方言茂南话和闽方言茂南话（黎话）,2,2,stable_single_mapping,粤、闽,2,混合::2,,medium::2,粤、闽::2
粤方言连山话及客家话,2,2,stable_single_mapping,粤、客家,2,混合::2,,medium::2,粤、客家::2
粤方言连山话（广府民系）,2,2,stable_single_mapping,粤,2,粤::2,,medium::2,粤::2
粤方言阳春白话及客家方言阳春倔话,2,2,stable_single_mapping,粤、客家,2,混合::2,阳春白话::2,medium::2,粤、客家::2
粤方言高州话（广府民系）,2,1,stable_single_mapping,粤·高州话,2,粤::2,高州话::2,medium::2,粤·高州话::2
粤方言高要话、客家方言,2,2,stable_single_mapping,粤、客家,2,混合::2,高要话::2,medium::2,粤、客家::2
粤方言高要话乐城口音和客家方言,2,2,stable_single_mapping,粤、客家,2,混合::2,高要话::2,medium::2,粤、客家::2
粤方言高要话（小湘口音）,2,1,stable_single_mapping,粤·高要话,2,粤::2,高要话::2,medium::2,粤·高要话::2
粤方言高要话（禄步□音）,2,2,stable_single_mapping,粤·高要话,2,粤::2,高要话::2,medium::2,粤·高要话::2
粤方言高阳片阳江方言,2,2,stable_single_mapping,粤,2,粤::2,,high::2,粤::2
粤方言高阳片阳江话，少数人使用高州话,2,2,stable_single_mapping,粤·阳江话,2,粤::2,阳江话::2,medium::2,粤·阳江话::2
粤方言鼎湖坑口话,2,1,stable_single_mapping,粤,2,粤::2,,high::2,粤::2
粤方言（客家民系）,2,1,stable_single_mapping,粤,2,粤::2,,medium::2,粤::2
粤方言（平话）,2,2,stable_single_mapping,粤,2,粤::2,,medium::2,粤::2
粤方言（广府民系通用）,2,1,stable_single_mapping,粤,2,粤::2,,medium::2,粤::2
粤方言（高要话乐城口音）、客家方言,2,2,stable_single_mapping,粤、客家,2,混合::2,高要话::2,medium::2,粤、客家::2
粤方言，广府民系,2,0,stable_single_mapping,粤,2,粤::2,,medium::2,粤::2
粤方言，部分村民讲客家方言,2,2,stable_single_mapping,粤、客家,2,混合::2,,medium::2,粤、客家::2
粤语怀集诗洞话、粤语封川话,2,1,stable_single_mapping,粤·封川话,2,粤::2,封川话::2,medium::2,粤·封川话::2
粤语阳春白话和客家方言阳春倔话,2,2,stable_single_mapping,粤、客家,2,混合::2,阳春白话::2,medium::2,粤、客家::2
罗广话,2,1,stable_single_mapping,粤·罗广话,2,粤::2,罗广话::2,high::2,粤·罗广话::2
考方言,2,0,stable_single_mapping,粤,2,粤::2,,high::2,粤::2
虱婆声、客家方言,2,2,stable_single_mapping,客家、土话,2,混合::2,虱婆声::2,medium::2,客家、土话::2
通用四会话,2,1,stable_single_mapping,粤·四会话,2,粤::2,四会话::2,medium::2,粤·四会话::2
通用客家方言。,2,1,stable_single_mapping,客家,2,客家::2,,medium::2,客家::2
通用客家方言仙塘话,2,0,stable_single_mapping,客家,2,客家::2,,medium::2,客家::2
通用客家方言四会江林话,2,2,stable_single_mapping,客家,2,客家::2,,medium::2,客家::2
通用客家方言始兴澄江话,2,1,stable_single_mapping,客家,2,客家::2,,medium::2,客家::2
通用客家方言电白涯话,2,2,stable_single_mapping,客家·涯话,2,客家::2,涯话::2,medium::2,客家·涯话::2
通用客家方言蓝口话,2,1,stable_single_mapping,客家·蓝口话,2,客家::2,蓝口话::2,medium::2,客家·蓝口话::2
通用方言,2,1,stable_single_mapping,通用方言,2,,,low::2,通用方言::2
通用涯话（广府民系）,2,2,stable_single_mapping,客家·涯话,2,客家::2,涯话::2,medium::2,客家·涯话::2
通用粤方言和客家方言,2,2,stable_single_mapping,粤、客家,2,混合::2,,medium::2,粤、客家::2
通用粤方言石岐话，部分林姓村民使用隆都话,2,1,stable_single_mapping,粤·石岐话、闽·隆都话,2,混合::2,石岐话::2,medium::2,粤·石岐话、闽·隆都话::2
通用粤方言阳春白话,2,2,stable_single_mapping,粤·阳春白话,2,粤::2,阳春白话::2,medium::2,粤·阳春白话::2
通用粤方言，承传闽方言,2,2,stable_single_mapping,粤、闽,2,混合::2,,medium::2,粤、闽::2
通用萼方言,2,2,stable_single_mapping,通用萼方言,2,,,low::2,通用萼方言::2
通用虱话,2,2,stable_single_mapping,土话·虱婆声,2,土话::2,虱婆声::2,medium::2,土话·虱婆声::2
通粤方言,2,1,stable_single_mapping,粤,2,粤::2,,high::2,粤::2
郑姓使用客家方言，黄姓使用粤方言,2,2,stable_single_mapping,粤、客家,2,混合::2,,medium::2,粤、客家::2
部分使用粤方言东莞话，部分使用粤方言沙田话,2,0,stable_single_mapping,粤·沙田话,2,粤::2,沙田话::2,medium::2,粤·沙田话::2
部分使用粤方言四会威整话，部分使用客家方言四会威整话,2,2,stable_single_mapping,粤、客家,2,混合::2,,medium::2,粤、客家::2
重庆方言,2,1,stable_single_mapping,官话·重庆话,2,官话::2,重庆话::2,high::2,官话·重庆话::2
重庆话,2,2,stable_single_mapping,官话·重庆话,2,官话::2,重庆话::2,high::2,官话·重庆话::2
闫方言,2,1,stable_single_mapping,闽,2,闽::2,,high::2,闽::2
闽南方言饶平潮州话和部分客家方言,2,1,stable_single_mapping,客家、闽,2,混合::2,潮汕话::2,medium::2,客家、闽::2
闽南语、客家方言,2,2,stable_single_mapping,客家、闽,2,混合::2,,medium::2,客家、闽::2
闽方言、客家话,2,2,stable_single_mapping,客家、闽,2,混合::2,,medium::2,客家、闽::2
闽方言海话,2,2,stable_single_mapping,闽,2,闽::2,,high::2,闽::2
闽方言电白黎话、粤方言白话,2,1,stable_single_mapping,粤、闽,2,混合::2,电白黎话::2,medium::2,粤、闽::2
闽方言茂南话,2,2,stable_single_mapping,闽,2,闽::2,,high::2,闽::2
闽方言连滩话,2,1,stable_single_mapping,闽·连滩话,2,闽::2,连滩话::2,high::2,闽·连滩话::2
闽方言雷州方言,2,1,stable_single_mapping,闽,2,闽::2,,high::2,闽::2
闽方言鹤话,2,0,stable_single_mapping,闽,2,闽::2,,high::2,闽::2
闽方言黎话、客家方言涯话,2,2,stable_single_mapping,客家、闽,2,混合::2,涯话::2,medium::2,客家、闽::2
闽方言黎话、粤方言白话,2,2,stable_single_mapping,粤、闽,2,混合::2,,medium::2,粤、闽::2
闽方言（连滩话）、粤方言,2,2,stable_single_mapping,粤、闽,2,混合::2,连滩话::2,medium::2,粤、闽::2
阳山话、客家方言,2,2,stable_single_mapping,客家,2,客家::2,,medium::2,客家::2
雷州方言,2,2,stable_single_mapping,闽·雷州话,2,闽::2,雷州话::2,high::2,闽·雷州话::2
雷州话、粤方言、客家方言,2,2,stable_single_mapping,粤、客家、闽,2,混合::2,雷州话::2,medium::2,粤、客家、闽::2
雷州话和客家方言,2,2,stable_single_mapping,客家、闽,2,混合::2,雷州话::2,medium::2,客家、闽::2
韶关话（虱婆声）、客家话,2,2,stable_single_mapping,客家、土话,2,混合::2,虱婆声::2,medium::2,客家、土话::2
高州话,2,1,stable_single_mapping,粤·高州话,2,粤::2,高州话::2,high::2,粤·高州话::2
20世纪60年代、70年代说客家方言，现老人会说，青年人及日常交流使用粤方言,1,1,stable_single_mapping,粤、客家,1,混合::1,,medium::1,粤、客家::1
80%客家民系使用客家方言阳春倔话，20%广府民系使用粤方言阳春白话,1,1,stable_single_mapping,粤、客家,1,混合::1,阳春白话::1,medium::1,粤、客家::1
下谭村：通用粤方言。尤鱼山村：通用粤方言。,1,1,stable_single_mapping,粤,1,粤::1,,medium::1,粤::1
世居村民使用客家方言,1,1,stable_single_mapping,客家,1,客家::1,,medium::1,客家::1
世居村民使用客家方言，20世纪90年代后因婚姻嫁娶，21世纪后新生代逐渐使用粤方言龙门话,1,1,stable_single_mapping,粤、客家,1,混合::1,龙门话::1,medium::1,粤、客家::1
世居村民使用客家方言，新生一代多使用粤方言,1,1,stable_single_mapping,粤、客家,1,混合::1,,medium::1,粤、客家::1
世居村民使用汉语，年轻一代普遍使用粤方言高要话（白诸口音）。,1,1,stable_single_mapping,粤·高要话,1,粤::1,高要话::1,medium::1,粤·高要话::1
丘姓使用客家方言，陈姓使用粤方言,1,0,stable_single_mapping,粤、客家,1,混合::1,,medium::1,粤、客家::1
东成村粤方言台山话；高龙村粤方言台山话,1,1,stable_single_mapping,粤·台山话,1,粤::1,台山话::1,medium::1,粤·台山话::1
东莞方言,1,0,stable_single_mapping,粤,1,粤::1,,high::1,粤::1
主要使用客家方言，也可用粤方言下方话交流,1,1,stable_single_mapping,粤、客家,1,混合::1,,medium::1,粤、客家::1
主要通用粤方言和客家方言,1,1,stable_single_mapping,粤、客家,1,混合::1,,medium::1,粤、客家::1
二洲片通用闽方言张家边话，三洲、壳涌、滘仔片通粤方言沙田话,1,1,stable_single_mapping,粤、闽,1,混合::1,沙田话::1,medium::1,粤、闽::1
仁化塞麻话,1,1,stable_single_mapping,土话·仁化塞麻话,1,土话::1,仁化塞麻话::1,high::1,土话·仁化塞麻话::1
从化客家话，粤方言,1,1,stable_single_mapping,粤、客家,1,混合::1,,medium::1,粤、客家::1
以普通话为主,1,1,stable_single_mapping,官话·普通话,1,官话::1,普通话::1,medium::1,官话·普通话::1
伍姓、莫姓使用粤方言高要话（水南口音）；何姓使用客家方言,1,1,stable_single_mapping,粤、客家,1,混合::1,高要话::1,medium::1,粤、客家::1
传统使用客家方言，受广府文化影响，现大多通用粤方言,1,0,stable_single_mapping,粤、客家,1,混合::1,,medium::1,粤、客家::1
传统使用客家方言，现大部分年轻人使用粤方言,1,1,stable_single_mapping,粤、客家,1,混合::1,,medium::1,粤、客家::1
何、许使用客家方言，王、祝使用粤方言,1,1,stable_single_mapping,粤、客家,1,混合::1,,medium::1,粤、客家::1
何姓、蔡姓使用客家方言；其他姓氏使用粤方言。,1,1,stable_single_mapping,粤、客家,1,混合::1,,medium::1,粤、客家::1
余姓：粤方言高要话（水南口音）；杨姓：客家方言,1,1,stable_single_mapping,粤、客家,1,混合::1,高要话::1,medium::1,粤、客家::1
使用古话（广府民系）,1,1,stable_single_mapping,粤·能古话,1,粤::1,能古话::1,medium::1,粤·能古话::1
使用吴川话（广府民系）,1,1,stable_single_mapping,粤·吴川话,1,粤::1,吴川话::1,medium::1,粤·吴川话::1
使用壮族北部方言连山壮话,1,1,stable_single_mapping,少数民族·连山壮话,1,少数民族::1,连山壮话::1,medium::1,少数民族·连山壮话::1
使用壮语北部方言连山壮话、粤方言怀集话,1,1,stable_single_mapping,粤·连山壮话、少数民族·怀集话,1,混合::1,连山壮话::1,medium::1,粤·连山壮话、少数民族·怀集话::1
使用壮语北部方言连山壮话和客家方言,1,1,stable_single_mapping,客家、少数民族,1,混合::1,连山壮话::1,medium::1,客家、少数民族::1
使用壮语北部方言连山壮语,1,1,stable_single_mapping,少数民族,1,少数民族::1,,medium::1,少数民族::1
使用客家方言东莞凤岗话,1,1,stable_single_mapping,粤、客家,1,混合::1,东莞凤岗话::1,medium::1,粤、客家::1
使用客家方言仁化塞麻话,1,1,stable_single_mapping,客家·仁化塞麻话,1,客家::1,仁化塞麻话::1,medium::1,客家·仁化塞麻话::1
使用客家方言仁化扶溪本土话,1,1,stable_single_mapping,客家、土话,1,混合::1,,medium::1,客家、土话::1
使用客家方言和蓝山话,1,0,stable_single_mapping,客家,1,客家::1,,medium::1,客家::1
使用客家方言涯话（客家话分支），可与讲客家话的人无障碍交流,1,1,stable_single_mapping,客家·涯话,1,客家::1,涯话::1,medium::1,客家·涯话::1
使用客家方言电白涯话,1,1,stable_single_mapping,客家·涯话,1,客家::1,涯话::1,medium::1,客家·涯话::1
使用客家方言阳春倔话,1,1,stable_single_mapping,客家,1,客家::1,,medium::1,客家::1
使用客家方言阳春倔话，今多用粤方言阳春白话,1,1,stable_single_mapping,粤、客家,1,混合::1,阳春白话::1,medium::1,粤、客家::1
使用客家方言阳春话,1,0,stable_single_mapping,客家,1,客家::1,,medium::1,客家::1
使用客家方言，21世纪被粤方言龙门话同化,1,1,stable_single_mapping,粤、客家,1,混合::1,龙门话::1,medium::1,粤、客家::1
使用客家方言，也会讲粤方言,1,1,stable_single_mapping,粤、客家,1,混合::1,,medium::1,粤、客家::1
使用客家方言，也有村民使用当地备话,1,1,stable_single_mapping,客家,1,客家::1,,medium::1,客家::1
使用客家方言，受广府文化影响，现大部分年轻人使用粤方言。,1,1,stable_single_mapping,粤、客家,1,混合::1,,medium::1,粤、客家::1
使用客家方言，对数字'四'不忌讳，认为'四'象征好事成双,1,0,stable_single_mapping,客家,1,客家::1,,medium::1,客家::1
使用客家方言，沿袭原籍桃源镇吃麦羹（玉米糊）的习惯,1,1,stable_single_mapping,客家,1,客家::1,,medium::1,客家::1
使用客家方言，现村民使用專方言,1,1,stable_single_mapping,客家,1,客家::1,,medium::1,客家::1
使用客家方言，近10年被龙门话同化,1,0,stable_single_mapping,粤、客家,1,混合::1,龙门话::1,medium::1,粤、客家::1
使用客家方言，部分村民使用闽南方言,1,0,stable_single_mapping,客家、闽,1,混合::1,,medium::1,客家、闽::1
使用客家话,1,1,stable_single_mapping,客家,1,客家::1,,medium::1,客家::1
使用寻方言四邑话,1,1,stable_single_mapping,粤·四邑话,1,粤::1,四邑话::1,medium::1,粤·四邑话::1
使用寻方言阳春白话,1,1,stable_single_mapping,粤·阳春白话,1,粤::1,阳春白话::1,medium::1,粤·阳春白话::1
使用専方盲阳春白话,1,1,stable_single_mapping,粤·阳春白话,1,粤::1,阳春白话::1,medium::1,粤·阳春白话::1
使用广府民系方言恩平话,1,1,stable_single_mapping,粤·恩平话,1,粤::1,恩平话::1,medium::1,粤·恩平话::1
使用广府民系的阳江话（寿方吉高阳片）,1,1,stable_single_mapping,粤·阳江话,1,粤::1,阳江话::1,medium::1,粤·阳江话::1
使用方言四话（四邑话）,1,1,stable_single_mapping,粤·四邑话,1,粤::1,四邑话::1,medium::1,粤·四邑话::1
使用方言（广府民系方言）,1,1,stable_single_mapping,使用方言（广府民系方言）,1,,,low::1,使用方言（广府民系方言）::1
使用旧时正话,1,1,stable_single_mapping,官话·旧时正话,1,官话::1,旧时正话::1,medium::1,官话·旧时正话::1
使用母方言恩平话（广府民系）,1,0,stable_single_mapping,粤·恩平话,1,粤::1,恩平话::1,medium::1,粤·恩平话::1
使用瑶族方言,1,1,stable_single_mapping,少数民族·瑶族方言,1,少数民族::1,瑶族方言::1,medium::1,少数民族·瑶族方言::1
使用畲语（对外使用客家方言）,1,0,stable_single_mapping,客家,1,客家::1,,medium::1,客家::1
使用粤方言。,1,1,stable_single_mapping,粤,1,粤::1,,medium::1,粤::1
使用粤方言东莞万江话,1,1,stable_single_mapping,粤,1,粤::1,,medium::1,粤::1
使用粤方言东莞企石话,1,0,stable_single_mapping,粤,1,粤::1,,medium::1,粤::1
使用粤方言东莞企石话。,1,0,stable_single_mapping,粤,1,粤::1,,medium::1,粤::1
使用粤方言东莞厚街话,1,0,stable_single_mapping,粤,1,粤::1,,medium::1,粤::1
使用粤方言东莞石碣话,1,1,stable_single_mapping,粤,1,粤::1,,medium::1,粤::1
使用粤方言吴川话、吉兆海话，有500多人会讲简单的海话,1,1,stable_single_mapping,粤、闽,1,混合::1,吴川话::1,medium::1,粤、闽::1
使用粤方言和客家方言,1,1,stable_single_mapping,粤、客家,1,混合::1,,medium::1,粤、客家::1
使用粤方言封川话,1,1,stable_single_mapping,粤·封川话,1,粤::1,封川话::1,medium::1,粤·封川话::1
使用粤方言广宁话,1,1,stable_single_mapping,粤·广宁话,1,粤::1,广宁话::1,medium::1,粤·广宁话::1
使用粤方言怀集下帅话，韦、覃两姓会互通壮方言,1,0,stable_single_mapping,粤、少数民族,1,混合::1,,medium::1,粤、少数民族::1
使用粤方言怀集话,1,1,stable_single_mapping,粤·怀集话,1,粤::1,怀集话::1,medium::1,粤·怀集话::1
使用粤方言沙田话,1,1,stable_single_mapping,粤·沙田话,1,粤::1,沙田话::1,medium::1,粤·沙田话::1
使用粤方言清远白话，小部分村民使用客家方言,1,1,stable_single_mapping,粤、客家,1,混合::1,清远白话::1,medium::1,粤、客家::1
使用粤方言清远白话，温氏族人之间也常用客家话交流,1,1,stable_single_mapping,粤、客家,1,混合::1,清远白话::1,medium::1,粤、客家::1
使用粤方言话。,1,1,stable_single_mapping,粤,1,粤::1,,medium::1,粤::1
使用粤方言连山话和客家方言,1,1,stable_single_mapping,粤、客家,1,混合::1,,medium::1,粤、客家::1
使用粤方言阳春春北白话、客家方言阳春涯话，通常用客家话交流,1,1,stable_single_mapping,粤、客家,1,混合::1,涯话::1,medium::1,粤、客家::1
使用粤方言阳江话,1,1,stable_single_mapping,粤·阳江话,1,粤::1,阳江话::1,medium::1,粤·阳江话::1
使用粤方言鼎湖话,1,1,stable_single_mapping,粤·鼎湖话,1,粤::1,鼎湖话::1,medium::1,粤·鼎湖话::1
使用粤方言（钱岗话），带有沙溪洞土音，与周边粤音差异显著,1,1,stable_single_mapping,粤,1,粤::1,,medium::1,粤::1
使用粤方言，部分村民讲客家方言,1,1,stable_single_mapping,粤、客家,1,混合::1,,medium::1,粤、客家::1
使用粤语封川话（广府民系）,1,1,stable_single_mapping,粤·封川话,1,粤::1,封川话::1,medium::1,粤·封川话::1
使用粵方言吴川话,1,0,stable_single_mapping,粤·吴川话,1,粤::1,吴川话::1,medium::1,粤·吴川话::1
使用粵方言恩平话,1,1,stable_single_mapping,粤·恩平话,1,粤::1,恩平话::1,medium::1,粤·恩平话::1
使用苗瑶语族瑶语支的勉语，同时使用客家话,1,0,stable_single_mapping,客家、少数民族,1,混合::1,瑶语::1,medium::1,客家、少数民族::1
使用苗瑶语族瑶语支的勉语，因地处汉区，客家话为村民常用语言,1,1,stable_single_mapping,客家、少数民族,1,混合::1,瑶语::1,medium::1,客家、少数民族::1
使用苗瑶语族瑶语支的勉语，因地处汉区，除讲瑶语，客家话是村民常用语言,1,1,stable_single_mapping,客家、少数民族,1,混合::1,瑶语::1,medium::1,客家、少数民族::1
使用苗瑶语族瑶语支的勉语，地处汉区常用客家话,1,1,stable_single_mapping,客家、少数民族,1,混合::1,瑶语::1,medium::1,客家、少数民族::1
使用苗瑶语族瑶语支的勉语，地处汉区，除瑶语，客家话也是村民常用语言,1,1,stable_single_mapping,客家、少数民族,1,混合::1,瑶语::1,medium::1,客家、少数民族::1
使用苗瑶语族瑶语支的勉语，客家话为常用语言,1,0,stable_single_mapping,客家、少数民族,1,混合::1,瑶语::1,medium::1,客家、少数民族::1
使用苗瑶语族瑶语支的勉语，属瑶族西边瑶（排瑶）支系,1,1,stable_single_mapping,少数民族·瑶语,1,少数民族::1,瑶语::1,medium::1,少数民族·瑶语::1
使用过山瑶话,1,1,stable_single_mapping,少数民族,1,少数民族::1,,medium::1,少数民族::1
使用闫方言潮汕话,1,1,stable_single_mapping,闽·潮汕话,1,闽::1,潮汕话::1,medium::1,闽·潮汕话::1
使用闽南方言潮汕话,1,1,stable_single_mapping,闽·潮汕话,1,闽::1,潮汕话::1,medium::1,闽·潮汕话::1
使用闽南方言，对外说客家方言,1,1,stable_single_mapping,客家、闽,1,混合::1,,medium::1,客家、闽::1
使用闽方言潮汕话、客家方言,1,0,stable_single_mapping,客家、闽,1,混合::1,潮汕话::1,medium::1,客家、闽::1
使用闽方言隆都话,1,0,stable_single_mapping,闽·隆都话,1,闽::1,隆都话::1,medium::1,闽·隆都话::1
使用闽方言鹤话，大多数年轻人使用粤方言,1,1,stable_single_mapping,粤、闽,1,混合::1,,medium::1,粤、闽::1
使用闽方言鹤话，现大多数年轻人使用粤方言清远话,1,1,stable_single_mapping,粤、闽,1,混合::1,,medium::1,粤、闽::1
使用闽方言黎话,1,1,stable_single_mapping,闽,1,闽::1,,medium::1,闽::1
使用闽方言，朱姓原为客家人但现年轻人不会说客家话,1,1,stable_single_mapping,客家、闽,1,混合::1,,medium::1,客家、闽::1
使用雩方言四邑话,1,1,stable_single_mapping,粤·四邑话,1,粤::1,四邑话::1,medium::1,粤·四邑话::1
俞、刘二姓使用粤方言端州小湘话,1,1,stable_single_mapping,粤,1,粤::1,,medium::1,粤::1
信用粤方言鼎湖话,1,1,stable_single_mapping,粤·鼎湖话,1,粤::1,鼎湖话::1,high::1,粤·鼎湖话::1
健话,1,0,stable_single_mapping,健话,1,,,low::1,健话::1
傅、欧两姓使用客家方言，陈姓使用四会话,1,0,stable_single_mapping,粤、客家,1,混合::1,四会话::1,medium::1,粤、客家::1
元壁话、连南瑶话,1,1,stable_single_mapping,少数民族,1,少数民族::1,,medium::1,少数民族::1
先辈使用客家方言，今使用粤方言,1,0,stable_single_mapping,粤、客家,1,混合::1,,medium::1,粤、客家::1
先辈使用客家方言；现村民使用粤方言,1,1,stable_single_mapping,粤、客家,1,混合::1,,medium::1,粤、客家::1
冯姓、李姓使用粤方言（广府民系）；温姓使用客家方言（客家民系）,1,1,stable_single_mapping,粤、客家,1,混合::1,,medium::1,粤、客家::1
冯姓、梁姓属广府民系，通用粤方言；丘姓属客家民系，通用客家方言。,1,1,stable_single_mapping,粤、客家,1,混合::1,,medium::1,粤、客家::1
冯姓：粤方言；曾、郭、梁：客家方言,1,1,stable_single_mapping,粤、客家,1,混合::1,,medium::1,粤、客家::1
冲话,1,0,stable_single_mapping,冲话,1,,,low::1,冲话::1
凤广府民系，通用台山话,1,1,stable_single_mapping,粤·台山话,1,粤::1,台山话::1,medium::1,粤·台山话::1
凤广府民系，通用粤方言德庆话,1,1,stable_single_mapping,粤·德庆话,1,粤::1,德庆话::1,medium::1,粤·德庆话::1
出门讲客家、入门讲白话,1,1,stable_single_mapping,粤,1,粤::1,,medium::1,粤::1
刘姓使用客家方言；吴、颜两姓使用闽方言,1,1,stable_single_mapping,客家、闽,1,混合::1,,medium::1,客家、闽::1
刘姓使用客家话；麦姓使用客家方言阳春倔话,1,1,stable_single_mapping,客家,1,客家::1,,medium::1,客家::1
刘姓：粤方言台山话；苏姓：瑶语,1,1,stable_single_mapping,粤·台山话、少数民族·瑶语,1,混合::1,台山话::1,medium::1,粤·台山话、少数民族·瑶语::1
初期使用客家方言，后通用粤方言、怀集永固标话,1,1,stable_single_mapping,粤、客家,1,混合::1,怀集永固标话::1,medium::1,粤、客家::1
化州倔话,1,1,stable_single_mapping,客家,1,客家::1,,high::1,客家::1
化州土白话,1,0,stable_single_mapping,粤,1,粤::1,,high::1,粤::1
化州话,1,1,stable_single_mapping,粤·化州话,1,粤::1,化州话::1,high::1,粤·化州话::1
华方言四邑话,1,1,stable_single_mapping,粤·四邑话,1,粤::1,四邑话::1,high::1,粤·四邑话::1
博方言四邑话,1,1,stable_single_mapping,粤·四邑话,1,粤::1,四邑话::1,high::1,粤·四邑话::1
卢、罗氏使用粤方言高州白话，其他村民使用粤方言阳春白话,1,1,stable_single_mapping,粤·阳春白话,1,粤::1,阳春白话::1,medium::1,粤·阳春白话::1
卢、陈姓村民使用粤方言高州话，其他使用粤方言阳春白话,1,0,stable_single_mapping,粤·阳春白话,1,粤::1,阳春白话::1,medium::1,粤·阳春白话::1
原使用客家方言阳春倔话，今已使用粤方言阳春白话,1,1,stable_single_mapping,粤、客家,1,混合::1,阳春白话::1,medium::1,粤、客家::1
原使用客家方言阳春倔话，现多使用粤方言阳春白话,1,1,stable_single_mapping,粤、客家,1,混合::1,阳春白话::1,medium::1,粤、客家::1
原客家话，现改为闽南方言潮州话,1,1,stable_single_mapping,客家、闽,1,混合::1,潮汕话::1,medium::1,客家、闽::1
原通用粤方言高州话，现口音趋同当地河口话,1,1,stable_single_mapping,粤·高州话,1,粤::1,高州话::1,medium::1,粤·高州话::1
古话和罗定白话,1,1,stable_single_mapping,粤,1,粤::1,,high::1,粤::1
古话（广府民系）,1,0,stable_single_mapping,粤·能古话,1,粤::1,能古话::1,medium::1,粤·能古话::1
古龙村：粤方言；罗汕村：粤方言,1,1,stable_single_mapping,粤,1,粤::1,,medium::1,粤::1
台山话及高州话,1,0,stable_single_mapping,粤·台山话,1,粤::1,台山话::1,high::1,粤·台山话::1
台山话（粤语方言）,1,1,stable_single_mapping,粤·台山话,1,粤::1,台山话::1,medium::1,粤·台山话::1
叶、李、刘姓使用客家方言；黎姓使用四会话,1,1,stable_single_mapping,粤、客家,1,混合::1,四会话::1,medium::1,粤、客家::1
叶、江姓通用客家话；冯、卢姓通用粤语广宁话；其他姓氏通用粤语怀集下坊话,1,1,stable_single_mapping,粤·怀集下坊话、客家·广宁话,1,混合::1,怀集下坊话::1,medium::1,粤·怀集下坊话、客家·广宁话::1
叶姓、苏姓通用客家方言，黄姓通用粤方言,1,1,stable_single_mapping,粤、客家,1,混合::1,,medium::1,粤、客家::1
叶姓通用客家方言，麦姓通用粤方言,1,1,stable_single_mapping,粤、客家,1,混合::1,,medium::1,粤、客家::1
吴、梁两姓使用粤方言；李、许两姓使用客家方言和粤方言,1,0,stable_single_mapping,粤、客家,1,混合::1,,medium::1,粤、客家::1
吴姓使用客家方言；罗、庞两姓使用粤方言,1,1,stable_single_mapping,粤、客家,1,混合::1,,medium::1,粤、客家::1
吴川兰石黎话,1,1,stable_single_mapping,闽,1,闽::1,,high::1,闽::1
吴川白话、水东黎话,1,1,stable_single_mapping,粤、闽,1,混合::1,,medium::1,粤、闽::1
吴川话（广府民系）,1,0,stable_single_mapping,粤·吴川话,1,粤::1,吴川话::1,medium::1,粤·吴川话::1
吴越方言电白旧时正话,1,1,stable_single_mapping,官话·旧时正话,1,官话::1,旧时正话::1,high::1,官话·旧时正话::1
周、李姓使用粤方言（水南口音）；刁、钟姓使用客家方言,1,1,stable_single_mapping,粤、客家,1,混合::1,,medium::1,粤、客家::1
周姓使用粤方言，郭姓使用湖南话,1,1,stable_single_mapping,粤,1,粤::1,,medium::1,粤::1
唐、周、邝三姓属广府民系，通用粤方言；廖、赖两姓属客家民系，通用客家方言。,1,0,stable_single_mapping,粤、客家,1,混合::1,,medium::1,粤、客家::1
唐姓通用粤方言；白姓、曾姓通用客家方言，白姓在家讲乐昌方言,1,1,stable_single_mapping,粤、客家,1,混合::1,,medium::1,粤、客家::1
四会话、客家话,1,1,stable_single_mapping,粤、客家,1,混合::1,四会话::1,medium::1,粤、客家::1
四会话、客家话、粤语,1,1,stable_single_mapping,粤、客家,1,混合::1,四会话::1,medium::1,粤、客家::1
四会话、星子话,1,1,stable_single_mapping,粤·星子话,1,粤::1,星子话::1,medium::1,粤·星子话::1
四会话、连州话,1,1,stable_single_mapping,粤·连州话,1,粤::1,连州话::1,medium::1,粤·连州话::1
四会话和连州话,1,1,stable_single_mapping,粤·连州话,1,粤::1,连州话::1,high::1,粤·连州话::1
四包话,1,1,stable_single_mapping,粤·四邑话,1,粤::1,四邑话::1,high::1,粤·四邑话::1
四川方言、重庆方言,1,1,stable_single_mapping,官话,1,官话::1,,medium::1,官话::1
四邑话（方言）,1,1,stable_single_mapping,粤·四邑话,1,粤::1,四邑话::1,medium::1,粤·四邑话::1
四邑话（粤语方言）,1,1,stable_single_mapping,粤·四邑话,1,粤::1,四邑话::1,medium::1,粤·四邑话::1
四邑话（考方言）,1,1,stable_single_mapping,粤·四邑话,1,粤::1,四邑话::1,medium::1,粤·四邑话::1
地古田村粤方言恩平话；凤王村客家方言,1,1,stable_single_mapping,粤、客家,1,混合::1,恩平话::1,medium::1,粤、客家::1
壮族使用壮语北部方言连山壮话，汉族使用粤方言怀集县冷坑话,1,1,stable_single_mapping,粤、少数民族,1,混合::1,连山壮话::1,medium::1,粤、少数民族::1
壮族使用壮语北部方言连山壮话；汉族使用客家方言,1,0,stable_single_mapping,客家、少数民族,1,混合::1,连山壮话::1,medium::1,客家、少数民族::1
壮族使用壮语北部方言连山壮话；汉族使用客家方言和粤方言连山话,1,1,stable_single_mapping,粤、客家、少数民族,1,混合::1,连山壮话::1,medium::1,粤、客家、少数民族::1
壮族使用壮语北部方言连山壮话；汉族使用粤方言连山话,1,1,stable_single_mapping,粤、少数民族,1,混合::1,连山壮话::1,medium::1,粤、少数民族::1
壮族使用壮语北部方言，汉族使用粤方言连山话,1,1,stable_single_mapping,粤、少数民族,1,混合::1,,medium::1,粤、少数民族::1
壮族使用连山壮话（北部方言），汉族使用客家方言,1,1,stable_single_mapping,客家、少数民族,1,混合::1,连山壮话::1,medium::1,客家、少数民族::1
壮族使用连山壮话，汉族使用粤方言连山话,1,1,stable_single_mapping,粤、少数民族,1,混合::1,连山壮话::1,medium::1,粤、少数民族::1
壮族北部方言连山壮话,1,1,stable_single_mapping,少数民族·连山壮话,1,少数民族::1,连山壮话::1,high::1,少数民族·连山壮话::1
壮语北部方言连山壮话、粤方言怀集话、客家方言,1,0,stable_single_mapping,粤·连山壮话、客家·怀集话,1,混合::1,连山壮话::1,medium::1,粤·连山壮话、客家·怀集话::1
壮语北部方言连山壮话、粤方言连山话、客家方言,1,1,stable_single_mapping,粤、客家、少数民族,1,混合::1,连山壮话::1,medium::1,粤、客家、少数民族::1
壮语北部方言连山壮话、粤语连山话、客家方言,1,1,stable_single_mapping,粤、客家、少数民族,1,混合::1,连山壮话::1,medium::1,粤、客家、少数民族::1
壮语北部方言连山壮话和客家方言,1,1,stable_single_mapping,客家、少数民族,1,混合::1,连山壮话::1,medium::1,客家、少数民族::1
壮语北部方言连山壮话（壮族）；客家方言（汉族）,1,1,stable_single_mapping,客家、少数民族,1,混合::1,连山壮话::1,medium::1,客家、少数民族::1
壮语北部方言连山壮语和粤方言怀集话,1,1,stable_single_mapping,粤、少数民族,1,混合::1,怀集话::1,medium::1,粤、少数民族::1
多使用粤方言石岐话，少部分使用客家话,1,1,stable_single_mapping,粤、客家,1,混合::1,石岐话::1,medium::1,粤、客家::1
多使用粤方言，兼用客家方言,1,0,stable_single_mapping,粤、客家,1,混合::1,,medium::1,粤、客家::1
多数讲客家话，少数讲粘米话、福老话和粤语。,1,1,stable_single_mapping,粤、客家,1,混合::1,,medium::1,粤、客家::1
大多使用闽方言，少部分使用客家方言,1,1,stable_single_mapping,客家、闽,1,混合::1,,medium::1,客家、闽::1
大多数使用粤方言阳春市白话；陈姓使用客家方言阳春倔话,1,1,stable_single_mapping,粤、客家,1,混合::1,,medium::1,粤、客家::1
大岭社、元岭社李氏、邝氏属广府民系，通用粤方言；大星社属客家民系，通用客家方言及粤方言,1,1,stable_single_mapping,粤、客家,1,混合::1,,medium::1,粤、客家::1
大部分使用客家方言，少部分使用粤方言石岐话,1,1,stable_single_mapping,粤、客家,1,混合::1,石岐话::1,medium::1,粤、客家::1
大部分使用粤方言怀集上坊话，冯姓村民讲客家方言,1,1,stable_single_mapping,粤、客家,1,混合::1,怀集上坊话::1,medium::1,粤、客家::1
大部分使用闽方言隆都话，少数属广府民系，讲粤方言沙田话。,1,1,stable_single_mapping,粤·隆都话、闽·沙田话,1,混合::1,隆都话::1,medium::1,粤·隆都话、闽·沙田话::1
大部分属广府民系，使用粤方言四会清塘话；小部分属客家民系，使用客家方言四会清塘话,1,1,stable_single_mapping,粤、客家,1,混合::1,,medium::1,粤、客家::1
大部分村民通用粤方言高要话（活道口音），小部分村民讲客家方言,1,1,stable_single_mapping,粤、客家,1,混合::1,高要话::1,medium::1,粤、客家::1
孔、冯姓通用粤方言怀集下坊话；陆、纪、范姓通用粤方言、客家方言,1,0,stable_single_mapping,粤、客家,1,混合::1,怀集下坊话::1,medium::1,粤、客家::1
学佬话,1,1,stable_single_mapping,闽·学佬话,1,闽::1,学佬话::1,high::1,闽·学佬话::1
学佬话、客家话、粘米话,1,1,stable_single_mapping,客家、闽,1,混合::1,学佬话::1,medium::1,客家、闽::1
学佬话、粘米话,1,1,stable_single_mapping,闽·学佬话,1,闽::1,学佬话::1,medium::1,闽·学佬话::1
学佬话和客家方言,1,1,stable_single_mapping,客家、闽,1,混合::1,学佬话::1,medium::1,客家、闽::1
客家、潮汕方言,1,1,stable_single_mapping,闽,1,闽::1,,medium::1,闽::1
客家、闽方言,1,1,stable_single_mapping,闽,1,闽::1,,medium::1,闽::1
客家上莞话,1,1,stable_single_mapping,客家·上莞话,1,客家::1,上莞话::1,high::1,客家·上莞话::1
客家方,1,0,stable_single_mapping,客家,1,客家::1,,high::1,客家::1
客家方官,1,1,stable_single_mapping,客家,1,客家::1,,high::1,客家::1
客家方宙,1,1,stable_single_mapping,客家,1,客家::1,,high::1,客家::1
客家方盲阳春倔话,1,1,stable_single_mapping,客家,1,客家::1,,high::1,客家::1
客家方言、四会话,1,1,stable_single_mapping,粤、客家,1,混合::1,四会话::1,medium::1,粤、客家::1
客家方言、四川方言,1,1,stable_single_mapping,客家、官话,1,混合::1,,medium::1,客家、官话::1
客家方言、学佬话,1,1,stable_single_mapping,客家、闽,1,混合::1,学佬话::1,medium::1,客家、闽::1
客家方言、平婆话,1,0,stable_single_mapping,客家,1,客家::1,,medium::1,客家::1
客家方言、普通话，部分畲族使用当地方言,1,1,stable_single_mapping,客家、官话,1,混合::1,普通话::1,medium::1,客家、官话::1
客家方言、河台话,1,1,stable_single_mapping,客家,1,客家::1,,medium::1,客家::1
客家方言、湖南临武方言,1,1,stable_single_mapping,客家,1,客家::1,,medium::1,客家::1
客家方言、湘南话,1,1,stable_single_mapping,客家,1,客家::1,,medium::1,客家::1
客家方言、潮汕方言,1,1,stable_single_mapping,客家、闽,1,混合::1,,medium::1,客家、闽::1
客家方言、潮汕话,1,1,stable_single_mapping,客家、闽,1,混合::1,潮汕话::1,medium::1,客家、闽::1
客家方言、粤方言、潮汕方言,1,1,stable_single_mapping,粤、客家、闽,1,混合::1,,medium::1,粤、客家、闽::1
客家方言、粤方言、雷州话,1,0,stable_single_mapping,粤、客家、闽,1,混合::1,雷州话::1,medium::1,粤、客家、闽::1
客家方言、粤方言四邑话,1,1,stable_single_mapping,粤、客家,1,混合::1,四邑话::1,medium::1,粤、客家::1
客家方言、粤方言广州话,1,1,stable_single_mapping,粤、客家,1,混合::1,,medium::1,粤、客家::1
客家方言、粤方言英德附城话（火砖屋村）；粤方言英德附城话（老屋村）,1,1,stable_single_mapping,粤、客家,1,混合::1,,medium::1,粤、客家::1
客家方言、粤方言高要话,1,0,stable_single_mapping,粤、客家,1,混合::1,高要话::1,medium::1,粤、客家::1
客家方言、粤方言高要话、水南口音,1,1,stable_single_mapping,粤、客家,1,混合::1,高要话::1,medium::1,粤、客家::1
客家方言、粤方言高要话（水南口音）,1,1,stable_single_mapping,粤、客家,1,混合::1,高要话::1,medium::1,粤、客家::1
客家方言、粤方言高要话，乐城口音,1,1,stable_single_mapping,粤、客家,1,混合::1,高要话::1,medium::1,粤、客家::1
客家方言、粤语高要方言莲塘话,1,0,stable_single_mapping,粤、客家,1,混合::1,,medium::1,粤、客家::1
客家方言、船家话,1,1,stable_single_mapping,客家,1,客家::1,,medium::1,客家::1
客家方言、英德附城话,1,1,stable_single_mapping,客家,1,客家::1,,medium::1,客家::1
客家方言、英德青坑白话,1,0,stable_single_mapping,粤、客家,1,混合::1,,medium::1,粤、客家::1
客家方言、闽南方言,1,1,stable_single_mapping,客家、闽,1,混合::1,,medium::1,客家、闽::1
客家方言、闽南方言、惠州地方话,1,1,stable_single_mapping,客家、闽,1,混合::1,惠州地方话::1,medium::1,客家、闽::1
客家方言、闽南话,1,1,stable_single_mapping,客家,1,客家::1,,medium::1,客家::1
客家方言、闽方言雷州话,1,1,stable_single_mapping,客家、闽,1,混合::1,雷州话::1,medium::1,客家、闽::1
客家方言、阳山话,1,1,stable_single_mapping,客家,1,客家::1,,medium::1,客家::1
客家方言三汤话,1,1,stable_single_mapping,客家,1,客家::1,,high::1,客家::1
客家方言与潮汕方言（双语地区）,1,1,stable_single_mapping,客家、闽,1,混合::1,,medium::1,客家、闽::1
客家方言与粤方言并存,1,1,stable_single_mapping,粤、客家,1,混合::1,,medium::1,粤、客家::1
客家方言与粤方言并用,1,0,stable_single_mapping,粤、客家,1,混合::1,,medium::1,粤、客家::1
客家方言与闽南语,1,1,stable_single_mapping,客家、闽,1,混合::1,,medium::1,客家、闽::1
客家方言东莞塘厦话、粤方言东莞塘厦话,1,0,stable_single_mapping,粤、客家,1,混合::1,,medium::1,粤、客家::1
客家方言为主，个别使用粤语、雷州话及少数民族方言,1,1,stable_single_mapping,粤、客家、闽,1,混合::1,雷州话::1,medium::1,粤、客家、闽::1
客家方言仁化城口话,1,1,stable_single_mapping,客家,1,客家::1,,high::1,客家::1
客家方言仁化当地话,1,1,stable_single_mapping,客家,1,客家::1,,high::1,客家::1
客家方言仁化胡坑话和乳源话,1,1,stable_single_mapping,客家,1,客家::1,,high::1,客家::1
客家方言仁化舌麻话、仁化董塘话,1,1,stable_single_mapping,客家·仁化董塘话,1,客家::1,仁化董塘话::1,medium::1,客家·仁化董塘话::1
客家方言仁化董塘话和仁化塞麻话,1,1,stable_single_mapping,客家·仁化董塘话,1,客家::1,仁化董塘话::1,high::1,客家·仁化董塘话::1
客家方言仁化董塘话和粤方言（白话）,1,1,stable_single_mapping,粤、客家,1,混合::1,仁化董塘话::1,medium::1,粤、客家::1
客家方言信宜倔话,1,1,stable_single_mapping,客家,1,客家::1,,high::1,客家::1
客家方言信宜话和粤方言恩平话,1,1,stable_single_mapping,粤、客家,1,混合::1,恩平话::1,medium::1,粤、客家::1
客家方言偃话,1,1,stable_single_mapping,客家·涯话,1,客家::1,涯话::1,high::1,客家·涯话::1
客家方言化州倔话,1,1,stable_single_mapping,客家,1,客家::1,,high::1,客家::1
客家方言南湖话,1,1,stable_single_mapping,客家,1,客家::1,,high::1,客家::1
客家方言又讲潮州话,1,0,stable_single_mapping,客家、闽,1,混合::1,潮汕话::1,medium::1,客家、闽::1
客家方言及尖米方言,1,1,stable_single_mapping,客家,1,客家::1,,high::1,客家::1
客家方言及星子话,1,1,stable_single_mapping,粤、客家,1,混合::1,星子话::1,medium::1,粤、客家::1
客家方言及闽南话,1,1,stable_single_mapping,客家,1,客家::1,,high::1,客家::1
客家方言及闽方言,1,1,stable_single_mapping,客家、闽,1,混合::1,,medium::1,客家、闽::1
客家方言及闽方言连滩话,1,1,stable_single_mapping,客家、闽,1,混合::1,连滩话::1,medium::1,客家、闽::1
客家方言和国方言潮汕话,1,0,stable_single_mapping,客家、闽,1,混合::1,潮汕话::1,medium::1,客家、闽::1
客家方言和尖米话,1,1,stable_single_mapping,客家·尖米话,1,客家::1,尖米话::1,high::1,客家·尖米话::1
客家方言和惠州地方话,1,1,stable_single_mapping,客家·惠州地方话,1,客家::1,惠州地方话::1,high::1,客家·惠州地方话::1
客家方言和星子话,1,0,stable_single_mapping,粤、客家,1,混合::1,星子话::1,medium::1,粤、客家::1
客家方言和本地话,1,0,stable_single_mapping,客家,1,客家::1,,high::1,客家::1
客家方言和湖南临武方言,1,1,stable_single_mapping,客家,1,客家::1,,high::1,客家::1
客家方言和湘方言,1,1,stable_single_mapping,客家,1,客家::1,,high::1,客家::1
客家方言和漳州语均通用,1,1,stable_single_mapping,客家,1,客家::1,,medium::1,客家::1
客家方言和畲族语言,1,1,stable_single_mapping,客家,1,客家::1,,high::1,客家::1
客家方言和福佬话,1,1,stable_single_mapping,客家、闽,1,混合::1,福佬话::1,medium::1,客家、闽::1
客家方言和粤商言,1,1,stable_single_mapping,客家,1,客家::1,,high::1,客家::1
客家方言和粤方言台山话,1,1,stable_single_mapping,粤、客家,1,混合::1,台山话::1,medium::1,粤、客家::1
客家方言和粤方言四会话,1,1,stable_single_mapping,粤、客家,1,混合::1,四会话::1,medium::1,粤、客家::1
客家方言和粤方言广宁白话,1,1,stable_single_mapping,粤、客家,1,混合::1,,medium::1,粤、客家::1
客家方言和粤方言广州话,1,1,stable_single_mapping,粤、客家,1,混合::1,,medium::1,粤、客家::1
客家方言和粤方言阳春白话,1,1,stable_single_mapping,粤、客家,1,混合::1,阳春白话::1,medium::1,粤、客家::1
客家方言和粤方言高要话活道口音,1,1,stable_single_mapping,粤、客家,1,混合::1,高要话::1,medium::1,粤、客家::1
客家方言和粤方言高要话（水南口音）,1,0,stable_single_mapping,粤、客家,1,混合::1,高要话::1,medium::1,粤、客家::1
客家方言和闽方言曲江‘连滩话’,1,1,stable_single_mapping,客家、闽,1,混合::1,连滩话::1,medium::1,客家、闽::1
客家方言和闽方言连滩话,1,1,stable_single_mapping,客家、闽,1,混合::1,连滩话::1,medium::1,客家、闽::1
客家方言和闽方言连滩话（张姓村民为闽方言连滩话）,1,1,stable_single_mapping,客家、闽,1,混合::1,连滩话::1,medium::1,客家、闽::1
客家方言和韶州土话,1,1,stable_single_mapping,客家、土话,1,混合::1,,medium::1,客家、土话::1
客家方言和黄圃话互通,1,1,stable_single_mapping,客家、土话,1,混合::1,黄圃话::1,medium::1,客家、土话::1
客家方言四会客家话,1,1,stable_single_mapping,客家,1,客家::1,,high::1,客家::1
客家方言四会罗源客家话,1,1,stable_single_mapping,客家,1,客家::1,,high::1,客家::1
客家方言四会邓村话,1,0,stable_single_mapping,客家,1,客家::1,,high::1,客家::1
客家方言四会龙湾话,1,1,stable_single_mapping,客家,1,客家::1,,high::1,客家::1
客家方言四会龙甫话,1,0,stable_single_mapping,客家,1,客家::1,,high::1,客家::1
客家方言大岭山话,1,1,stable_single_mapping,客家,1,客家::1,,high::1,客家::1
客家方言始兴罗床话,1,1,stable_single_mapping,客家,1,客家::1,,high::1,客家::1
客家方言始兴话和瑶语,1,1,stable_single_mapping,客家·始兴话、少数民族·瑶语,1,混合::1,始兴话::1,medium::1,客家·始兴话、少数民族·瑶语::1
客家方言小湘话,1,1,stable_single_mapping,客家,1,客家::1,,high::1,客家::1
客家方言或粤方言,1,0,stable_single_mapping,粤、客家,1,混合::1,,medium::1,粤、客家::1
客家方言新港话（汉族属客家民系）,1,0,stable_single_mapping,客家,1,客家::1,,medium::1,客家::1
客家方言曲江虱婆话,1,1,stable_single_mapping,客家,1,客家::1,,high::1,客家::1
客家方言水源话,1,0,stable_single_mapping,客家,1,客家::1,,high::1,客家::1
客家方言水源话（又称蛇话）,1,1,stable_single_mapping,客家,1,客家::1,,medium::1,客家::1
客家方言河口,1,1,stable_single_mapping,客家,1,客家::1,,high::1,客家::1
客家方言河口作话,1,1,stable_single_mapping,客家,1,客家::1,,high::1,客家::1
客家方言河源话、闽方言潮州话,1,1,stable_single_mapping,客家、闽,1,混合::1,潮汕话::1,medium::1,客家、闽::1
客家方言涯话、粤方言,1,1,stable_single_mapping,粤、客家,1,混合::1,涯话::1,medium::1,粤、客家::1
客家方言涯话及闽方言黎话,1,1,stable_single_mapping,客家、闽,1,混合::1,涯话::1,medium::1,客家、闽::1
客家方言清化话（船肚村）；客家方言清化话（大黄屋村）,1,1,stable_single_mapping,客家·清化话,1,客家::1,清化话::1,medium::1,客家·清化话::1
客家方言灯塔,1,1,stable_single_mapping,客家,1,客家::1,,high::1,客家::1
客家方言电,1,1,stable_single_mapping,客家,1,客家::1,,high::1,客家::1
客家方言电白偃话,1,1,stable_single_mapping,客家·涯话,1,客家::1,涯话::1,high::1,客家·涯话::1
客家方言电白涯话、粤方言阳江白话,1,1,stable_single_mapping,粤、客家,1,混合::1,涯话::1,medium::1,粤、客家::1
客家方言电白涯话、闽方言电白黎话,1,1,stable_single_mapping,客家·电白黎话、闽·涯话,1,混合::1,电白黎话::1,medium::1,客家·电白黎话、闽·涯话::1
客家方言电白涯话和闽方言电白海话,1,1,stable_single_mapping,客家·电白海话、闽·涯话,1,混合::1,电白海话::1,medium::1,客家·电白海话、闽·涯话::1
客家方言电白涯话和闽方言电白黎话,1,1,stable_single_mapping,客家·电白黎话、闽·涯话,1,混合::1,电白黎话::1,medium::1,客家·电白黎话、闽·涯话::1
客家方言石莲话,1,1,stable_single_mapping,客家,1,客家::1,,high::1,客家::1
客家方言移民话,1,1,stable_single_mapping,客家,1,客家::1,,high::1,客家::1
客家方言紫金话,1,1,stable_single_mapping,客家,1,客家::1,,high::1,客家::1
客家方言罗坝话,1,1,stable_single_mapping,客家,1,客家::1,,high::1,客家::1
客家方言英德话,1,1,stable_single_mapping,客家,1,客家::1,,high::1,客家::1
客家方言英德青坑话,1,1,stable_single_mapping,客家,1,客家::1,,high::1,客家::1
客家方言董塘话,1,1,stable_single_mapping,客家,1,客家::1,,high::1,客家::1
客家方言阳山话和乳源话,1,1,stable_single_mapping,客家,1,客家::1,,high::1,客家::1
客家方言阳春任话,1,1,stable_single_mapping,客家,1,客家::1,,high::1,客家::1
客家方言阳春俚话、粤方言阳春白话,1,0,stable_single_mapping,粤、客家,1,混合::1,阳春白话::1,medium::1,粤、客家::1
客家方言阳春倔话以及粤方言阳春春北白话,1,1,stable_single_mapping,粤、客家,1,混合::1,,medium::1,粤、客家::1
客家方言阳春倔话；粤方言阳春白话,1,0,stable_single_mapping,粤、客家,1,混合::1,阳春白话::1,medium::1,粤、客家::1
客家方言阳春涯话；粤方言阳春白话,1,1,stable_single_mapping,粤·阳春白话、客家·涯话,1,混合::1,阳春白话::1,medium::1,粤·阳春白话、客家·涯话::1
客家方言阳春话、粤方言阳春白话,1,1,stable_single_mapping,粤、客家,1,混合::1,阳春白话::1,medium::1,粤、客家::1
客家方言饶平话,1,1,stable_single_mapping,客家,1,客家::1,,high::1,客家::1
客家方言鼎湖话和粤方言,1,1,stable_single_mapping,粤、客家,1,混合::1,鼎湖话::1,medium::1,粤、客家::1
客家方言（何屋村）；客家方言（瑶坑村）,1,1,stable_single_mapping,客家,1,客家::1,,medium::1,客家::1
客家方言（俗称畬话、归善话、潼湖话）,1,0,stable_single_mapping,客家、少数民族,1,混合::1,,medium::1,客家、少数民族::1
客家方言（化州注话）,1,1,stable_single_mapping,客家,1,客家::1,,medium::1,客家::1
客家方言（化州涯话）,1,0,stable_single_mapping,客家·涯话,1,客家::1,涯话::1,medium::1,客家·涯话::1
客家方言（原使用闽南方言）,1,0,stable_single_mapping,客家、闽,1,混合::1,,medium::1,客家、闽::1
客家方言（容家方言）,1,1,stable_single_mapping,客家,1,客家::1,,medium::1,客家::1
客家方言（少部分使用闽南方言）,1,1,stable_single_mapping,客家、闽,1,混合::1,,medium::1,客家、闽::1
客家方言（属广府民系）,1,1,stable_single_mapping,客家,1,客家::1,,medium::1,客家::1
客家方言（属曲江沙溪话）,1,1,stable_single_mapping,客家,1,客家::1,,medium::1,客家::1
客家方言（平婆话）,1,1,stable_single_mapping,客家,1,客家::1,,medium::1,客家::1
客家方言（打工使用普通话）,1,1,stable_single_mapping,客家、官话,1,混合::1,普通话::1,medium::1,客家、官话::1
客家方言（汉族为客家民系）,1,0,stable_single_mapping,客家,1,客家::1,,medium::1,客家::1
客家方言（汉族村民属客家民系）,1,1,stable_single_mapping,客家,1,客家::1,,medium::1,客家::1
客家方言（汉族）,1,1,stable_single_mapping,客家,1,客家::1,,medium::1,客家::1
客家方言（自成系统）及粤方言端州话,1,1,stable_single_mapping,粤、客家,1,混合::1,,medium::1,粤、客家::1
客家方言（饶平半山客）,1,0,stable_single_mapping,客家,1,客家::1,,medium::1,客家::1
客家方言，20世纪90年代以来部分通用粤方言龙门话,1,1,stable_single_mapping,粤、客家,1,混合::1,龙门话::1,medium::1,粤、客家::1
客家方言，保留部分畲语、古汉语发音,1,1,stable_single_mapping,客家,1,客家::1,,medium::1,客家::1
客家方言，其中杜姓村民使用客家方言,1,0,stable_single_mapping,客家,1,客家::1,,medium::1,客家::1
客家方言，受邻村影响也使用粤方言龙门话,1,1,stable_single_mapping,粤、客家,1,混合::1,龙门话::1,medium::1,粤、客家::1
客家方言，当地称为猫地声,1,1,stable_single_mapping,客家,1,客家::1,,medium::1,客家::1
客家方言，懂粤方言,1,1,stable_single_mapping,粤、客家,1,混合::1,,medium::1,粤、客家::1
客家方言，粤方言,1,0,stable_single_mapping,粤、客家,1,混合::1,,medium::1,粤、客家::1
客家方言，粤方言广宁话,1,0,stable_single_mapping,粤、客家,1,混合::1,广宁话::1,medium::1,粤、客家::1
客家方言，粤方言端州话,1,1,stable_single_mapping,粤、客家,1,混合::1,,medium::1,粤、客家::1
客家方言，纯客居住区,1,1,stable_single_mapping,客家,1,客家::1,,medium::1,客家::1
客家方言，能用粤方言石岐话沟通,1,1,stable_single_mapping,粤、客家,1,混合::1,石岐话::1,medium::1,粤、客家::1
客家方言，部分人使用粤方言,1,1,stable_single_mapping,粤、客家,1,混合::1,,medium::1,粤、客家::1
客家方言，部分使用前锋话,1,1,stable_single_mapping,客家,1,客家::1,,medium::1,客家::1
客家方言，部分年轻人使用粤方言,1,0,stable_single_mapping,粤、客家,1,混合::1,,medium::1,粤、客家::1
客家方言；部分村民使用当地方言,1,1,stable_single_mapping,客家,1,客家::1,,medium::1,客家::1
客家民系、广府民系，通用客家方言、粤方言,1,1,stable_single_mapping,粤、客家,1,混合::1,,medium::1,粤、客家::1
客家民系使用客家方言，广府民系使用粤方言广宁话,1,1,stable_single_mapping,粤、客家,1,混合::1,广宁话::1,medium::1,粤、客家::1
客家民系和广府民系，通用广宁话,1,1,stable_single_mapping,粤·广宁话,1,粤::1,广宁话::1,medium::1,粤·广宁话::1
客家民系，使用客家方言仁化董塘话,1,1,stable_single_mapping,客家·仁化董塘话,1,客家::1,仁化董塘话::1,medium::1,客家·仁化董塘话::1
客家民系，使用客家方言四会江林话,1,1,stable_single_mapping,客家,1,客家::1,,medium::1,客家::1
客家民系，使用客家方言四会清塘话,1,0,stable_single_mapping,客家,1,客家::1,,medium::1,客家::1
客家民系，使用客家方言四会迳口话,1,1,stable_single_mapping,客家,1,客家::1,,medium::1,客家::1
客家民系，使用客家方言始兴罗坝话,1,1,stable_single_mapping,客家,1,客家::1,,medium::1,客家::1
客家民系，使用客家方言电白涯话,1,1,stable_single_mapping,客家·涯话,1,客家::1,涯话::1,medium::1,客家·涯话::1
客家民系，使用客家方言阳春倔话,1,1,stable_single_mapping,客家,1,客家::1,,medium::1,客家::1
客家民系，使用客家方言阳春涯话,1,1,stable_single_mapping,客家·涯话,1,客家::1,涯话::1,medium::1,客家·涯话::1
客家民系，使用客家方言（化州涯话）,1,1,stable_single_mapping,客家·涯话,1,客家::1,涯话::1,medium::1,客家·涯话::1
客家民系，客家方言上莞话,1,1,stable_single_mapping,客家·上莞话,1,客家::1,上莞话::1,medium::1,客家·上莞话::1
客家民系，客家方言义合话,1,1,stable_single_mapping,客家,1,客家::1,,medium::1,客家::1
客家民系，客家方言始兴罗坝话,1,1,stable_single_mapping,客家,1,客家::1,,medium::1,客家::1
客家民系，客家方言广宁话,1,1,stable_single_mapping,粤、客家,1,混合::1,广宁话::1,medium::1,粤、客家::1
客家民系，客家方言河口作话,1,1,stable_single_mapping,客家,1,客家::1,,medium::1,客家::1
客家民系，客家方言河口话,1,1,stable_single_mapping,客家,1,客家::1,,medium::1,客家::1
客家民系，客家方言阳春涯话,1,0,stable_single_mapping,客家·涯话,1,客家::1,涯话::1,medium::1,客家·涯话::1
客家民系，广宁话,1,0,stable_single_mapping,粤·广宁话,1,粤::1,广宁话::1,medium::1,粤·广宁话::1
客家民系，通用客家方言四会江林话,1,1,stable_single_mapping,客家,1,客家::1,,medium::1,客家::1
客家民系，通用客家方言新回龙话,1,1,stable_single_mapping,客家,1,客家::1,,medium::1,客家::1
客家民系，通用客家方言水边话,1,1,stable_single_mapping,客家,1,客家::1,,medium::1,客家::1
客家民系，通用客家方言电白涯话,1,1,stable_single_mapping,客家·涯话,1,客家::1,涯话::1,medium::1,客家·涯话::1
客家民系，通用客家方言蓝口话,1,1,stable_single_mapping,客家·蓝口话,1,客家::1,蓝口话::1,medium::1,客家·蓝口话::1
客家民系，通用客家方言黄村话,1,1,stable_single_mapping,客家·黄村话,1,客家::1,黄村话::1,medium::1,客家·黄村话::1
客家民系，通用客家方言，后形成阳春河口倔话,1,0,stable_single_mapping,客家,1,客家::1,,medium::1,客家::1
客家民系，通用广宁话,1,1,stable_single_mapping,粤·广宁话,1,粤::1,广宁话::1,medium::1,粤·广宁话::1
客家电白方言涯话,1,1,stable_single_mapping,客家·涯话,1,客家::1,涯话::1,high::1,客家·涯话::1
客家话、潮州话,1,1,stable_single_mapping,客家、闽,1,混合::1,潮汕话::1,medium::1,客家、闽::1
客家话、粘米话、闽南话,1,1,stable_single_mapping,客家,1,客家::1,,medium::1,客家::1
客家话、粤方言台山话,1,1,stable_single_mapping,粤、客家,1,混合::1,台山话::1,medium::1,粤、客家::1
客家话、粤方言四邑话,1,1,stable_single_mapping,粤、客家,1,混合::1,四邑话::1,medium::1,粤、客家::1
客家话、蓝山话,1,1,stable_single_mapping,客家,1,客家::1,,medium::1,客家::1
客家话、连州土话,1,1,stable_single_mapping,客家、土话,1,混合::1,,medium::1,客家、土话::1
客家话及粤方言广宁话,1,1,stable_single_mapping,粤、客家,1,混合::1,广宁话::1,medium::1,粤、客家::1
客家话和湖南宜章话能互通,1,1,stable_single_mapping,客家,1,客家::1,,medium::1,客家::1
客家话和湖南汝城话互通,1,1,stable_single_mapping,客家,1,客家::1,,medium::1,客家::1
客家话和潮州话,1,1,stable_single_mapping,客家、闽,1,混合::1,潮汕话::1,medium::1,客家、闽::1
客家话和粤方言,1,1,stable_single_mapping,粤、客家,1,混合::1,,medium::1,粤、客家::1
客家话和粤方言广宁话,1,1,stable_single_mapping,粤、客家,1,混合::1,广宁话::1,medium::1,粤、客家::1
客家话和粤方言广州话,1,1,stable_single_mapping,粤、客家,1,混合::1,,medium::1,粤、客家::1
客家话和蓝山话,1,0,stable_single_mapping,客家,1,客家::1,,high::1,客家::1
客家话和黄圃话，可互通,1,1,stable_single_mapping,客家、土话,1,混合::1,黄圃话::1,medium::1,客家、土话::1
客家话和黄圃话，能在村民中互通,1,1,stable_single_mapping,客家、土话,1,混合::1,黄圃话::1,medium::1,客家、土话::1
客家话方言,1,1,stable_single_mapping,客家,1,客家::1,,high::1,客家::1
客家话（俗称本地畲话）,1,1,stable_single_mapping,客家、少数民族,1,混合::1,畲话::1,medium::1,客家、少数民族::1
客家话（俗称畲话）,1,1,stable_single_mapping,客家、少数民族,1,混合::1,畲话::1,medium::1,客家、少数民族::1
客家话，粤方言广宁话,1,1,stable_single_mapping,粤、客家,1,混合::1,广宁话::1,medium::1,粤、客家::1
客家语,1,1,stable_single_mapping,客家,1,客家::1,,high::1,客家::1
客家语和粤方言怀集下坊话,1,0,stable_single_mapping,粤、客家,1,混合::1,怀集下坊话::1,medium::1,粤、客家::1
客家语系客家话,1,1,stable_single_mapping,客家,1,客家::1,,high::1,客家::1
客家语系廉江话,1,1,stable_single_mapping,客家,1,客家::1,,high::1,客家::1
客方官（客家话）,1,1,stable_single_mapping,客家,1,客家::1,,medium::1,客家::1
寧方言,1,1,stable_single_mapping,寧方言,1,,,low::1,寧方言::1
对外使用客家方言清化话，族内使用瑶语,1,1,stable_single_mapping,客家·清化话、少数民族·瑶语,1,混合::1,清化话::1,medium::1,客家·清化话、少数民族·瑶语::1
对外通用客家方言始兴话，瑶族村民之间使用瑶语,1,1,stable_single_mapping,客家·始兴话、少数民族·瑶语,1,混合::1,始兴话::1,medium::1,客家·始兴话、少数民族·瑶语::1
尊方言四巨话,1,1,stable_single_mapping,粤·四邑话,1,粤::1,四邑话::1,high::1,粤·四邑话::1
尖米话（属广府民系）,1,1,stable_single_mapping,土话·尖米话,1,土话::1,尖米话::1,medium::1,土话·尖米话::1
尖米话（广府民系）,1,1,stable_single_mapping,土话·尖米话,1,土话::1,尖米话::1,medium::1,土话·尖米话::1
属壮族连山支系，使用壮语北部方言连山壮话,1,1,stable_single_mapping,少数民族·连山壮话,1,少数民族::1,连山壮话::1,medium::1,少数民族·连山壮话::1
属客家民系，通用粤方言阳春河口话,1,1,stable_single_mapping,粤,1,粤::1,,medium::1,粤::1
属广府民系，使用台山话,1,1,stable_single_mapping,粤·台山话,1,粤::1,台山话::1,medium::1,粤·台山话::1
属广府民系，使用粤方言封川话。,1,1,stable_single_mapping,粤·封川话,1,粤::1,封川话::1,medium::1,粤·封川话::1
属广府民系，使用粤方言广宁话,1,1,stable_single_mapping,粤·广宁话,1,粤::1,广宁话::1,medium::1,粤·广宁话::1
属广府民系，使用粤语封川话。,1,1,stable_single_mapping,粤·封川话,1,粤::1,封川话::1,medium::1,粤·封川话::1
属广府民系，使用粤语开建话,1,1,stable_single_mapping,粤·开建话,1,粤::1,开建话::1,medium::1,粤·开建话::1
属广府民系，通用客家方言,1,1,stable_single_mapping,客家,1,客家::1,,medium::1,客家::1
属广府民系，通用平婆（平和）话,1,1,stable_single_mapping,属广府民系，通用平婆（平和）话,1,,,low::1,属广府民系，通用平婆（平和）话::1
属广府民系，通用粤方言化州话,1,1,stable_single_mapping,粤·化州话,1,粤::1,化州话::1,medium::1,粤·化州话::1
属广府民系，通用粤方言台山话,1,0,stable_single_mapping,粤·台山话,1,粤::1,台山话::1,medium::1,粤·台山话::1
属广府民系，通用粤方言台山话。,1,1,stable_single_mapping,粤·台山话,1,粤::1,台山话::1,medium::1,粤·台山话::1
属广府民系，通用粤方言四会江谷话,1,0,stable_single_mapping,粤,1,粤::1,,medium::1,粤::1
属广府民系，通用粤方言四邑话,1,1,stable_single_mapping,粤·四邑话,1,粤::1,四邑话::1,medium::1,粤·四邑话::1
属广府民系，通用粤方言德庆话,1,1,stable_single_mapping,粤·德庆话,1,粤::1,德庆话::1,medium::1,粤·德庆话::1
属广府民系，通用粤方言阳春岗美话,1,1,stable_single_mapping,粤,1,粤::1,,medium::1,粤::1
属广府民系，通用粤方言高要话。,1,1,stable_single_mapping,粤·高要话,1,粤::1,高要话::1,medium::1,粤·高要话::1
属广府民系，通用粤方言高要话（活道口音）,1,1,stable_single_mapping,粤·高要话,1,粤::1,高要话::1,medium::1,粤·高要话::1
属广府民系，通用粤方言高要话，乐城口音,1,1,stable_single_mapping,粤·高要话,1,粤::1,高要话::1,medium::1,粤·高要话::1
属潮汕民系，通用潮汕话,1,1,stable_single_mapping,闽·潮汕话,1,闽::1,潮汕话::1,medium::1,闽·潮汕话::1
岑方盲阳春白话,1,0,stable_single_mapping,粤·阳春白话,1,粤::1,阳春白话::1,high::1,粤·阳春白话::1
岩背方言,1,1,stable_single_mapping,岩背方言,1,,,low::1,岩背方言::1
川粤方言德庆话,1,0,stable_single_mapping,粤·德庆话,1,粤::1,德庆话::1,high::1,粤·德庆话::1
州话,1,1,stable_single_mapping,州话,1,,,low::1,州话::1
巫姓通用客家方言和雷州话，其他姓氏通用闽方言雷州话,1,0,stable_single_mapping,客家、闽,1,混合::1,雷州话::1,medium::1,客家、闽::1
带有沙溪峒话特色的粤方言,1,1,stable_single_mapping,粤,1,粤::1,,high::1,粤::1
带沙溪洞话特色的粤方言,1,1,stable_single_mapping,粤,1,粤::1,,high::1,粤::1
平和话、客家方言,1,0,stable_single_mapping,客家,1,客家::1,,medium::1,客家::1
平婆（平和）话,1,1,stable_single_mapping,平婆（平和）话,1,,,low::1,平婆（平和）话::1
平时使用畲语，对外使用客家方言,1,1,stable_single_mapping,客家,1,客家::1,,medium::1,客家::1
平潭话和客家方言,1,1,stable_single_mapping,客家,1,客家::1,,high::1,客家::1
年轻一代使用当地粤方言高要话（大湾口音）,1,0,stable_single_mapping,粤·高要话,1,粤::1,高要话::1,medium::1,粤·高要话::1
广宁白话,1,1,stable_single_mapping,粤,1,粤::1,,high::1,粤::1
广府医系，使用梅方言恩平话,1,1,stable_single_mapping,粤·恩平话,1,粤::1,恩平话::1,medium::1,粤·恩平话::1
广府民居，通用粤方言化州话,1,0,stable_single_mapping,粤·化州话,1,粤::1,化州话::1,medium::1,粤·化州话::1
广府民系、客家民系，使用广府和客家方言,1,1,stable_single_mapping,客家,1,客家::1,,medium::1,客家::1
广府民系、客家民系，粤方言、客家方言,1,1,stable_single_mapping,粤、客家,1,混合::1,,medium::1,粤、客家::1
广府民系、客家民系；粤方言、客家方言,1,1,stable_single_mapping,粤、客家,1,混合::1,,medium::1,粤、客家::1
广府民系使用粤方言四会清塘话，客家民系使用客家方言四会清塘话,1,1,stable_single_mapping,粤、客家,1,混合::1,,medium::1,粤、客家::1
广府民系使用粤方言端州睦岗话；客家民系使用客家方言小湘话，但生活习俗已与当地无异,1,1,stable_single_mapping,粤、客家,1,混合::1,,medium::1,粤、客家::1
广府民系使用粤方言端州睦岗话；客家民系使用客家方言睦岗话,1,1,stable_single_mapping,粤、客家,1,混合::1,,medium::1,粤、客家::1
广府民系使用粤方言鼎湖话，客家民系使用客家方言,1,0,stable_single_mapping,粤、客家,1,混合::1,鼎湖话::1,medium::1,粤、客家::1
广府民系使用粤方言，客家民系使用客家方言,1,0,stable_single_mapping,粤、客家,1,混合::1,,medium::1,粤、客家::1
广府民系使用粤方言，曾姓使用客家方言,1,1,stable_single_mapping,粤、客家,1,混合::1,,medium::1,粤、客家::1
广府民系方言,1,1,stable_single_mapping,粤,1,粤::1,,medium::1,粤::1
广府民系方言，通用方言,1,1,stable_single_mapping,粤,1,粤::1,,medium::1,粤::1
广府民系通用粤方言怀集下坊话,1,0,stable_single_mapping,粤·怀集下坊话,1,粤::1,怀集下坊话::1,medium::1,粤·怀集下坊话::1
广府民系，使用催古话,1,1,stable_single_mapping,粤·能古话,1,粤::1,能古话::1,medium::1,粤·能古话::1
广府民系，使用台山四邑话,1,1,stable_single_mapping,粤·四邑话,1,粤::1,四邑话::1,medium::1,粤·四邑话::1
广府民系，使用客家方言,1,1,stable_single_mapping,客家,1,客家::1,,medium::1,客家::1
广府民系，使用客家方言东莞厚街话,1,1,stable_single_mapping,粤、客家,1,混合::1,,medium::1,粤、客家::1
广府民系，使用寿方言,1,1,stable_single_mapping,广府民系，使用寿方言,1,,,low::1,广府民系，使用寿方言::1
广府民系，使用恩平话,1,1,stable_single_mapping,粤·恩平话,1,粤::1,恩平话::1,medium::1,粤·恩平话::1
广府民系，使用方言阳春白话,1,1,stable_single_mapping,粤·阳春白话,1,粤::1,阳春白话::1,medium::1,粤·阳春白话::1
广府民系，使用粤方盲四邑话,1,1,stable_single_mapping,粤·四邑话,1,粤::1,四邑话::1,medium::1,粤·四邑话::1
广府民系，使用粤方言东莞凤岗话,1,0,stable_single_mapping,粤·东莞凤岗话,1,粤::1,东莞凤岗话::1,medium::1,粤·东莞凤岗话::1
广府民系，使用粤方言东莞南城话,1,0,stable_single_mapping,粤,1,粤::1,,medium::1,粤::1
广府民系，使用粤方言东莞大岭山话,1,0,stable_single_mapping,粤,1,粤::1,,medium::1,粤::1
广府民系，使用粤方言东莞大朗话,1,1,stable_single_mapping,粤,1,粤::1,,medium::1,粤::1
广府民系，使用粤方言东莞横沥话,1,1,stable_single_mapping,粤,1,粤::1,,medium::1,粤::1
广府民系，使用粤方言东莞清溪话,1,1,stable_single_mapping,粤·东莞清溪话,1,粤::1,东莞清溪话::1,medium::1,粤·东莞清溪话::1
广府民系，使用粤方言东莞虎门话,1,0,stable_single_mapping,粤,1,粤::1,,medium::1,粤::1
广府民系，使用粤方言东莞道话,1,0,stable_single_mapping,粤,1,粤::1,,medium::1,粤::1
广府民系，使用粤方言东莞麻涌话,1,1,stable_single_mapping,粤,1,粤::1,,medium::1,粤::1
广府民系，使用粤方言化州话,1,1,stable_single_mapping,粤·化州话,1,粤::1,化州话::1,medium::1,粤·化州话::1
广府民系，使用粤方言四会江谷话,1,1,stable_single_mapping,粤,1,粤::1,,medium::1,粤::1
广府民系，使用粤方言四会话,1,1,stable_single_mapping,粤·四会话,1,粤::1,四会话::1,medium::1,粤·四会话::1
广府民系，使用粤方言四会龙湾话,1,1,stable_single_mapping,粤,1,粤::1,,medium::1,粤::1
广府民系，使用粤方言四邑估,1,1,stable_single_mapping,粤,1,粤::1,,medium::1,粤::1
广府民系，使用粤方言四邑话；广府民系，使用粤方言四邑话,1,1,stable_single_mapping,粤·四邑话,1,粤::1,四邑话::1,medium::1,粤·四邑话::1
广府民系，使用粤方言怀集下帅话,1,0,stable_single_mapping,粤,1,粤::1,,medium::1,粤::1
广府民系，使用粤方言整头话,1,1,stable_single_mapping,粤,1,粤::1,,medium::1,粤::1
广府民系，使用粤方言昊川话,1,1,stable_single_mapping,粤,1,粤::1,,medium::1,粤::1
广府民系，使用粤方言洲心话,1,1,stable_single_mapping,粤,1,粤::1,,medium::1,粤::1
广府民系，使用粤方言淡水阳江话,1,1,stable_single_mapping,粤·阳江话,1,粤::1,阳江话::1,medium::1,粤·阳江话::1
广府民系，使用粤方言茂南话,1,1,stable_single_mapping,粤,1,粤::1,,medium::1,粤::1
广府民系，使用粤方言连山话,1,1,stable_single_mapping,粤,1,粤::1,,medium::1,粤::1
广府民系，使用粤方言阳春话,1,1,stable_single_mapping,粤,1,粤::1,,medium::1,粤::1
广府民系，使用粤方言阳江白话,1,1,stable_single_mapping,粤,1,粤::1,,medium::1,粤::1
广府民系，使用粤方言高阳片江话,1,1,stable_single_mapping,粤,1,粤::1,,medium::1,粤::1
广府民系，使用粤方言鼎湖莲花话,1,1,stable_single_mapping,粤,1,粤::1,,medium::1,粤::1
广府民系，使用粤语怀集下坊话,1,1,stable_single_mapping,粤·怀集下坊话,1,粤::1,怀集下坊话::1,medium::1,粤·怀集下坊话::1
广府民系，使用粤语思平话,1,0,stable_single_mapping,粤·思平话,1,粤::1,思平话::1,medium::1,粤·思平话::1
广府民系，使用粤语文德话,1,0,stable_single_mapping,粤,1,粤::1,,medium::1,粤::1
广府民系，使用粤语方言恩平话,1,0,stable_single_mapping,粤·恩平话,1,粤::1,恩平话::1,medium::1,粤·恩平话::1
广府民系，使用粤语方言阳春白话,1,1,stable_single_mapping,粤·阳春白话,1,粤::1,阳春白话::1,medium::1,粤·阳春白话::1
广府民系，使用粤语阳春白话,1,1,stable_single_mapping,粤·阳春白话,1,粤::1,阳春白话::1,medium::1,粤·阳春白话::1
广府民系，使用粵方言阳春白话,1,1,stable_single_mapping,粤·阳春白话,1,粤::1,阳春白话::1,medium::1,粤·阳春白话::1
广府民系，使用萼方言西邑话,1,1,stable_single_mapping,广府民系，使用萼方言西邑话,1,,,low::1,广府民系，使用萼方言西邑话::1
广府民系，客家方言阳春倔话,1,1,stable_single_mapping,客家,1,客家::1,,medium::1,客家::1
广府民系，怀集永固标话,1,1,stable_single_mapping,粤·怀集永固标话,1,粤::1,怀集永固标话::1,medium::1,粤·怀集永固标话::1
广府民系，粤方言东莞厚街话,1,0,stable_single_mapping,粤,1,粤::1,,medium::1,粤::1
广府民系，粤方言吴川话,1,1,stable_single_mapping,粤·吴川话,1,粤::1,吴川话::1,medium::1,粤·吴川话::1
广府民系，粤方言址山话,1,1,stable_single_mapping,粤,1,粤::1,,medium::1,粤::1
广府民系，粤方言封川话,1,1,stable_single_mapping,粤·封川话,1,粤::1,封川话::1,medium::1,粤·封川话::1
广府民系，粤方言怀集诗洞话,1,1,stable_single_mapping,粤,1,粤::1,,medium::1,粤::1
广府民系，粤方言沙溪峒话,1,1,stable_single_mapping,粤,1,粤::1,,medium::1,粤::1
广府民系，粤方言沙田话,1,1,stable_single_mapping,粤·沙田话,1,粤::1,沙田话::1,medium::1,粤·沙田话::1
广府民系，粤方言河口白话,1,1,stable_single_mapping,粤,1,粤::1,,medium::1,粤::1
广府民系，粤方言涯话、粤方言台山话,1,0,stable_single_mapping,粤·台山话、客家·涯话,1,混合::1,台山话::1,medium::1,粤·台山话、客家·涯话::1
广府民系，粤方言茂南话,1,1,stable_single_mapping,粤,1,粤::1,,medium::1,粤::1
广府民系，粤方言阳春春北白语,1,1,stable_single_mapping,粤,1,粤::1,,medium::1,粤::1
广府民系，粤方言阳春河口话,1,1,stable_single_mapping,粤,1,粤::1,,medium::1,粤::1
广府民系，粤方言高州白话,1,1,stable_single_mapping,粤,1,粤::1,,medium::1,粤::1
广府民系，粤方言高要话（乐城口音）,1,1,stable_single_mapping,粤·高要话,1,粤::1,高要话::1,medium::1,粤·高要话::1
广府民系，粤方言高要话（活道口音）,1,1,stable_single_mapping,粤·高要话,1,粤::1,高要话::1,medium::1,粤·高要话::1
广府民系，粤方言高要话（禄步口音）,1,1,stable_single_mapping,粤·高要话,1,粤::1,高要话::1,medium::1,粤·高要话::1
广府民系，粤方言黄花话,1,1,stable_single_mapping,粤,1,粤::1,,medium::1,粤::1
广府民系，粤语台山话,1,0,stable_single_mapping,粤·台山话,1,粤::1,台山话::1,medium::1,粤·台山话::1
广府民系，粤语封川话,1,1,stable_single_mapping,粤·封川话,1,粤::1,封川话::1,medium::1,粤·封川话::1
广府民系，通用四会话,1,1,stable_single_mapping,粤·四会话,1,粤::1,四会话::1,medium::1,粤·四会话::1
广府民系，通用带有一些沙溪洞话特色的粤方言,1,1,stable_single_mapping,粤,1,粤::1,,medium::1,粤::1
广府民系，通用廣府方言,1,1,stable_single_mapping,粤,1,粤::1,,medium::1,粤::1
广府民系，通用方言,1,1,stable_single_mapping,广府民系，通用方言,1,,,low::1,广府民系，通用方言::1
广府民系，通用沙坊话,1,1,stable_single_mapping,广府民系，通用沙坊话,1,,,low::1,广府民系，通用沙坊话::1
广府民系，通用涯话,1,1,stable_single_mapping,客家·涯话,1,客家::1,涯话::1,medium::1,客家·涯话::1
广府民系，通用等方言,1,0,stable_single_mapping,广府民系，通用等方言,1,,,low::1,广府民系，通用等方言::1
广府民系，通用粤方吉台山话,1,1,stable_single_mapping,粤·台山话,1,粤::1,台山话::1,medium::1,粤·台山话::1
广府民系，通用粤方言化州自话,1,1,stable_single_mapping,粤,1,粤::1,,medium::1,粤::1
广府民系，通用粤方言和客家方言,1,1,stable_single_mapping,粤、客家,1,混合::1,,medium::1,粤、客家::1
广府民系，通用粤方言四邑话,1,1,stable_single_mapping,粤·四邑话,1,粤::1,四邑话::1,medium::1,粤·四邑话::1
广府民系，通用粤方言怀集上坊话（原为潮汕客家话）,1,0,stable_single_mapping,粤、客家,1,混合::1,怀集上坊话::1,medium::1,粤、客家::1
广府民系，通用粤方言怀集宁洞话、大岗标话,1,1,stable_single_mapping,粤·怀集宁洞话,1,粤::1,怀集宁洞话::1,medium::1,粤·怀集宁洞话::1
广府民系，通用粤方言水上话,1,1,stable_single_mapping,粤,1,粤::1,,medium::1,粤::1
广府民系，通用粤方言沙溪峒话,1,1,stable_single_mapping,粤,1,粤::1,,medium::1,粤::1
广府民系，通用粤方言河口白话,1,1,stable_single_mapping,粤,1,粤::1,,medium::1,粤::1
广府民系，通用粤方言系高州话和倔话,1,1,stable_single_mapping,粤、客家,1,混合::1,高州话::1,medium::1,粤、客家::1
广府民系，通用粤方言英德石坎话,1,0,stable_single_mapping,粤,1,粤::1,,medium::1,粤::1
广府民系，通用粤方言英德石莲江话,1,1,stable_single_mapping,粤,1,粤::1,,medium::1,粤::1
广府民系，通用粤方言阳江白话,1,1,stable_single_mapping,粤,1,粤::1,,medium::1,粤::1
广府民系，通用粤方言高要话（活道口音）,1,1,stable_single_mapping,粤·高要话,1,粤::1,高要话::1,medium::1,粤·高要话::1
广府民系，通用粤方言高要话，乐城口音,1,1,stable_single_mapping,粤·高要话,1,粤::1,高要话::1,medium::1,粤·高要话::1
广府民系，通用粤方言高要话，水南口音,1,1,stable_single_mapping,粤·高要话,1,粤::1,高要话::1,medium::1,粤·高要话::1
广府民系，通用粤方言黄德黄花话,1,1,stable_single_mapping,粤,1,粤::1,,medium::1,粤::1
广府民系，通用粤方言黄花话,1,0,stable_single_mapping,粤,1,粤::1,,medium::1,粤::1
广府民系，通用粤语台山话,1,1,stable_single_mapping,粤·台山话,1,粤::1,台山话::1,medium::1,粤·台山话::1
广府民系，通用粵方言,1,0,stable_single_mapping,广府民系，通用粵方言,1,,,low::1,广府民系，通用粵方言::1
广府民系，通用闽方言、粤方言阳春白话,1,0,stable_single_mapping,粤、闽,1,混合::1,阳春白话::1,medium::1,粤、闽::1
广府民系，通用高要话。,1,1,stable_single_mapping,粤·高要话,1,粤::1,高要话::1,medium::1,粤·高要话::1
广府民系，通粤语,1,1,stable_single_mapping,粤,1,粤::1,,medium::1,粤::1
广府民系，高州方言,1,1,stable_single_mapping,广府民系，高州方言,1,,,low::1,广府民系，高州方言::1
广府民系；粤方言东莞寮步话,1,0,stable_single_mapping,粤,1,粤::1,,medium::1,粤::1
广府粤语,1,1,stable_single_mapping,粤,1,粤::1,,high::1,粤::1
庞姓使用粤方言，钟、温、黄、梁姓使用客家方言,1,1,stable_single_mapping,粤、客家,1,混合::1,,medium::1,粤、客家::1
廖、谢、宋为广府民系（粤方言）；郑、陆为客家民系（客家方言）,1,1,stable_single_mapping,粤、客家,1,混合::1,,medium::1,粤、客家::1
廖姓使用粤方言，张姓使用客家方言和粤方言,1,1,stable_single_mapping,粤、客家,1,混合::1,,medium::1,粤、客家::1
廣府民系，使用専方言,1,1,stable_single_mapping,廣府民系，使用専方言,1,,,low::1,廣府民系，使用専方言::1
张、崔、李姓使用粤语阳春白话；盘姓使用客家方言阳春倔话,1,1,stable_single_mapping,粤、客家,1,混合::1,阳春白话::1,medium::1,粤、客家::1
张姓使用客家方言阳春倔话；黎姓使用粤方言阳春白话,1,1,stable_single_mapping,粤、客家,1,混合::1,阳春白话::1,medium::1,粤、客家::1
张姓使用客家方言，其他使用粤方言,1,0,stable_single_mapping,粤、客家,1,混合::1,,medium::1,粤、客家::1
张姓通用粤方言、客家方言；邓、覃、严姓通用粤方言怀集下坊话。,1,0,stable_single_mapping,粤、客家,1,混合::1,怀集下坊话::1,medium::1,粤、客家::1
当地方言,1,1,stable_single_mapping,当地方言,1,,,low::1,当地方言::1
徐、冯两姓通用粤方言，潘、练两姓通用客家方言。,1,1,stable_single_mapping,粤、客家,1,混合::1,,medium::1,粤、客家::1
徐姓使用客家方言；李姓使用粤方言,1,1,stable_single_mapping,粤、客家,1,混合::1,,medium::1,粤、客家::1
思平话,1,1,stable_single_mapping,粤·思平话,1,粤::1,思平话::1,high::1,粤·思平话::1
房姓使用粤方言怀集话；温姓为壮族,1,1,stable_single_mapping,粤·怀集话,1,粤::1,怀集话::1,medium::1,粤·怀集话::1
方客家方言曲江沙溪话,1,1,stable_single_mapping,客家,1,客家::1,,high::1,客家::1
方粤方言,1,1,stable_single_mapping,粤,1,粤::1,,high::1,粤::1
方言四话,1,0,stable_single_mapping,方言四话,1,,,low::1,方言四话::1
方言四邑话,1,1,stable_single_mapping,粤·四邑话,1,粤::1,四邑话::1,high::1,粤·四邑话::1
方言慌古话,1,1,stable_single_mapping,方言慌古话,1,,,low::1,方言慌古话::1
方言（广府民系）,1,1,stable_single_mapping,粤,1,粤::1,,medium::1,粤::1
旧时正话（明代正音，与普通话相近）,1,0,stable_single_mapping,官话·旧时正话,1,官话::1,旧时正话::1,medium::1,官话·旧时正话::1
早先讲平和话，现通用客家方言,1,1,stable_single_mapping,客家,1,客家::1,,medium::1,客家::1
星子话、粤方言四会话,1,1,stable_single_mapping,粤·星子话,1,粤::1,星子话::1,medium::1,粤·星子话::1
星子话和客家方言,1,1,stable_single_mapping,粤、客家,1,混合::1,星子话::1,medium::1,粤、客家::1
星子话（广府民系语言）,1,0,stable_single_mapping,粤·星子话,1,粤::1,星子话::1,medium::1,粤·星子话::1
普通话和台山话,1,1,stable_single_mapping,粤·普通话、官话·台山话,1,混合::1,普通话::1,medium::1,粤·普通话、官话·台山话::1
普遍使用粤方言端州睦岗话，客家村民使用客家方言,1,1,stable_single_mapping,粤、客家,1,混合::1,,medium::1,粤、客家::1
普遍使用粤方言端州睦岗话，客家民系村民使用客家方言。,1,1,stable_single_mapping,粤、客家,1,混合::1,,medium::1,粤、客家::1
普遍使用闽方言南朗话，兼通粤语石岐话,1,1,stable_single_mapping,粤、闽,1,混合::1,石岐话::1,medium::1,粤、闽::1
普遍使用闽方言南朗话，能说粤方言石岐话,1,1,stable_single_mapping,粤、闽,1,混合::1,石岐话::1,medium::1,粤、闽::1
曹岗村：粤方言台山话；朝宗村：粤方言台山话,1,1,stable_single_mapping,粤·台山话,1,粤::1,台山话::1,medium::1,粤·台山话::1
曾姓使用客家方言和粤方言清远白话，刘姓使用粤方言清远白话,1,1,stable_single_mapping,粤、客家,1,混合::1,清远白话::1,medium::1,粤、客家::1
曾姓村民使用客家方言，冯姓村民使用粤方言,1,0,stable_single_mapping,粤、客家,1,混合::1,,medium::1,粤、客家::1
曾田话,1,1,stable_single_mapping,曾田话,1,,,low::1,曾田话::1
有老人会用粘（尖）米方言唱山歌,1,1,stable_single_mapping,土话·尖米话,1,土话::1,尖米话::1,medium::1,土话·尖米话::1
期阔方言电自蒙话,1,1,stable_single_mapping,期阔方言电自蒙话,1,,,low::1,期阔方言电自蒙话::1
木克村粤方言；大福村粤方言,1,1,stable_single_mapping,粤,1,粤::1,,medium::1,粤::1
本地客家方言和粤方言,1,1,stable_single_mapping,粤、客家,1,混合::1,,medium::1,粤、客家::1
朱、潘通用客家话；刘、欧通用连山话（属四会语系）；张、梁、罗、廖等通用连州话,1,1,stable_single_mapping,粤、客家,1,混合::1,连州话::1,medium::1,粤、客家::1
朱、谭姓使用湖南方言；马姓使用连州河村话；王、杜、李、袁姓通用客家话,1,1,stable_single_mapping,客家,1,客家::1,,medium::1,客家::1
李、朱、陈姓使用客家方言；邓姓使用粤方言,1,0,stable_single_mapping,粤、客家,1,混合::1,,medium::1,粤、客家::1
李、马姓属广府民系，通用粤方言；周、刘姓属客家民系，通用客家方言,1,1,stable_single_mapping,粤、客家,1,混合::1,,medium::1,粤、客家::1
李姓、黎姓使用客家方言，其余使用粤方言,1,1,stable_single_mapping,粤、客家,1,混合::1,,medium::1,粤、客家::1
李姓使用壮语北部方言连山壮话，冯姓使用粤方言怀集话,1,0,stable_single_mapping,粤·连山壮话、少数民族·怀集话,1,混合::1,连山壮话::1,medium::1,粤·连山壮话、少数民族·怀集话::1
李姓使用客家方言，冯姓使用粤方言,1,0,stable_single_mapping,粤、客家,1,混合::1,,medium::1,粤、客家::1
李姓使用客家方言，马姓使用粤方言,1,1,stable_single_mapping,粤、客家,1,混合::1,,medium::1,粤、客家::1
李姓使用客家方言；黄姓、杨姓属壮族，使用壮语（文本未明确提及，根据民族推断）,1,1,stable_single_mapping,客家、少数民族,1,混合::1,,medium::1,客家、少数民族::1
李姓使用粤方言怀集下帅话；韦姓使用壮方言；赵姓使用瑶语和粤方言怀集下帅话,1,0,stable_single_mapping,粤、少数民族,1,混合::1,瑶语::1,medium::1,粤、少数民族::1
李姓使用粤方言高阳片阳江话，黄、张姓使用客家方言,1,1,stable_single_mapping,粤、客家,1,混合::1,阳江话::1,medium::1,粤、客家::1
李姓村民使用壮语北部方言连山壮话，冯姓村民使用粤方言怀集话,1,1,stable_single_mapping,粤·连山壮话、少数民族·怀集话,1,混合::1,连山壮话::1,medium::1,粤·连山壮话、少数民族·怀集话::1
李姓通用粤方言（含客家人分支使用客家方言），其他姓氏主要使用粤方言,1,1,stable_single_mapping,粤、客家,1,混合::1,,medium::1,粤、客家::1
李姓通用闽方言,1,1,stable_single_mapping,闽,1,闽::1,,medium::1,闽::1
李姓部分为潮汕民系，通用潮汕话，部分为客家民系，通用客家方言。朱姓通用客家方言,1,1,stable_single_mapping,客家、闽,1,混合::1,潮汕话::1,medium::1,客家、闽::1
李姓：粤方言阳春白话；冯姓：客家方言阳春倔话,1,1,stable_single_mapping,粤、客家,1,混合::1,阳春白话::1,medium::1,粤、客家::1
村内使用潮汕方言，对外使用客家方言（双语地区）,1,1,stable_single_mapping,客家、闽,1,混合::1,,medium::1,客家、闽::1
村内喜欢使用潮汕方言，对外使用客家方言，是双语地区。,1,1,stable_single_mapping,客家、闽,1,混合::1,,medium::1,客家、闽::1
村内用过山瑶话，对外则讲客家方言始兴话,1,1,stable_single_mapping,客家、少数民族,1,混合::1,始兴话::1,medium::1,客家、少数民族::1
村民均使用闽方言隆都话,1,1,stable_single_mapping,闽·隆都话,1,闽::1,隆都话::1,medium::1,闽·隆都话::1
村民掌握两种方言，交谈使用客家语，与外人交谈使用粤方言端州睦岗话,1,1,stable_single_mapping,粤、客家,1,混合::1,,medium::1,粤、客家::1
杨、黄姓使用客家方言；陈姓使用粤方言连山话,1,1,stable_single_mapping,粤、客家,1,混合::1,,medium::1,粤、客家::1
杨姓使用客家方言，梁姓使用粤方言罗定话,1,0,stable_single_mapping,粤、客家,1,混合::1,,medium::1,粤、客家::1
杨姓使用湖南话，黄姓和邓姓使用粤方言,1,1,stable_single_mapping,粤,1,粤::1,,medium::1,粤::1
林姓使用客家方言阳春涯话，刘姓使用粤方言阳春河口话,1,0,stable_single_mapping,粤、客家,1,混合::1,涯话::1,medium::1,粤、客家::1
林姓使用闽方言；陈姓使用客家方言,1,1,stable_single_mapping,客家、闽,1,混合::1,,medium::1,客家、闽::1
林姓通用闽方言海话；张姓和许姓属客家民系，通用客家方言涯话,1,1,stable_single_mapping,客家、闽,1,混合::1,涯话::1,medium::1,客家、闽::1
林姓通用闽方言，阙姓通用粤方言英德大湾话，黄姓通用粤方言阳山话,1,1,stable_single_mapping,粤、闽,1,混合::1,,medium::1,粤、闽::1
梁、池、余姓使用粤方言；林、全、叶、何姓使用闽方言,1,1,stable_single_mapping,粤、闽,1,混合::1,,medium::1,粤、闽::1
梁姓使用壮语北部方言连山壮话，刘姓使用粤方言怀集话,1,1,stable_single_mapping,粤·连山壮话、少数民族·怀集话,1,混合::1,连山壮话::1,medium::1,粤·连山壮话、少数民族·怀集话::1
梁姓使用客家方言，陈姓使用粤方言,1,1,stable_single_mapping,粤、客家,1,混合::1,,medium::1,粤、客家::1
梁姓通用粤方言广宁白话，江姓通用客家话,1,1,stable_single_mapping,粤、客家,1,混合::1,,medium::1,粤、客家::1
横龙村台山话；横塘村台山话,1,1,stable_single_mapping,粤·台山话,1,粤::1,台山话::1,medium::1,粤·台山话::1
欧阳、陈姓使用粤方言阳山话；官姓使用客家方言,1,1,stable_single_mapping,粤、客家,1,混合::1,,medium::1,粤、客家::1
每方台,1,1,stable_single_mapping,粤,1,粤::1,,high::1,粤::1
毒方言,1,0,stable_single_mapping,粤,1,粤::1,,high::1,粤::1
水上船民话,1,1,stable_single_mapping,水上船民话,1,,,low::1,水上船民话::1
水东黎话,1,1,stable_single_mapping,闽,1,闽::1,,high::1,闽::1
汉族、畲族都使用客家方言,1,0,stable_single_mapping,客家,1,客家::1,,medium::1,客家::1
汉族为广府民系，使用粤方言阳春白话,1,1,stable_single_mapping,粤·阳春白话,1,粤::1,阳春白话::1,medium::1,粤·阳春白话::1
汉族使用壮方言和粤方言怀集下帅话,1,0,stable_single_mapping,粤、少数民族,1,混合::1,,medium::1,粤、少数民族::1
汉族使用客家方言仁化董塘话，瑶族使用瑶族方言,1,1,stable_single_mapping,客家·仁化董塘话、少数民族·瑶族方言,1,混合::1,仁化董塘话::1,medium::1,客家·仁化董塘话、少数民族·瑶族方言::1
汉族使用客家方言仁化长江话，畲族讲长江话,1,1,stable_single_mapping,客家·仁化长江话,1,客家::1,仁化长江话::1,medium::1,客家·仁化长江话::1
汉族使用客家方言清化话；瑶族之间使用瑶话沟通,1,0,stable_single_mapping,客家、少数民族,1,混合::1,清化话::1,medium::1,客家、少数民族::1
汉族使用客家方言，畬族与汉族混居，通用客家方言,1,1,stable_single_mapping,客家,1,客家::1,,medium::1,客家::1
汉族使用客家方言，畲族使用仁化长江话,1,1,stable_single_mapping,客家·仁化长江话,1,客家::1,仁化长江话::1,medium::1,客家·仁化长江话::1
汉族使用客家方言；壮族使用壮语北部方言连山壮话；瑶族使用粤方言连山话,1,1,stable_single_mapping,粤、客家、少数民族,1,混合::1,连山壮话::1,medium::1,粤、客家、少数民族::1
汉族使用客家方言；壮族使用连山壮话,1,1,stable_single_mapping,客家、少数民族,1,混合::1,连山壮话::1,medium::1,客家、少数民族::1
汉族使用客家方言；畲族使用长江话,1,1,stable_single_mapping,客家,1,客家::1,,medium::1,客家::1
汉族使用客家方言；畲民使用畲语（无文字形式，仅族群内部使用，与汉民交流时使用客家话），现两位70多岁老人会讲畲语,1,1,stable_single_mapping,客家,1,客家::1,,medium::1,客家::1
汉族使用粤方言阳春白话、客家方言阳春倔话,1,1,stable_single_mapping,粤、客家,1,混合::1,阳春白话::1,medium::1,粤、客家::1
汉族大多属广府民系，使用粤方言阳春白话；杨姓属客家民系，使用客家方言阳春倔话,1,1,stable_single_mapping,粤、客家,1,混合::1,阳春白话::1,medium::1,粤、客家::1
汉族属客家民系，通用客家方言,1,0,stable_single_mapping,客家,1,客家::1,,medium::1,客家::1
汉族属广府民系，使用粤方言端州话,1,1,stable_single_mapping,粤,1,粤::1,,medium::1,粤::1
汉族属广府民系，使用粤方言阳春白话和客家方言阳春倔话,1,1,stable_single_mapping,粤、客家,1,混合::1,阳春白话::1,medium::1,粤、客家::1
汉族属广府民系，通用粤方言台山话,1,1,stable_single_mapping,粤·台山话,1,粤::1,台山话::1,medium::1,粤·台山话::1
汉族属广府民系，韦氏使用壮方言，岑、陈、谭、马四姓使用粤方言怀集下帅话,1,0,stable_single_mapping,粤、少数民族,1,混合::1,,medium::1,粤、少数民族::1
汉族通用客家方言,1,1,stable_single_mapping,客家,1,客家::1,,medium::1,客家::1
汉族，使用闽方言隆都话,1,1,stable_single_mapping,闽·隆都话,1,闽::1,隆都话::1,medium::1,闽·隆都话::1
汉族，属广府民系，通用粤方言,1,1,stable_single_mapping,粤,1,粤::1,,medium::1,粤::1
汉族，广府民系，粤方言,1,1,stable_single_mapping,粤,1,粤::1,,medium::1,粤::1
汉族，广府民系，粤方言阳春岗美话,1,1,stable_single_mapping,粤,1,粤::1,,medium::1,粤::1
江姓使用粤方言四会罗源话；张姓使用客家方言四会罗源话,1,1,stable_single_mapping,粤、客家,1,混合::1,,medium::1,粤、客家::1
汤、梁、陈姓通用粤方言高要话（水南口音）；卢姓通用客家方言,1,1,stable_single_mapping,粤、客家,1,混合::1,高要话::1,medium::1,粤、客家::1
海丰话,1,0,stable_single_mapping,闽·海丰话,1,闽::1,海丰话::1,high::1,闽·海丰话::1
海方言四邑话,1,1,stable_single_mapping,粤·四邑话,1,粤::1,四邑话::1,high::1,粤·四邑话::1
清湖塘村使用粤方言高阳片阳江话；塘尾村使用粤方言阳江话。,1,1,stable_single_mapping,粤·阳江话,1,粤::1,阳江话::1,medium::1,粤·阳江话::1
清远白话,1,1,stable_single_mapping,粤·清远白话,1,粤::1,清远白话::1,high::1,粤·清远白话::1
湖南宜章话、客家方言,1,1,stable_single_mapping,客家,1,客家::1,,medium::1,客家::1
湘南话、客家话能在村民中互通,1,1,stable_single_mapping,客家,1,客家::1,,medium::1,客家::1
湘方言松柏话,1,1,stable_single_mapping,湘方言松柏话,1,,,low::1,湘方言松柏话::1
潘、蔡姓使用客家方言，其他姓氏使用粤方言,1,1,stable_single_mapping,粤、客家,1,混合::1,,medium::1,粤、客家::1
潘、蔡姓使用客家方言；陈、郑姓使用粤方言,1,1,stable_single_mapping,粤、客家,1,混合::1,,medium::1,粤、客家::1
潘、赖姓使用客家方言；其他各姓使用粤方言,1,1,stable_single_mapping,粤、客家,1,混合::1,,medium::1,粤、客家::1
潘姓使用客家方言，于、谭姓使用粤方言,1,1,stable_single_mapping,粤、客家,1,混合::1,,medium::1,粤、客家::1
潘姓使用客家方言，其他各姓使用粤方言,1,1,stable_single_mapping,粤、客家,1,混合::1,,medium::1,粤、客家::1
潘姓使用客家方言，其他姓氏使用粤语方言,1,1,stable_single_mapping,粤、客家,1,混合::1,,medium::1,粤、客家::1
潘姓使用客家方言，刘、谢姓使用粤方言,1,1,stable_single_mapping,粤、客家,1,混合::1,,medium::1,粤、客家::1
潘姓使用客家方言，向姓使用粤方言。,1,1,stable_single_mapping,粤、客家,1,混合::1,,medium::1,粤、客家::1
潘姓使用客家方言，练、张姓使用粤方言。,1,1,stable_single_mapping,粤、客家,1,混合::1,,medium::1,粤、客家::1
潘姓使用客家方言；其他各姓使用粤方言。,1,1,stable_single_mapping,粤、客家,1,混合::1,,medium::1,粤、客家::1
潘姓使用客家方言；张、练姓使用粤方言。,1,1,stable_single_mapping,粤、客家,1,混合::1,,medium::1,粤、客家::1
潘姓使用星子话，黄姓使用粤方言四会话,1,0,stable_single_mapping,粤·星子话,1,粤::1,星子话::1,medium::1,粤·星子话::1
潭岭口音星子话,1,1,stable_single_mapping,粤·星子话,1,粤::1,星子话::1,medium::1,粤·星子话::1
潭岭话、湖南话,1,1,stable_single_mapping,土话·潭岭话,1,土话::1,潭岭话::1,medium::1,土话·潭岭话::1
潭岭话（广府民系）,1,0,stable_single_mapping,土话·潭岭话,1,土话::1,潭岭话::1,medium::1,土话·潭岭话::1
潭话,1,0,stable_single_mapping,潭话,1,,,low::1,潭话::1
潮州方言,1,0,stable_single_mapping,闽·潮汕话,1,闽::1,潮汕话::1,high::1,闽·潮汕话::1
潮州话，部分为壮族,1,0,stable_single_mapping,闽·潮汕话,1,闽::1,潮汕话::1,medium::1,闽·潮汕话::1
潮州语,1,1,stable_single_mapping,闽·潮汕话,1,闽::1,潮汕话::1,high::1,闽·潮汕话::1
潮汕方言、客家方言,1,1,stable_single_mapping,客家、闽,1,混合::1,,medium::1,客家、闽::1
潮汕方言与客家方言（双语地区）,1,1,stable_single_mapping,客家、闽,1,混合::1,,medium::1,客家、闽::1
潮汕民系通用闽南方言潮州话，客家民系通用客家方言,1,1,stable_single_mapping,客家、闽,1,混合::1,潮汕话::1,medium::1,客家、闽::1
潮汕民系，使用客家方言饶平客家话,1,1,stable_single_mapping,客家,1,客家::1,,medium::1,客家::1
潮汕民系，使用闽南方言潮州话,1,1,stable_single_mapping,闽·潮汕话,1,闽::1,潮汕话::1,medium::1,闽·潮汕话::1
潮汕民系，通用学佬话,1,1,stable_single_mapping,闽·学佬话,1,闽::1,学佬话::1,medium::1,闽·学佬话::1
潮汕民系，通用方言为闽南方言潮州话,1,1,stable_single_mapping,闽·潮汕话,1,闽::1,潮汕话::1,medium::1,闽·潮汕话::1
潮汕民系，通用潮汕话,1,1,stable_single_mapping,闽·潮汕话,1,闽::1,潮汕话::1,medium::1,闽·潮汕话::1
潮汕民系，通用潮油话,1,1,stable_single_mapping,闽·潮汕话,1,闽::1,潮汕话::1,medium::1,闽·潮汕话::1
潮汕民系，通用闽南方言,1,1,stable_single_mapping,闽,1,闽::1,,medium::1,闽::1
潮汕民系，通用闽方言,1,1,stable_single_mapping,闽,1,闽::1,,medium::1,闽::1
潮汕民系，闽南方言潮州话,1,1,stable_single_mapping,闽·潮汕话,1,闽::1,潮汕话::1,medium::1,闽·潮汕话::1
潮汕话（闽方言）和客家话（客家方言）,1,1,stable_single_mapping,客家、闽,1,混合::1,潮汕话::1,medium::1,客家、闽::1
王氏使用粤方言阳春白话；邓、江两姓使用客家方言阳春倔话。,1,1,stable_single_mapping,粤、客家,1,混合::1,阳春白话::1,medium::1,粤、客家::1
现使用粤方言（受广府文化影响），原使用客家方言,1,1,stable_single_mapping,粤、客家,1,混合::1,,medium::1,粤、客家::1
琴方言,1,1,stable_single_mapping,粤,1,粤::1,,high::1,粤::1
琴方言恩平话,1,1,stable_single_mapping,粤·恩平话,1,粤::1,恩平话::1,high::1,粤·恩平话::1
瑶话、客家方言,1,0,stable_single_mapping,客家、少数民族,1,混合::1,,medium::1,客家、少数民族::1
瑶语过山瑶话、壮语北部方言连山壮话、粤方言连山话,1,0,stable_single_mapping,粤·连山壮话、少数民族·瑶语,1,混合::1,连山壮话::1,medium::1,粤·连山壮话、少数民族·瑶语::1
瑶语过山瑶话、粤方言连山话,1,1,stable_single_mapping,粤、少数民族,1,混合::1,瑶语::1,medium::1,粤、少数民族::1
瑶语过山瑶话（瑶族），粤方言连山话（壮族、汉族）,1,1,stable_single_mapping,粤、少数民族,1,混合::1,瑶语::1,medium::1,粤、少数民族::1
瑶语过山瑶话；极少数为汉族，属广府民系,1,1,stable_single_mapping,少数民族·瑶语,1,少数民族::1,瑶语::1,medium::1,少数民族·瑶语::1
瑶语（苗瑶语族瑶语支勉语）及客家方言（因与汉族杂居）,1,1,stable_single_mapping,客家、少数民族,1,混合::1,瑶语::1,medium::1,客家、少数民族::1
瑶语（苗瑶语族瑶语支勉语）及客家话（因地处汉区常用）,1,1,stable_single_mapping,客家、少数民族,1,混合::1,瑶语::1,medium::1,客家、少数民族::1
瑶语（苗瑶语族瑶语支的勉语）和客家话,1,0,stable_single_mapping,客家、少数民族,1,混合::1,瑶语::1,medium::1,客家、少数民族::1
甘姓使用客家方言，梁、张姓使用粤方言,1,0,stable_single_mapping,粤、客家,1,混合::1,,medium::1,粤、客家::1
用台山话,1,1,stable_single_mapping,粤·台山话,1,粤::1,台山话::1,high::1,粤·台山话::1
田客家方言兴宁话,1,0,stable_single_mapping,客家,1,客家::1,,high::1,客家::1
电白海话、粤方言电白白话,1,1,stable_single_mapping,粤、闽,1,混合::1,电白海话::1,medium::1,粤、闽::1
电白海话及电白涯话,1,1,stable_single_mapping,客家·电白海话、闽·涯话,1,混合::1,电白海话::1,medium::1,客家·电白海话、闽·涯话::1
电白话,1,0,stable_single_mapping,粤,1,粤::1,,high::1,粤::1
电白话、粤方言,1,0,stable_single_mapping,粤,1,粤::1,,medium::1,粤::1
电白话、黎话,1,0,stable_single_mapping,粤、闽,1,混合::1,,medium::1,粤、闽::1
电白黎话、电白涯话,1,0,stable_single_mapping,客家·电白黎话、闽·涯话,1,混合::1,电白黎话::1,medium::1,客家·电白黎话、闽·涯话::1
畬语,1,0,stable_single_mapping,畬语,1,,,low::1,畬语::1
畲客话（畲老话）、客家方言、潮汕方言,1,1,stable_single_mapping,客家、闽,1,混合::1,,medium::1,客家、闽::1
畲话（俗称归善话或潼湖话）,1,1,stable_single_mapping,少数民族·畲话,1,少数民族::1,畲话::1,medium::1,少数民族·畲话::1
畲语、闽南方言潮州话,1,1,stable_single_mapping,闽·潮汕话,1,闽::1,潮汕话::1,medium::1,闽·潮汕话::1
畲语（仅6位老人会讲）、汉文、闽南方言,1,1,stable_single_mapping,闽,1,闽::1,,medium::1,闽::1
白山话,1,0,stable_single_mapping,白山话,1,,,low::1,白山话::1
白话,1,1,stable_single_mapping,粤,1,粤::1,,high::1,粤::1
福佬话（潮汕话谐音）,1,1,stable_single_mapping,闽·福佬话,1,闽::1,福佬话::1,medium::1,闽·福佬话::1
福佬话（白字戏用福佬话演唱）,1,1,stable_single_mapping,闽·福佬话,1,闽::1,福佬话::1,medium::1,闽·福佬话::1
等方盲,1,1,stable_single_mapping,等方盲,1,,,low::1,等方盲::1
等方言和客家方言,1,1,stable_single_mapping,客家,1,客家::1,,high::1,客家::1
粤家方言,1,1,stable_single_mapping,粤家方言,1,,,low::1,粤家方言::1
粤方官台山话,1,1,stable_single_mapping,粤·台山话,1,粤::1,台山话::1,high::1,粤·台山话::1
粤方官恩平话,1,1,stable_single_mapping,粤·恩平话,1,粤::1,恩平话::1,high::1,粤·恩平话::1
粤方官（粤语）,1,1,stable_single_mapping,粤,1,粤::1,,medium::1,粤::1
粤方盲台山话,1,1,stable_single_mapping,粤·台山话,1,粤::1,台山话::1,high::1,粤·台山话::1
粤方盲和客家方言,1,1,stable_single_mapping,客家,1,客家::1,,high::1,客家::1
粤方盲封川话,1,1,stable_single_mapping,粤·封川话,1,粤::1,封川话::1,high::1,粤·封川话::1
粤方盲怀集下坊话,1,0,stable_single_mapping,粤·怀集下坊话,1,粤::1,怀集下坊话::1,high::1,粤·怀集下坊话::1
粤方盲阳春白话和客家方言阳春僵话,1,1,stable_single_mapping,粤、客家,1,混合::1,阳春白话::1,medium::1,粤、客家::1
粤方盲阳江话,1,0,stable_single_mapping,粤·阳江话,1,粤::1,阳江话::1,high::1,粤·阳江话::1
粤方盲高州话,1,1,stable_single_mapping,粤·高州话,1,粤::1,高州话::1,high::1,粤·高州话::1
粤方盲高要话和客家方言,1,1,stable_single_mapping,粤、客家,1,混合::1,高要话::1,medium::1,粤、客家::1
粤方盲高阳片阳江方言（广府民系）,1,1,stable_single_mapping,粤方盲高阳片阳江方言（广府民系）,1,,,low::1,粤方盲高阳片阳江方言（广府民系）::1
粤方育,1,0,stable_single_mapping,粤,1,粤::1,,high::1,粤::1
粤方言 阳春白话、倔话,1,1,stable_single_mapping,粤、客家,1,混合::1,阳春白话::1,medium::1,粤、客家::1
粤方言/客家方言,1,1,stable_single_mapping,粤、客家,1,混合::1,,medium::1,粤、客家::1
粤方言、古话,1,0,stable_single_mapping,粤,1,粤::1,,medium::1,粤::1
粤方言、台山话,1,1,stable_single_mapping,粤·台山话,1,粤::1,台山话::1,medium::1,粤·台山话::1
粤方言、四川话,1,1,stable_single_mapping,粤、官话,1,混合::1,四川话::1,medium::1,粤、官话::1
粤方言、四邑话,1,0,stable_single_mapping,粤·四邑话,1,粤::1,四邑话::1,medium::1,粤·四邑话::1
粤方言、客家方言、虱嬷话（属客家方言，乳源仅桂头镇小部分村民使用）,1,1,stable_single_mapping,粤、客家,1,混合::1,,medium::1,粤、客家::1
粤方言、客家方言、虱话,1,1,stable_single_mapping,粤、客家、土话,1,混合::1,虱婆声::1,medium::1,粤、客家、土话::1
粤方言、客家方言、虱话（当地说法）,1,1,stable_single_mapping,粤、客家、土话,1,混合::1,虱婆声::1,medium::1,粤、客家、土话::1
粤方言、客家方言及闽南方言（连滩话）,1,1,stable_single_mapping,粤、客家、闽,1,混合::1,连滩话::1,medium::1,粤、客家、闽::1
粤方言、客家方言涯话,1,1,stable_single_mapping,粤、客家,1,混合::1,涯话::1,medium::1,粤、客家::1
粤方言、客家方言，后演变为阳春白话,1,1,stable_single_mapping,粤、客家,1,混合::1,阳春白话::1,medium::1,粤、客家::1
粤方言、平话、阳春话,1,1,stable_single_mapping,粤,1,粤::1,,medium::1,粤::1
粤方言、怀集标话,1,0,stable_single_mapping,粤,1,粤::1,,medium::1,粤::1
粤方言、怀集诗洞客家话、怀集诗洞标话,1,0,stable_single_mapping,粤、客家,1,混合::1,怀集诗洞标话::1,medium::1,粤、客家::1
粤方言、承传客家方言,1,1,stable_single_mapping,粤、客家,1,混合::1,,medium::1,粤、客家::1
粤方言、沙溪峒话（钱岗话）,1,1,stable_single_mapping,粤,1,粤::1,,medium::1,粤::1
粤方言、连滩话,1,0,stable_single_mapping,粤、闽,1,混合::1,连滩话::1,medium::1,粤、闽::1
粤方言、闽南方言,1,1,stable_single_mapping,粤、闽,1,混合::1,,medium::1,粤、闽::1
粤方言、闽南方言、客家方言,1,1,stable_single_mapping,粤、客家、闽,1,混合::1,,medium::1,粤、客家、闽::1
粤方言、闽方言黎话,1,1,stable_single_mapping,粤、闽,1,混合::1,,medium::1,粤、闽::1
粤方言、顺德口音,1,1,stable_single_mapping,粤,1,粤::1,,medium::1,粤::1
粤方言、黎话,1,1,stable_single_mapping,粤、闽,1,混合::1,,medium::1,粤、闽::1
粤方言。,1,1,stable_single_mapping,粤,1,粤::1,,high::1,粤::1
粤方言下坊话,1,1,stable_single_mapping,粤,1,粤::1,,high::1,粤::1
粤方言下方话，可使用闽方言隆都话,1,1,stable_single_mapping,粤、闽,1,混合::1,隆都话::1,medium::1,粤、闽::1
粤方言东莞万江话（广府民系）,1,0,stable_single_mapping,粤,1,粤::1,,medium::1,粤::1
粤方言东莞企石话。,1,1,stable_single_mapping,粤,1,粤::1,,high::1,粤::1
粤方言东莞企石话（广府民系）,1,0,stable_single_mapping,粤,1,粤::1,,medium::1,粤::1
粤方言东莞厚街话，少部分使用客家方言,1,0,stable_single_mapping,粤、客家,1,混合::1,,medium::1,粤、客家::1
粤方言东莞塘厦话和客家话,1,0,stable_single_mapping,粤、客家,1,混合::1,,medium::1,粤、客家::1
粤方言东莞塘厦话（广府民系）,1,0,stable_single_mapping,粤,1,粤::1,,medium::1,粤::1
粤方言东莞大朗话。,1,1,stable_single_mapping,粤,1,粤::1,,high::1,粤::1
粤方言东莞桥头话（广府民系）,1,1,stable_single_mapping,粤,1,粤::1,,medium::1,粤::1
粤方言东莞清溪话（广府民系）,1,1,stable_single_mapping,粤·东莞清溪话,1,粤::1,东莞清溪话::1,medium::1,粤·东莞清溪话::1
粤方言东莞石碣话（广府民系）,1,0,stable_single_mapping,粤,1,粤::1,,medium::1,粤::1
粤方言东莞虎门话。,1,0,stable_single_mapping,粤,1,粤::1,,high::1,粤::1
粤方言两阳片阳江话,1,0,stable_single_mapping,粤·阳江话,1,粤::1,阳江话::1,high::1,粤·阳江话::1
粤方言五邑恩平话,1,1,stable_single_mapping,粤·恩平话,1,粤::1,恩平话::1,high::1,粤·恩平话::1
粤方言从化本地话,1,1,stable_single_mapping,粤,1,粤::1,,high::1,粤::1
粤方言信宜话、客家方言,1,1,stable_single_mapping,粤、客家,1,混合::1,,medium::1,粤、客家::1
粤方言信宜话、恩平话,1,1,stable_single_mapping,粤·恩平话,1,粤::1,恩平话::1,medium::1,粤·恩平话::1
粤方言候古话,1,1,stable_single_mapping,粤,1,粤::1,,medium::1,粤::1
粤方言共和话、客家方言,1,1,stable_single_mapping,粤、客家,1,混合::1,,medium::1,粤、客家::1
粤方言化州话、吴川话,1,0,stable_single_mapping,粤·吴川话,1,粤::1,吴川话::1,medium::1,粤·吴川话::1
粤方言南冲话,1,1,stable_single_mapping,粤,1,粤::1,,high::1,粤::1
粤方言及古话,1,1,stable_single_mapping,粤,1,粤::1,,medium::1,粤::1
粤方言及沙田话,1,0,stable_single_mapping,粤·沙田话,1,粤::1,沙田话::1,high::1,粤·沙田话::1
粤方言及能古话,1,0,stable_single_mapping,粤·能古话,1,粤::1,能古话::1,medium::1,粤·能古话::1
粤方言台山话、客家方言客家话,1,0,stable_single_mapping,粤、客家,1,混合::1,台山话::1,medium::1,粤、客家::1
粤方言台山话。,1,1,stable_single_mapping,粤·台山话,1,粤::1,台山话::1,high::1,粤·台山话::1
粤方言台山话及广西话,1,1,stable_single_mapping,粤·台山话,1,粤::1,台山话::1,high::1,粤·台山话::1
粤方言台山话，广州话可正常交流,1,1,stable_single_mapping,粤·台山话,1,粤::1,台山话::1,medium::1,粤·台山话::1
粤方言合成话,1,1,stable_single_mapping,粤,1,粤::1,,high::1,粤::1
粤方言合成话（广府民系）,1,1,stable_single_mapping,粤,1,粤::1,,medium::1,粤::1
粤方言吴川方话,1,1,stable_single_mapping,粤,1,粤::1,,high::1,粤::1
粤方言吴川白话和水东黎话,1,1,stable_single_mapping,粤、闽,1,混合::1,,medium::1,粤、闽::1
粤方言吴川覃巴话,1,1,stable_single_mapping,粤,1,粤::1,,high::1,粤::1
粤方言吴川话和水东黎话,1,1,stable_single_mapping,粤、闽,1,混合::1,吴川话::1,medium::1,粤、闽::1
粤方言吴川话（广府民系）,1,0,stable_single_mapping,粤·吴川话,1,粤::1,吴川话::1,medium::1,粤·吴川话::1
粤方言吴川黄坡话,1,1,stable_single_mapping,粤,1,粤::1,,high::1,粤::1
粤方言吴阳话,1,1,stable_single_mapping,粤,1,粤::1,,high::1,粤::1
粤方言和东莞方言,1,1,stable_single_mapping,粤,1,粤::1,,high::1,粤::1
粤方言和客家方言。,1,1,stable_single_mapping,粤、客家,1,混合::1,,medium::1,粤、客家::1
粤方言和客家方言涯话,1,1,stable_single_mapping,粤、客家,1,混合::1,涯话::1,medium::1,粤、客家::1
粤方言和广宁话,1,1,stable_single_mapping,粤·广宁话,1,粤::1,广宁话::1,high::1,粤·广宁话::1
粤方言和怀集诗洞标话,1,1,stable_single_mapping,粤·怀集诗洞标话,1,粤::1,怀集诗洞标话::1,medium::1,粤·怀集诗洞标话::1
粤方言和闽方言雷州话,1,1,stable_single_mapping,粤、闽,1,混合::1,雷州话::1,medium::1,粤、闽::1
粤方言和闽方言黎话,1,1,stable_single_mapping,粤、闽,1,混合::1,,medium::1,粤、闽::1
粤方言商阳片阳江话,1,1,stable_single_mapping,粤·阳江话,1,粤::1,阳江话::1,high::1,粤·阳江话::1
粤方言四会地豆话（广府民系）；客家方言四会地豆话（客家民系）,1,1,stable_single_mapping,粤、客家,1,混合::1,,medium::1,粤、客家::1
粤方言四会城中话,1,1,stable_single_mapping,粤,1,粤::1,,high::1,粤::1
粤方言四会大沙话,1,1,stable_single_mapping,粤,1,粤::1,,high::1,粤::1
粤方言四会威坚话,1,1,stable_single_mapping,粤,1,粤::1,,high::1,粤::1
粤方言四会江谷话（广府民系）,1,1,stable_single_mapping,粤,1,粤::1,,medium::1,粤::1
粤方言四会清塘话（广府民系）,1,1,stable_single_mapping,粤,1,粤::1,,medium::1,粤::1
粤方言四会清塘话；客家方言四会清塘话,1,1,stable_single_mapping,粤、客家,1,混合::1,,medium::1,粤、客家::1
粤方言四会白话,1,1,stable_single_mapping,粤,1,粤::1,,high::1,粤::1
粤方言四会话、星子话,1,1,stable_single_mapping,粤·星子话,1,粤::1,星子话::1,medium::1,粤·星子话::1
粤方言四会话和星子话,1,1,stable_single_mapping,粤·星子话,1,粤::1,星子话::1,high::1,粤·星子话::1
粤方言四会黄田话、客家方言四会黄田话,1,1,stable_single_mapping,粤、客家,1,混合::1,,medium::1,粤、客家::1
粤方言四会龙湾白话,1,1,stable_single_mapping,粤,1,粤::1,,high::1,粤::1
粤方言四会龙湾话（广府民系）,1,1,stable_single_mapping,粤,1,粤::1,,medium::1,粤::1
粤方言四包话（西塘里）/粤方言四邑话（松兴里）,1,1,stable_single_mapping,粤·四邑话,1,粤::1,四邑话::1,medium::1,粤·四邑话::1
粤方言四琶话,1,1,stable_single_mapping,粤,1,粤::1,,high::1,粤::1
粤方言四目话,1,1,stable_single_mapping,粤,1,粤::1,,high::1,粤::1
粤方言四话（保昌村）/粤方言四邑话（中灵里）,1,1,stable_single_mapping,粤·四邑话,1,粤::1,四邑话::1,medium::1,粤·四邑话::1
粤方言四话（广府民系）,1,1,stable_single_mapping,粤,1,粤::1,,medium::1,粤::1
粤方言四邑话、查家话,1,1,stable_single_mapping,粤·四邑话,1,粤::1,四邑话::1,medium::1,粤·四邑话::1
粤方言四邑话、水上话,1,1,stable_single_mapping,粤·四邑话,1,粤::1,四邑话::1,medium::1,粤·四邑话::1
粤方言四邑话和客家话,1,1,stable_single_mapping,粤、客家,1,混合::1,四邑话::1,medium::1,粤、客家::1
粤方言四邑话或水上话,1,1,stable_single_mapping,粤·四邑话,1,粤::1,四邑话::1,high::1,粤·四邑话::1
粤方言四邑话；粤方言四邑话,1,1,stable_single_mapping,粤·四邑话,1,粤::1,四邑话::1,medium::1,粤·四邑话::1
粤方言四邑语,1,0,stable_single_mapping,粤,1,粤::1,,high::1,粤::1
粤方言土语,1,0,stable_single_mapping,粤,1,粤::1,,high::1,粤::1
粤方言威整话,1,1,stable_single_mapping,粤,1,粤::1,,high::1,粤::1
粤方言宅梧话、客家方言,1,1,stable_single_mapping,粤、客家,1,混合::1,,medium::1,粤、客家::1
粤方言官,1,1,stable_single_mapping,粤,1,粤::1,,high::1,粤::1
粤方言客家话和四邑话,1,1,stable_single_mapping,粤、客家,1,混合::1,四邑话::1,medium::1,粤、客家::1
粤方言封川话和客家方言,1,1,stable_single_mapping,粤、客家,1,混合::1,封川话::1,medium::1,粤、客家::1
粤方言广宁白话、客家方言（曾姓通用）,1,1,stable_single_mapping,粤、客家,1,混合::1,,medium::1,粤、客家::1
粤方言广宁白话及客家方言,1,0,stable_single_mapping,粤、客家,1,混合::1,,medium::1,粤、客家::1
粤方言广宁白话及客家话,1,1,stable_single_mapping,粤、客家,1,混合::1,,medium::1,粤、客家::1
粤方言广宁白话和客家方言,1,1,stable_single_mapping,粤、客家,1,混合::1,,medium::1,粤、客家::1
粤方言广宁白话（广府民系）,1,1,stable_single_mapping,粤,1,粤::1,,medium::1,粤::1
粤方言广宁话及客家方言,1,1,stable_single_mapping,粤、客家,1,混合::1,广宁话::1,medium::1,粤、客家::1
粤方言广宁话和客家话,1,0,stable_single_mapping,粤、客家,1,混合::1,广宁话::1,medium::1,粤、客家::1
粤方言广宁话（属广府民系）,1,1,stable_single_mapping,粤·广宁话,1,粤::1,广宁话::1,medium::1,粤·广宁话::1
粤方言广州话和客家方言,1,1,stable_single_mapping,粤、客家,1,混合::1,,medium::1,粤、客家::1
粤方言广州话（广府民系）,1,1,stable_single_mapping,粤,1,粤::1,,medium::1,粤::1
粤方言开平话,1,0,stable_single_mapping,粤,1,粤::1,,high::1,粤::1
粤方言德庆话（广府民系）,1,0,stable_single_mapping,粤·德庆话,1,粤::1,德庆话::1,medium::1,粤·德庆话::1
粤方言德庆话，悦城河中下游流域口音,1,1,stable_single_mapping,粤·德庆话,1,粤::1,德庆话::1,medium::1,粤·德庆话::1
粤方言怀负上坊话、大岗标话,1,1,stable_single_mapping,粤,1,粤::1,,medium::1,粤::1
粤方言怀集上地话,1,1,stable_single_mapping,粤,1,粤::1,,high::1,粤::1
粤方言怀集上坊话及标语,1,1,stable_single_mapping,粤·怀集上坊话,1,粤::1,怀集上坊话::1,high::1,粤·怀集上坊话::1
粤方言怀集上坊话及梁村标话,1,1,stable_single_mapping,粤·怀集上坊话,1,粤::1,怀集上坊话::1,medium::1,粤·怀集上坊话::1
粤方言怀集上坊话和梁村标话,1,1,stable_single_mapping,粤·怀集上坊话,1,粤::1,怀集上坊话::1,medium::1,粤·怀集上坊话::1
粤方言怀集上坊话（广府民系）,1,1,stable_single_mapping,粤·怀集上坊话,1,粤::1,怀集上坊话::1,medium::1,粤·怀集上坊话::1
粤方言怀集上话,1,1,stable_single_mapping,粤,1,粤::1,,high::1,粤::1
粤方言怀集下坊话、壮方言,1,1,stable_single_mapping,粤、少数民族,1,混合::1,怀集下坊话::1,medium::1,粤、少数民族::1
粤方言怀集下坊话、壮语,1,1,stable_single_mapping,粤、少数民族,1,混合::1,怀集下坊话::1,medium::1,粤、少数民族::1
粤方言怀集下坊话、客家话,1,1,stable_single_mapping,粤、客家,1,混合::1,怀集下坊话::1,medium::1,粤、客家::1
粤方言怀集下坊话、怀集永固标话,1,1,stable_single_mapping,粤·怀集永固标话,1,粤::1,怀集永固标话::1,medium::1,粤·怀集永固标话::1
粤方言怀集下坊话、永固标话、客家方言,1,0,stable_single_mapping,粤、客家,1,混合::1,怀集下坊话::1,medium::1,粤、客家::1
粤方言怀集下坊话和潮汕话,1,1,stable_single_mapping,粤·怀集下坊话、闽·潮汕话,1,混合::1,怀集下坊话::1,medium::1,粤·怀集下坊话、闽·潮汕话::1
粤方言怀集下坊话，祖籍广宁的陈姓村民通用广宁话,1,0,stable_single_mapping,粤·怀集下坊话,1,粤::1,怀集下坊话::1,medium::1,粤·怀集下坊话::1
粤方言怀集下坊话，部分村民讲客家话,1,1,stable_single_mapping,粤、客家,1,混合::1,怀集下坊话::1,medium::1,粤、客家::1
粤方言怀集下帅话、怀集下坊话,1,0,stable_single_mapping,粤·怀集下坊话,1,粤::1,怀集下坊话::1,medium::1,粤·怀集下坊话::1
粤方言怀集下方话,1,1,stable_single_mapping,粤,1,粤::1,,high::1,粤::1
粤方言怀集宁洞话、怀集标话,1,1,stable_single_mapping,粤·怀集宁洞话,1,粤::1,怀集宁洞话::1,medium::1,粤·怀集宁洞话::1
粤方言怀集宁洞话和客家话,1,1,stable_single_mapping,粤、客家,1,混合::1,怀集宁洞话::1,medium::1,粤、客家::1
粤方言怀集宁洞话和怀集标话,1,1,stable_single_mapping,粤·怀集宁洞话,1,粤::1,怀集宁洞话::1,medium::1,粤·怀集宁洞话::1
粤方言怀集梁村上坊话,1,1,stable_single_mapping,粤,1,粤::1,,high::1,粤::1
粤方言怀集永固标话,1,1,stable_single_mapping,粤·怀集永固标话,1,粤::1,怀集永固标话::1,medium::1,粤·怀集永固标话::1
粤方言怀集诗洞话、客家方言,1,1,stable_single_mapping,粤、客家,1,混合::1,,medium::1,粤、客家::1
粤方言怀集诗洞话（广府民系）,1,1,stable_single_mapping,粤,1,粤::1,,medium::1,粤::1
粤方言怀集话、壮语北部方言连山壮话,1,1,stable_single_mapping,粤·连山壮话、少数民族·怀集话,1,混合::1,连山壮话::1,medium::1,粤·连山壮话、少数民族·怀集话::1
粤方言思平话；粤方言恩平话,1,1,stable_single_mapping,粤·恩平话,1,粤::1,恩平话::1,medium::1,粤·恩平话::1
粤方言恩平話,1,1,stable_single_mapping,粤,1,粤::1,,high::1,粤::1
粤方言恩平话、信宜话和客家方言,1,1,stable_single_mapping,粤、客家,1,混合::1,恩平话::1,medium::1,粤、客家::1
粤方言恩平话、阳江话,1,0,stable_single_mapping,粤·阳江话,1,粤::1,阳江话::1,medium::1,粤·阳江话::1
粤方言恩平话及信宜方言,1,1,stable_single_mapping,粤·恩平话,1,粤::1,恩平话::1,high::1,粤·恩平话::1
粤方言恩平话（元淋村）；粤方言恩平话（竹围村）,1,1,stable_single_mapping,粤·恩平话,1,粤::1,恩平话::1,medium::1,粤·恩平话::1
粤方言恩平话（带信宜口音）,1,1,stable_single_mapping,粤·恩平话,1,粤::1,恩平话::1,medium::1,粤·恩平话::1
粤方言恩平话（带有罗定口音）,1,1,stable_single_mapping,粤·恩平话,1,粤::1,恩平话::1,medium::1,粤·恩平话::1
粤方言恩平话（带有罗定尾音）,1,1,stable_single_mapping,粤·恩平话,1,粤::1,恩平话::1,medium::1,粤·恩平话::1
粤方言恩平话（带有阳春尾音）,1,1,stable_single_mapping,粤·恩平话,1,粤::1,恩平话::1,medium::1,粤·恩平话::1
粤方言恩平话（带有高州口音）,1,1,stable_single_mapping,粤·恩平话,1,粤::1,恩平话::1,medium::1,粤·恩平话::1
粤方言恩平话（带高州口音）,1,1,stable_single_mapping,粤·恩平话,1,粤::1,恩平话::1,medium::1,粤·恩平话::1
粤方言恩平话（高地村）；粤方言恩平话（三根竹村）,1,0,stable_single_mapping,粤·恩平话,1,粤::1,恩平话::1,medium::1,粤·恩平话::1
粤方言恩平话；粤方言恩平话,1,1,stable_single_mapping,粤·恩平话,1,粤::1,恩平话::1,medium::1,粤·恩平话::1
粤方言明迳话,1,1,stable_single_mapping,粤,1,粤::1,,high::1,粤::1
粤方言星子话,1,1,stable_single_mapping,粤·星子话,1,粤::1,星子话::1,high::1,粤·星子话::1
粤方言春北白话,1,1,stable_single_mapping,粤,1,粤::1,,high::1,粤::1
粤方言杯集上坊话,1,1,stable_single_mapping,粤,1,粤::1,,high::1,粤::1
粤方言查家话,1,1,stable_single_mapping,粤,1,粤::1,,high::1,粤::1
粤方言棠下五洞话,1,1,stable_single_mapping,粤,1,粤::1,,high::1,粤::1
粤方言水上话和四邑话,1,1,stable_single_mapping,粤·四邑话,1,粤::1,四邑话::1,high::1,粤·四邑话::1
粤方言沙困话,1,0,stable_single_mapping,粤,1,粤::1,,high::1,粤::1
粤方言沙图话,1,1,stable_single_mapping,粤,1,粤::1,,high::1,粤::1
粤方言沙日话,1,1,stable_single_mapping,粤,1,粤::1,,high::1,粤::1
粤方言沙田话为主，可使用客家方言和粤方言下方话交流,1,0,stable_single_mapping,粤、客家,1,混合::1,沙田话::1,medium::1,粤、客家::1
粤方言沙田话和东莞话,1,1,stable_single_mapping,粤·沙田话,1,粤::1,沙田话::1,high::1,粤·沙田话::1
粤方言沙田话（水上话）,1,1,stable_single_mapping,粤·沙田话,1,粤::1,沙田话::1,medium::1,粤·沙田话::1
粤方言沙田话，也可使用客家话和粤方言下方话,1,1,stable_single_mapping,粤、客家,1,混合::1,沙田话::1,medium::1,粤、客家::1
粤方言沙田话，但已逐渐淡化,1,1,stable_single_mapping,粤·沙田话,1,粤::1,沙田话::1,medium::1,粤·沙田话::1
粤方言沙田语,1,0,stable_single_mapping,粤,1,粤::1,,high::1,粤::1
粤方言沙话,1,1,stable_single_mapping,粤,1,粤::1,,high::1,粤::1
粤方言泗纶话,1,1,stable_single_mapping,粤,1,粤::1,,high::1,粤::1
粤方言洲心话（属清远广府片粤语，但受客家方言影响，语音有所差异，1955年版《清远县志》称之为‘蛇声’）,1,1,stable_single_mapping,粤、客家,1,混合::1,蛇声::1,medium::1,粤、客家::1
粤方言淡水阳江话和闽方言电白海话,1,1,stable_single_mapping,粤·电白海话、闽·阳江话,1,混合::1,电白海话::1,medium::1,粤·电白海话、闽·阳江话::1
粤方言淡水阳江话（广府民系）,1,1,stable_single_mapping,粤·阳江话,1,粤::1,阳江话::1,medium::1,粤·阳江话::1
粤方言清远白湾地方话,1,1,stable_single_mapping,粤,1,粤::1,,high::1,粤::1
粤方言清远白话。,1,1,stable_single_mapping,粤·清远白话,1,粤::1,清远白话::1,high::1,粤·清远白话::1
粤方言清远白话和客家话,1,1,stable_single_mapping,粤、客家,1,混合::1,清远白话::1,medium::1,粤、客家::1
粤方言清远白话，小部分村民使用客家方言,1,1,stable_single_mapping,粤、客家,1,混合::1,清远白话::1,medium::1,粤、客家::1
粤方言清远白话，部分村民会讲客家话,1,1,stable_single_mapping,粤、客家,1,混合::1,清远白话::1,medium::1,粤、客家::1
粤方言清远白话，部分钟姓和何姓村民仍使用客家话,1,1,stable_single_mapping,粤、客家,1,混合::1,清远白话::1,medium::1,粤、客家::1
粤方言潭岭话,1,1,stable_single_mapping,粤、土话,1,混合::1,潭岭话::1,medium::1,粤、土话::1
粤方言电白白话、闽方言电白海话,1,1,stable_single_mapping,粤、闽,1,混合::1,电白海话::1,medium::1,粤、闽::1
粤方言电白话（广府民系）,1,1,stable_single_mapping,粤,1,粤::1,,medium::1,粤::1
粤方言白山话,1,1,stable_single_mapping,粤,1,粤::1,,high::1,粤::1
粤方言白话和客家方言涯话,1,1,stable_single_mapping,粤、客家,1,混合::1,涯话::1,medium::1,粤、客家::1
粤方言白话和闽方言电白黎语,1,1,stable_single_mapping,粤、闽,1,混合::1,,medium::1,粤、闽::1
粤方言石岐话和客家方言,1,1,stable_single_mapping,粤、客家,1,混合::1,石岐话::1,medium::1,粤、客家::1
粤方言石岐话和闽方言南朗话,1,1,stable_single_mapping,粤、闽,1,混合::1,石岐话::1,medium::1,粤、闽::1
粤方言石岐话或闽方言南朗话,1,1,stable_single_mapping,粤、闽,1,混合::1,石岐话::1,medium::1,粤、闽::1
粤方言石岐话（广府民系）和客家方言（客家民系）,1,0,stable_single_mapping,粤、客家,1,混合::1,石岐话::1,medium::1,粤、客家::1
粤方言石岐话，客家方言,1,1,stable_single_mapping,粤、客家,1,混合::1,石岐话::1,medium::1,粤、客家::1
粤方言石莲话,1,1,stable_single_mapping,粤,1,粤::1,,high::1,粤::1
粤方言端州小湘话，少数使用客家方言惠州话,1,1,stable_single_mapping,粤、客家,1,混合::1,,medium::1,粤、客家::1
粤方言端州话、客家方言,1,1,stable_single_mapping,粤、客家,1,混合::1,,medium::1,粤、客家::1
粤方言置家话,1,1,stable_single_mapping,粤,1,粤::1,,high::1,粤::1
粤方言英德土家话,1,1,stable_single_mapping,粤,1,粤::1,,high::1,粤::1
粤方言英德石坎话,1,0,stable_single_mapping,粤,1,粤::1,,high::1,粤::1
粤方言英德黄花土家话、客家话,1,1,stable_single_mapping,粤、客家,1,混合::1,,medium::1,粤、客家::1
粤方言英德黄龙话,1,1,stable_single_mapping,粤,1,粤::1,,high::1,粤::1
粤方言虎门话,1,1,stable_single_mapping,粤,1,粤::1,,high::1,粤::1
粤方言蛋家话,1,1,stable_single_mapping,粤,1,粤::1,,high::1,粤::1
粤方言螯头话（黎话）,1,0,stable_single_mapping,粤、闽,1,混合::1,,medium::1,粤、闽::1
粤方言袂花话、黎话,1,1,stable_single_mapping,粤、闽,1,混合::1,袂花话::1,medium::1,粤、闽::1
粤方言袂花话和闽方言茂南话(黎话）,1,1,stable_single_mapping,粤、闽,1,混合::1,袂花话::1,medium::1,粤、闽::1
粤方言连山话、瑶语过山瑶话,1,1,stable_single_mapping,粤、少数民族,1,混合::1,瑶语::1,medium::1,粤、少数民族::1
粤方言连山话（汉族广府民系使用）,1,1,stable_single_mapping,粤,1,粤::1,,medium::1,粤::1
粤方言连山话（汉族广府民系）,1,1,stable_single_mapping,粤,1,粤::1,,medium::1,粤::1
粤方言遂溪话,1,1,stable_single_mapping,粤,1,粤::1,,high::1,粤::1
粤方言邑话,1,1,stable_single_mapping,粤,1,粤::1,,high::1,粤::1
粤方言阳卷白话,1,1,stable_single_mapping,粤,1,粤::1,,high::1,粤::1
粤方言阳山白话,1,1,stable_single_mapping,粤,1,粤::1,,high::1,粤::1
粤方言阳春倔话,1,1,stable_single_mapping,粤、客家,1,混合::1,,medium::1,粤、客家::1
粤方言阳春方言白话,1,1,stable_single_mapping,粤,1,粤::1,,high::1,粤::1
粤方言阳春春北白话（广府民系）,1,1,stable_single_mapping,粤,1,粤::1,,medium::1,粤::1
粤方言阳春春北白语,1,1,stable_single_mapping,粤,1,粤::1,,high::1,粤::1
粤方言阳春河□白话,1,1,stable_single_mapping,粤,1,粤::1,,high::1,粤::1
粤方言阳春河口白话和高州白话,1,1,stable_single_mapping,粤,1,粤::1,,high::1,粤::1
粤方言阳春白话、客家方言、阳春倔话,1,1,stable_single_mapping,粤、客家,1,混合::1,阳春白话::1,medium::1,粤、客家::1
粤方言阳春白话、客家方言阳春佳话,1,1,stable_single_mapping,粤、客家,1,混合::1,阳春白话::1,medium::1,粤、客家::1
粤方言阳春白话、客家方言阳春偃话,1,1,stable_single_mapping,粤·阳春白话、客家·涯话,1,混合::1,阳春白话::1,medium::1,粤·阳春白话、客家·涯话::1
粤方言阳春白话、客家话,1,1,stable_single_mapping,粤、客家,1,混合::1,阳春白话::1,medium::1,粤、客家::1
粤方言阳春白话、阳春涯话,1,1,stable_single_mapping,粤·阳春白话、客家·涯话,1,混合::1,阳春白话::1,medium::1,粤·阳春白话、客家·涯话::1
粤方言阳春白话与客家方言阳春倔话,1,1,stable_single_mapping,粤、客家,1,混合::1,阳春白话::1,medium::1,粤、客家::1
粤方言阳春白话及客家方言阳春话,1,0,stable_single_mapping,粤、客家,1,混合::1,阳春白话::1,medium::1,粤、客家::1
粤方言阳春白话和客家方盲阳春倔话,1,1,stable_single_mapping,粤、客家,1,混合::1,阳春白话::1,medium::1,粤、客家::1
粤方言阳春白话和客家方言阳春低话,1,1,stable_single_mapping,粤、客家,1,混合::1,阳春白话::1,medium::1,粤、客家::1
粤方言阳春白话和客家方言阳春偃话,1,1,stable_single_mapping,粤·阳春白话、客家·涯话,1,混合::1,阳春白话::1,medium::1,粤·阳春白话、客家·涯话::1
粤方言阳春白话和阳春话,1,1,stable_single_mapping,粤·阳春白话,1,粤::1,阳春白话::1,high::1,粤·阳春白话::1
粤方言阳春白话和高州话,1,1,stable_single_mapping,粤·阳春白话,1,粤::1,阳春白话::1,high::1,粤·阳春白话::1
粤方言阳春白话（广府民系）、客家方言阳春话（客家民系）,1,1,stable_single_mapping,粤、客家,1,混合::1,阳春白话::1,medium::1,粤、客家::1
粤方言阳春白话，客家方言阳春倔话,1,1,stable_single_mapping,粤、客家,1,混合::1,阳春白话::1,medium::1,粤、客家::1
粤方言阳春白话，少数使用阳江话,1,1,stable_single_mapping,粤·阳春白话,1,粤::1,阳春白话::1,medium::1,粤·阳春白话::1
粤方言阳春白话；客家方言阳春倔话,1,1,stable_single_mapping,粤、客家,1,混合::1,阳春白话::1,medium::1,粤、客家::1
粤方言阳春白话；客家方言阳春话,1,0,stable_single_mapping,粤、客家,1,混合::1,阳春白话::1,medium::1,粤、客家::1
粤方言阳春白话；粤方言阳春白话,1,1,stable_single_mapping,粤·阳春白话,1,粤::1,阳春白话::1,medium::1,粤·阳春白话::1
粤方言阳春话和恩平话,1,1,stable_single_mapping,粤·恩平话,1,粤::1,恩平话::1,high::1,粤·恩平话::1
粤方言阳江方言,1,1,stable_single_mapping,粤,1,粤::1,,high::1,粤::1
粤方言阳江片阳江话,1,0,stable_single_mapping,粤·阳江话,1,粤::1,阳江话::1,high::1,粤·阳江话::1
粤方言阳江白话和闽方言电白黎话,1,1,stable_single_mapping,粤、闽,1,混合::1,电白黎话::1,medium::1,粤、闽::1
粤方言阳江话（广府民系通用语言）,1,0,stable_single_mapping,粤·阳江话,1,粤::1,阳江话::1,medium::1,粤·阳江话::1
粤方言附城话,1,1,stable_single_mapping,粤,1,粤::1,,high::1,粤::1
粤方言预色话,1,1,stable_single_mapping,粤,1,粤::1,,high::1,粤::1
粤方言高州白话和阳春白话,1,1,stable_single_mapping,粤·阳春白话,1,粤::1,阳春白话::1,high::1,粤·阳春白话::1
粤方言高州白话（广府民系）,1,1,stable_single_mapping,粤,1,粤::1,,medium::1,粤::1
粤方言高州话，逐渐融入当地河口话，与原高州话差异大,1,1,stable_single_mapping,粤·高州话,1,粤::1,高州话::1,medium::1,粤·高州话::1
粤方言高州话，逐渐融入河口话,1,1,stable_single_mapping,粤·高州话,1,粤::1,高州话::1,medium::1,粤·高州话::1
粤方言高要乐城音、客家方言,1,1,stable_single_mapping,粤、客家,1,混合::1,,medium::1,粤、客家::1
粤方言高要话、乐城口音及客家方言,1,1,stable_single_mapping,粤、客家,1,混合::1,高要话::1,medium::1,粤、客家::1
粤方言高要话、广宁话（乐城口音）,1,1,stable_single_mapping,粤·高要话,1,粤::1,高要话::1,medium::1,粤·高要话::1
粤方言高要话、广宁话，乐城口音,1,1,stable_single_mapping,粤·高要话,1,粤::1,高要话::1,medium::1,粤·高要话::1
粤方言高要话、白诸口音,1,1,stable_single_mapping,粤·高要话,1,粤::1,高要话::1,medium::1,粤·高要话::1
粤方言高要话乐城口音、客家方言,1,1,stable_single_mapping,粤、客家,1,混合::1,高要话::1,medium::1,粤、客家::1
粤方言高要话乐城口音及客家方言,1,1,stable_single_mapping,粤、客家,1,混合::1,高要话::1,medium::1,粤、客家::1
粤方言高要话（乐城口音），客家方言,1,1,stable_single_mapping,粤、客家,1,混合::1,高要话::1,medium::1,粤、客家::1
粤方言高要话（广府民系）,1,1,stable_single_mapping,粤·高要话,1,粤::1,高要话::1,medium::1,粤·高要话::1
粤方言高要话（水南口音）,1,1,stable_single_mapping,粤·高要话,1,粤::1,高要话::1,medium::1,粤·高要话::1
粤方言高要话（活道口音）；客家方言,1,1,stable_single_mapping,粤、客家,1,混合::1,高要话::1,medium::1,粤、客家::1
粤方言高要话（禄、步口音）,1,1,stable_single_mapping,粤·高要话,1,粤::1,高要话::1,medium::1,粤·高要话::1
粤方言高要话（禄步音）,1,1,stable_single_mapping,粤·高要话,1,粤::1,高要话::1,medium::1,粤·高要话::1
粤方言高要话，乐城口音和客家方言,1,1,stable_single_mapping,粤、客家,1,混合::1,高要话::1,medium::1,粤、客家::1
粤方言高要话，乐城口音，以及客家方言,1,1,stable_single_mapping,粤、客家,1,混合::1,高要话::1,medium::1,粤、客家::1
粤方言高要话，乐城口音，德庆话,1,1,stable_single_mapping,粤·高要话,1,粤::1,高要话::1,medium::1,粤·高要话::1
粤方言高要话，小湘口音和客家方言,1,1,stable_single_mapping,粤、客家,1,混合::1,高要话::1,medium::1,粤、客家::1
粤方言高要话，河家口音,1,0,stable_single_mapping,粤·高要话,1,粤::1,高要话::1,medium::1,粤·高要话::1
粤方言高阳片江话,1,1,stable_single_mapping,粤,1,粤::1,,high::1,粤::1
粤方言高阳片阳江话、信宜话,1,0,stable_single_mapping,粤·阳江话,1,粤::1,阳江话::1,medium::1,粤·阳江话::1
粤方言高阳片阳江话及客家方言,1,1,stable_single_mapping,粤、客家,1,混合::1,阳江话::1,medium::1,粤、客家::1
粤方言高阳片阳江话（广府民居）,1,1,stable_single_mapping,粤·阳江话,1,粤::1,阳江话::1,medium::1,粤·阳江话::1
粤方言高阳片阳江话，高州话,1,1,stable_single_mapping,粤·阳江话,1,粤::1,阳江话::1,medium::1,粤·阳江话::1
粤方言高阳话,1,1,stable_single_mapping,粤,1,粤::1,,high::1,粤::1
粤方言鹤城话,1,1,stable_single_mapping,粤,1,粤::1,,high::1,粤::1
粤方言黄德黄花话,1,1,stable_single_mapping,粤,1,粤::1,,high::1,粤::1
粤方言黄花话（广府民系）,1,1,stable_single_mapping,粤,1,粤::1,,medium::1,粤::1
粤方言鼎湖大怖话,1,1,stable_single_mapping,粤,1,粤::1,,high::1,粤::1
粤方言鼎湖大怖话、客家方言,1,1,stable_single_mapping,粤、客家,1,混合::1,,medium::1,粤、客家::1
粤方言鼎湖曹王话,1,1,stable_single_mapping,粤,1,粤::1,,high::1,粤::1
粤方言鼎湖沙浦话,1,1,stable_single_mapping,粤,1,粤::1,,high::1,粤::1
粤方言鼎湖罗布话,1,1,stable_single_mapping,粤,1,粤::1,,high::1,粤::1
粤方言鼎湖话、客家方言,1,1,stable_single_mapping,粤、客家,1,混合::1,鼎湖话::1,medium::1,粤、客家::1
粤方言鼎湖话、永安话,1,1,stable_single_mapping,粤·鼎湖话,1,粤::1,鼎湖话::1,medium::1,粤·鼎湖话::1
粤方言龙江话,1,1,stable_single_mapping,粤,1,粤::1,,high::1,粤::1
粤方言（下湾一三村）；粤方言（白中村）,1,1,stable_single_mapping,粤,1,粤::1,,medium::1,粤::1
粤方言（东莞石碣话）,1,1,stable_single_mapping,粤,1,粤::1,,medium::1,粤::1
粤方言（东莞虎门话）,1,0,stable_single_mapping,粤,1,粤::1,,medium::1,粤::1
粤方言（台山话）、客家方言,1,1,stable_single_mapping,粤、客家,1,混合::1,台山话::1,medium::1,粤、客家::1
粤方言（属广府民系）,1,1,stable_single_mapping,粤,1,粤::1,,medium::1,粤::1
粤方言（带沙溪洞土音，称钱岗话），与周边粤语发音不同，如帽读磨，刀读多等,1,1,stable_single_mapping,粤,1,粤::1,,medium::1,粤::1
粤方言（广府民居）,1,1,stable_single_mapping,粤,1,粤::1,,medium::1,粤::1
粤方言（广府系）,1,1,stable_single_mapping,粤,1,粤::1,,medium::1,粤::1
粤方言（广府话）,1,1,stable_single_mapping,粤,1,粤::1,,medium::1,粤::1
粤方言（恩平话）,1,1,stable_single_mapping,粤·恩平话,1,粤::1,恩平话::1,medium::1,粤·恩平话::1
粤方言（新村）；粤方言（龙湾村）,1,1,stable_single_mapping,粤,1,粤::1,,medium::1,粤::1
粤方言（旺岭村）/粤方言（竹瓦村）,1,1,stable_single_mapping,粤,1,粤::1,,medium::1,粤::1
粤方言（水上话）,1,1,stable_single_mapping,粤,1,粤::1,,medium::1,粤::1
粤方言（沙溪峒话），带有沙溪洞土音（钱岗话），受增城、白云区影响，声韵柔和圆润，读音与周边粤音不同（如帽读磨，刀读多等）,1,0,stable_single_mapping,粤,1,粤::1,,medium::1,粤::1
粤方言（海话）,1,1,stable_single_mapping,粤、闽,1,混合::1,,medium::1,粤、闽::1
粤方言（滛江话）,1,1,stable_single_mapping,粤,1,粤::1,,medium::1,粤::1
粤方言（灯笼坡村）；粤方言（灯一村）,1,1,stable_single_mapping,粤,1,粤::1,,medium::1,粤::1
粤方言（邑话）,1,1,stable_single_mapping,粤,1,粤::1,,medium::1,粤::1
粤方言（长塘村）；粤方言（东华村）,1,1,stable_single_mapping,粤,1,粤::1,,medium::1,粤::1
粤方言，主要以广州话及礼乐本土方言为主,1,1,stable_single_mapping,粤,1,粤::1,,medium::1,粤::1
粤方言，客家方言,1,1,stable_single_mapping,粤、客家,1,混合::1,,medium::1,粤、客家::1
粤方言，带明显的沙溪峒话（参阅钱岗话）口音,1,1,stable_single_mapping,粤,1,粤::1,,medium::1,粤::1
粤方言，带有沙溪峒口音，如‘仓’读‘枪’、‘糠’读‘香’、‘角’读‘脚’等,1,0,stable_single_mapping,粤,1,粤::1,,medium::1,粤::1
粤方言，广州话及礼乐本土方言,1,1,stable_single_mapping,粤,1,粤::1,,medium::1,粤::1
粤方言，当地称为浥江话（与粤语区别在于尾音有点不同）,1,1,stable_single_mapping,粤,1,粤::1,,medium::1,粤::1
粤方言，承传客家方言,1,0,stable_single_mapping,粤、客家,1,混合::1,,medium::1,粤、客家::1
粤方言，承传闽方言,1,1,stable_single_mapping,粤、闽,1,混合::1,,medium::1,粤、闽::1
粤方言，还讲越南语,1,1,stable_single_mapping,粤,1,粤::1,,medium::1,粤::1
粤方言，部分村民因与客家人通婚使用客家方言,1,1,stable_single_mapping,粤、客家,1,混合::1,,medium::1,粤、客家::1
粤方语化州话,1,0,stable_single_mapping,粤·化州话,1,粤::1,化州话::1,high::1,粤·化州话::1
粤方语四邑话,1,1,stable_single_mapping,粤·四邑话,1,粤::1,四邑话::1,high::1,粤·四邑话::1
粤方语广宁白话,1,1,stable_single_mapping,粤,1,粤::1,,high::1,粤::1
粤方首,1,1,stable_single_mapping,粤,1,粤::1,,high::1,粤::1
粤方高阳片阳江话,1,1,stable_single_mapping,粤·阳江话,1,粤::1,阳江话::1,high::1,粤·阳江话::1
粤粤方言,1,1,stable_single_mapping,粤,1,粤::1,,high::1,粤::1
粤言吴川话,1,1,stable_single_mapping,粤·吴川话,1,粤::1,吴川话::1,high::1,粤·吴川话::1
粤言语四色话,1,1,stable_single_mapping,粤·四邑话,1,粤::1,四邑话::1,high::1,粤·四邑话::1
粤语、四会话、客家话,1,1,stable_single_mapping,粤、客家,1,混合::1,四会话::1,medium::1,粤、客家::1
粤语、怀集永固标话,1,1,stable_single_mapping,粤·怀集永固标话,1,粤::1,怀集永固标话::1,medium::1,粤·怀集永固标话::1
粤语、怀集诗洞标话,1,1,stable_single_mapping,粤·怀集诗洞标话,1,粤::1,怀集诗洞标话::1,medium::1,粤·怀集诗洞标话::1
粤语、怀集诗洞标话（金沙话）,1,1,stable_single_mapping,粤·怀集诗洞标话,1,粤::1,怀集诗洞标话::1,medium::1,粤·怀集诗洞标话::1
粤语东莞望牛墩话,1,1,stable_single_mapping,粤,1,粤::1,,high::1,粤::1
粤语化州方言,1,1,stable_single_mapping,粤,1,粤::1,,high::1,粤::1
粤语台山话（广府民系）,1,1,stable_single_mapping,粤·台山话,1,粤::1,台山话::1,medium::1,粤·台山话::1
粤语和客家方言,1,1,stable_single_mapping,粤、客家,1,混合::1,,medium::1,粤、客家::1
粤语和船潭话,1,1,stable_single_mapping,粤,1,粤::1,,high::1,粤::1
粤语四会方言江谷话,1,1,stable_single_mapping,粤,1,粤::1,,high::1,粤::1
粤语四会江谷话,1,1,stable_single_mapping,粤,1,粤::1,,high::1,粤::1
粤语四邑恩平话,1,1,stable_single_mapping,粤·恩平话,1,粤::1,恩平话::1,high::1,粤·恩平话::1
粤语封川话、粤语怀集诗洞话,1,0,stable_single_mapping,粤·封川话,1,粤::1,封川话::1,medium::1,粤·封川话::1
粤语封川话、粤语怀集诗洞话、客家话,1,0,stable_single_mapping,粤、客家,1,混合::1,封川话::1,medium::1,粤、客家::1
粤语封川话和粤语怀集诗洞话,1,1,stable_single_mapping,粤·封川话,1,粤::1,封川话::1,high::1,粤·封川话::1
粤语广宁白话,1,0,stable_single_mapping,粤,1,粤::1,,high::1,粤::1
粤语恩平话,1,1,stable_single_mapping,粤·恩平话,1,粤::1,恩平话::1,high::1,粤·恩平话::1
粤语方言东莞厚街话,1,1,stable_single_mapping,粤,1,粤::1,,high::1,粤::1
粤语方言东莞望牛墩话,1,1,stable_single_mapping,粤,1,粤::1,,high::1,粤::1
粤语方言东莞桥头话,1,1,stable_single_mapping,粤,1,粤::1,,high::1,粤::1
粤语方言化州白话,1,1,stable_single_mapping,粤·化州白话,1,粤::1,化州白话::1,high::1,粤·化州白话::1
粤语方言四会江谷话,1,0,stable_single_mapping,粤,1,粤::1,,high::1,粤::1
粤语方言广宁白话,1,0,stable_single_mapping,粤,1,粤::1,,high::1,粤::1
粤语方言广宁话和客家方言,1,1,stable_single_mapping,粤、客家,1,混合::1,广宁话::1,medium::1,粤、客家::1
粤语方言恩平话,1,1,stable_single_mapping,粤·恩平话,1,粤::1,恩平话::1,high::1,粤·恩平话::1
粤语方言清远白话,1,1,stable_single_mapping,粤·清远白话,1,粤::1,清远白话::1,high::1,粤·清远白话::1
粤语方言湛江白话,1,1,stable_single_mapping,粤,1,粤::1,,high::1,粤::1
粤语方言英德大湾话,1,1,stable_single_mapping,粤,1,粤::1,,high::1,粤::1
粤语方言连山话,1,0,stable_single_mapping,粤,1,粤::1,,high::1,粤::1
粤语方言阳江话,1,1,stable_single_mapping,粤·阳江话,1,粤::1,阳江话::1,high::1,粤·阳江话::1
粤语方言高要话，小湘口音,1,1,stable_single_mapping,粤·高要话,1,粤::1,高要话::1,medium::1,粤·高要话::1
粤语白山话,1,1,stable_single_mapping,粤,1,粤::1,,high::1,粤::1
粤语连山话,1,0,stable_single_mapping,粤,1,粤::1,,high::1,粤::1
粤语阳春白话、客家话阳春倔话,1,1,stable_single_mapping,粤、客家,1,混合::1,阳春白话::1,medium::1,粤、客家::1
粤语阳江话（广府民系）,1,1,stable_single_mapping,粤·阳江话,1,粤::1,阳江话::1,medium::1,粤·阳江话::1
粤语高要方言活道话,1,1,stable_single_mapping,粤,1,粤::1,,high::1,粤::1
粤语高要话，大湾口音,1,0,stable_single_mapping,粤·高要话,1,粤::1,高要话::1,medium::1,粤·高要话::1
粤语高要话，河台口音,1,1,stable_single_mapping,粤·高要话,1,粤::1,高要话::1,medium::1,粤·高要话::1
粤语（台山话）,1,1,stable_single_mapping,粤·台山话,1,粤::1,台山话::1,medium::1,粤·台山话::1
粤语（属广府民系）,1,1,stable_single_mapping,粤,1,粤::1,,medium::1,粤::1
粤语（广府话）,1,0,stable_single_mapping,粤,1,粤::1,,medium::1,粤::1
粤语（怀集下坊话）,1,0,stable_single_mapping,粤·怀集下坊话,1,粤::1,怀集下坊话::1,medium::1,粤·怀集下坊话::1
粤语（湛江白话）,1,0,stable_single_mapping,粤,1,粤::1,,medium::1,粤::1
粤语（考方言）,1,1,stable_single_mapping,粤,1,粤::1,,medium::1,粤::1
粵方言阳春白话,1,1,stable_single_mapping,粤·阳春白话,1,粤::1,阳春白话::1,high::1,粤·阳春白话::1
纪姓通用粤方言、客家方言；其他姓通用粤方言怀集下坊话,1,0,stable_single_mapping,粤、客家,1,混合::1,怀集下坊话::1,medium::1,粤、客家::1
纪姓：粤方言、客家方言；邓姓：粤方言怀集下坊话,1,1,stable_single_mapping,粤、客家,1,混合::1,怀集下坊话::1,medium::1,粤、客家::1
练、钟、吴、许使用粤方言阳春白话；容、邱、冯、雷、严使用客家方言阳春话,1,1,stable_single_mapping,粤、客家,1,混合::1,阳春白话::1,medium::1,粤、客家::1
罗姓通用潮汕话，其他姓氏通用粤方言,1,1,stable_single_mapping,粤、闽,1,混合::1,潮汕话::1,medium::1,粤、闽::1
罗屋村未提；塘头下陈屋村属客家民系，通用客家方言,1,1,stable_single_mapping,客家,1,客家::1,,medium::1,客家::1
翻涵方言,1,1,stable_single_mapping,翻涵方言,1,,,low::1,翻涵方言::1
能古话,1,1,stable_single_mapping,粤·能古话,1,粤::1,能古话::1,medium::1,粤·能古话::1
船婆声,1,1,stable_single_mapping,土话·船婆声,1,土话::1,船婆声::1,high::1,土话·船婆声::1
船话,1,1,stable_single_mapping,土话·船话,1,土话::1,船话::1,high::1,土话·船话::1
苏、密、莫姓通用粤方言高要话（水南口音）；杨姓通用客家方言,1,1,stable_single_mapping,粤、客家,1,混合::1,高要话::1,medium::1,粤、客家::1
莫姓使用粤方言连山话，黄姓使用客家方言,1,0,stable_single_mapping,粤、客家,1,混合::1,,medium::1,粤、客家::1
蓝姓通用粤方言怀集下坊话，江姓通用客家方言,1,1,stable_single_mapping,粤、客家,1,混合::1,怀集下坊话::1,medium::1,粤、客家::1
虱婆声（客家话方言）,1,1,stable_single_mapping,客家、土话,1,混合::1,虱婆声::1,medium::1,客家、土话::1
覃巴黎话,1,1,stable_single_mapping,闽,1,闽::1,,high::1,闽::1
讲客家方言，通用粤方言,1,1,stable_single_mapping,粤、客家,1,混合::1,,medium::1,粤、客家::1
许姓村民是客家民系，通用客家方言；黎姓村民是广府民系，通用粤方言阳春白话和客家方言阳春倔话,1,1,stable_single_mapping,粤、客家,1,混合::1,阳春白话::1,medium::1,粤、客家::1
说重庆话,1,1,stable_single_mapping,官话·重庆话,1,官话::1,重庆话::1,medium::1,官话·重庆话::1
谢姓、梁姓使用壮语北部方言连山壮话，黄姓使用粤方言怀集话,1,0,stable_single_mapping,粤·连山壮话、少数民族·怀集话,1,混合::1,连山壮话::1,medium::1,粤·连山壮话、少数民族·怀集话::1
谢姓和李姓使用粤方言，郑姓和冯姓使用客家方言,1,1,stable_single_mapping,粤、客家,1,混合::1,,medium::1,粤、客家::1
赖姓通用客家方言，周姓通用粤方言高要话（水南音）,1,1,stable_single_mapping,粤、客家,1,混合::1,高要话::1,medium::1,粤、客家::1
赖姓通用客家方言，梁姓通用粤方言,1,1,stable_single_mapping,粤、客家,1,混合::1,,medium::1,粤、客家::1
赤岗本地话（俗称畲话）,1,1,stable_single_mapping,少数民族·畲话,1,少数民族::1,畲话::1,medium::1,少数民族·畲话::1
越南语（因归侨较多）,1,1,stable_single_mapping,越南语（因归侨较多）,1,,,low::1,越南语（因归侨较多）::1
辛姓通用星子话，黄姓用东陂话，刘姓用客家话,1,1,stable_single_mapping,粤、客家,1,混合::1,星子话::1,medium::1,粤、客家::1
辱方言,1,1,stable_single_mapping,粤,1,粤::1,,high::1,粤::1
过去说南湾话，现讲客家方言,1,0,stable_single_mapping,客家,1,客家::1,,medium::1,客家::1
连山壮话（壮语北部方言）,1,1,stable_single_mapping,少数民族·连山壮话,1,少数民族::1,连山壮话::1,medium::1,少数民族·连山壮话::1
连州话和客家话,1,1,stable_single_mapping,粤、客家,1,混合::1,连州话::1,medium::1,粤、客家::1
连滩话、客家方言、粤方言,1,1,stable_single_mapping,粤、客家、闽,1,混合::1,连滩话::1,medium::1,粤、客家、闽::1
连滩话、粤方言,1,1,stable_single_mapping,粤、闽,1,混合::1,连滩话::1,medium::1,粤、闽::1
适用方言（广府民系方言）,1,1,stable_single_mapping,适用方言（广府民系方言）,1,,,low::1,适用方言（广府民系方言）::1
通台山话,1,1,stable_single_mapping,粤·台山话,1,粤::1,台山话::1,high::1,粤·台山话::1
通基方言（广府民系）,1,1,stable_single_mapping,粤,1,粤::1,,medium::1,粤::1
通客家方言,1,1,stable_single_mapping,客家,1,客家::1,,high::1,客家::1
通晓台山话（广府民系方言）,1,1,stable_single_mapping,粤·台山话,1,粤::1,台山话::1,medium::1,粤·台山话::1
通用倔话（广府民系）,1,1,stable_single_mapping,客家,1,客家::1,,medium::1,客家::1
通用偃话（属广府民系）,1,1,stable_single_mapping,客家·涯话,1,客家::1,涯话::1,medium::1,客家·涯话::1
通用偃话（广府民系）,1,1,stable_single_mapping,客家·涯话,1,客家::1,涯话::1,medium::1,客家·涯话::1
通用化州偃话,1,1,stable_single_mapping,客家·涯话,1,客家::1,涯话::1,medium::1,客家·涯话::1
通用台山话、阳江话,1,1,stable_single_mapping,粤·阳江话,1,粤::1,阳江话::1,medium::1,粤·阳江话::1
通用台山话（属广府民系）,1,1,stable_single_mapping,粤·台山话,1,粤::1,台山话::1,medium::1,粤·台山话::1
通用台山话（广府民系方言）,1,1,stable_single_mapping,粤·台山话,1,粤::1,台山话::1,medium::1,粤·台山话::1
通用四会话（广府方言）,1,1,stable_single_mapping,粤·四会话,1,粤::1,四会话::1,medium::1,粤·四会话::1
通用四川方言,1,0,stable_single_mapping,官话,1,官话::1,,medium::1,官话::1
通用学佬话、粘米话，少数人讲客家话,1,1,stable_single_mapping,客家、闽,1,混合::1,学佬话::1,medium::1,客家、闽::1
通用客家方言、粤方言,1,0,stable_single_mapping,粤、客家,1,混合::1,,medium::1,粤、客家::1
通用客家方言信宜倔话，但语言与当地村民语言日渐融合，基本改变了原来的信宜方言,1,1,stable_single_mapping,客家,1,客家::1,,medium::1,客家::1
通用客家方言信宜倔话，新生一代语言与当地语言基本融合,1,0,stable_single_mapping,客家,1,客家::1,,medium::1,客家::1
通用客家方言倔话,1,1,stable_single_mapping,客家,1,客家::1,,medium::1,客家::1
通用客家方言及粤方言,1,1,stable_single_mapping,粤、客家,1,混合::1,,medium::1,粤、客家::1
通用客家方言和瑶族方言,1,0,stable_single_mapping,客家、少数民族,1,混合::1,瑶族方言::1,medium::1,客家、少数民族::1
通用客家方言和瑶族语言,1,0,stable_single_mapping,客家,1,客家::1,,medium::1,客家::1
通用客家方言新港话,1,0,stable_single_mapping,客家,1,客家::1,,medium::1,客家::1
通用客家方言曾田话,1,0,stable_single_mapping,客家,1,客家::1,,medium::1,客家::1
通用客家方言河口话,1,1,stable_single_mapping,客家,1,客家::1,,medium::1,客家::1
通用客家方言涧头话,1,1,stable_single_mapping,客家,1,客家::1,,medium::1,客家::1
通用客家方言漳溪话，畲族原有畲语因杂居逐渐被淡忘,1,1,stable_single_mapping,客家,1,客家::1,,medium::1,客家::1
通用客家方言灯塔话,1,0,stable_single_mapping,客家,1,客家::1,,medium::1,客家::1
通用客家方言（属客家民系）,1,0,stable_single_mapping,客家,1,客家::1,,medium::1,客家::1
通用客家方言，会讲粤语,1,1,stable_single_mapping,粤、客家,1,混合::1,,medium::1,粤、客家::1
通用客家方言，但口音与原梅州客家话有区别，形成阳春河口倔话,1,1,stable_single_mapping,客家,1,客家::1,,medium::1,客家::1
通用客家方言，可用粤方言交流,1,1,stable_single_mapping,粤、客家,1,混合::1,,medium::1,粤、客家::1
通用客家方言，同时使用潮汕话,1,1,stable_single_mapping,客家、闽,1,混合::1,潮汕话::1,medium::1,客家、闽::1
通用客家方言，属广府民系,1,1,stable_single_mapping,客家,1,客家::1,,medium::1,客家::1
通用客家方言，有本土特色（如下雨、割草、吃粥、吃饭等词语讲法与客家方言不同）,1,1,stable_single_mapping,客家,1,客家::1,,medium::1,客家::1
通用客家方言，畲语接近客家方言但存在语音差异,1,1,stable_single_mapping,客家,1,客家::1,,medium::1,客家::1
通用客家方言；部分通用闽方言,1,0,stable_single_mapping,客家、闽,1,混合::1,,medium::1,客家、闽::1
通用客家话，通粤方言,1,0,stable_single_mapping,粤、客家,1,混合::1,,medium::1,粤、客家::1
通用專方言,1,1,stable_single_mapping,通用專方言,1,,,low::1,通用專方言::1
通用市官得平话,1,1,stable_single_mapping,通用市官得平话,1,,,low::1,通用市官得平话::1
通用带有沙溪峒话口音的粤方言,1,1,stable_single_mapping,粤,1,粤::1,,medium::1,粤::1
通用带沙溪峒话特色的粤方言,1,1,stable_single_mapping,粤,1,粤::1,,medium::1,粤::1
通用广府方言,1,1,stable_single_mapping,粤,1,粤::1,,medium::1,粤::1
通用广府民系的阳江话,1,1,stable_single_mapping,粤·阳江话,1,粤::1,阳江话::1,medium::1,粤·阳江话::1
通用方言为畲话,1,1,stable_single_mapping,少数民族·畲话,1,少数民族::1,畲话::1,medium::1,少数民族·畲话::1
通用方言恩平话,1,1,stable_single_mapping,粤·恩平话,1,粤::1,恩平话::1,medium::1,粤·恩平话::1
通用方言霍古话,1,1,stable_single_mapping,通用方言霍古话,1,,,low::1,通用方言霍古话::1
通用沙坊话,1,1,stable_single_mapping,通用沙坊话,1,,,low::1,通用沙坊话::1
通用涯话（广府民系方言）,1,1,stable_single_mapping,客家·涯话,1,客家::1,涯话::1,medium::1,客家·涯话::1
通用潮汕话（潮汕民系）,1,1,stable_single_mapping,闽·潮汕话,1,闽::1,潮汕话::1,medium::1,闽·潮汕话::1
通用瑶语（当地称‘勉话’）,1,1,stable_single_mapping,少数民族·瑶语,1,少数民族::1,瑶语::1,medium::1,少数民族·瑶语::1
通用瑶语（过山瑶）,1,1,stable_single_mapping,少数民族·瑶语,1,少数民族::1,瑶语::1,medium::1,少数民族·瑶语::1
通用畲话和客家方言,1,1,stable_single_mapping,客家、少数民族,1,混合::1,畲话::1,medium::1,客家、少数民族::1
通用畲语、客家方言,1,1,stable_single_mapping,客家,1,客家::1,,medium::1,客家::1
通用粘米话,1,1,stable_single_mapping,通用粘米话,1,,,low::1,通用粘米话::1
通用粤方言、怀集诗洞标话,1,1,stable_single_mapping,粤·怀集诗洞标话,1,粤::1,怀集诗洞标话::1,medium::1,粤·怀集诗洞标话::1
通用粤方言、承传客家方言,1,0,stable_single_mapping,粤、客家,1,混合::1,,medium::1,粤、客家::1
通用粤方言化州话,1,1,stable_single_mapping,粤·化州话,1,粤::1,化州话::1,medium::1,粤·化州话::1
通用粤方言台山话，同时广州话可正常交流,1,1,stable_single_mapping,粤·台山话,1,粤::1,台山话::1,medium::1,粤·台山话::1
通用粤方言四会地豆话（部分广府民系）；客家方言四会地豆话（部分客家民系）,1,1,stable_single_mapping,粤、客家,1,混合::1,,medium::1,粤、客家::1
通用粤方言四邑话,1,1,stable_single_mapping,粤·四邑话,1,粤::1,四邑话::1,medium::1,粤·四邑话::1
通用粤方言四邑话，部分使用客家方言,1,1,stable_single_mapping,粤、客家,1,混合::1,四邑话::1,medium::1,粤、客家::1
通用粤方言广宁话和客家方言（江姓）,1,0,stable_single_mapping,粤、客家,1,混合::1,广宁话::1,medium::1,粤、客家::1
通用粤方言德庆话,1,1,stable_single_mapping,粤·德庆话,1,粤::1,德庆话::1,medium::1,粤·德庆话::1
通用粤方言怀集下坊话，多数通晓粤方言怀集上坊话,1,0,stable_single_mapping,粤·怀集上坊话,1,粤::1,怀集上坊话::1,medium::1,粤·怀集上坊话::1
通用粤方言怀集下坊话，林姓还会使用客家话,1,0,stable_single_mapping,粤、客家,1,混合::1,怀集下坊话::1,medium::1,粤、客家::1
通用粤方言怀集下坊话，纪姓家族内部用客家方言，植姓家族内部用怀集永固标话,1,1,stable_single_mapping,粤·怀集永固标话、客家·怀集下坊话,1,混合::1,怀集永固标话::1,medium::1,粤·怀集永固标话、客家·怀集下坊话::1
通用粤方言恩平话,1,1,stable_single_mapping,粤·恩平话,1,粤::1,恩平话::1,medium::1,粤·恩平话::1
通用粤方言沙田话,1,0,stable_single_mapping,粤·沙田话,1,粤::1,沙田话::1,medium::1,粤·沙田话::1
通用粤方言沙田话，为东南行政村中唯一使用沙栏话的村落,1,1,stable_single_mapping,粤·沙田话,1,粤::1,沙田话::1,medium::1,粤·沙田话::1
通用粤方言沙田话，少部分壮族可能使用其他语言。,1,1,stable_single_mapping,粤·沙田话,1,粤::1,沙田话::1,medium::1,粤·沙田话::1
通用粤方言石岐话,1,1,stable_single_mapping,粤·石岐话,1,粤::1,石岐话::1,medium::1,粤·石岐话::1
通用粤方言阳春岗美话,1,1,stable_single_mapping,粤,1,粤::1,,medium::1,粤::1
通用粤方言阳春河口话,1,1,stable_single_mapping,粤,1,粤::1,,medium::1,粤::1
通用粤方言阳春白话，少数年长者使用客家方言阳春话,1,1,stable_single_mapping,粤、客家,1,混合::1,阳春白话::1,medium::1,粤、客家::1
通用粤方言高要话（乐城口音）及客家方言,1,1,stable_single_mapping,粤、客家,1,混合::1,高要话::1,medium::1,粤、客家::1
通用粤方言高要话（活道口音），部分讲客家方言,1,1,stable_single_mapping,粤、客家,1,混合::1,高要话::1,medium::1,粤、客家::1
通用粤方言，少数人讲黎话,1,1,stable_single_mapping,粤、闽,1,混合::1,,medium::1,粤、闽::1
通用粤方言，少数村民说客家方言,1,1,stable_single_mapping,粤、客家,1,混合::1,,medium::1,粤、客家::1
通用粤方言，属广府民系,1,0,stable_single_mapping,粤,1,粤::1,,medium::1,粤::1
通用粤方言，年轻人会讲雷州话,1,1,stable_single_mapping,粤、闽,1,混合::1,雷州话::1,medium::1,粤、闽::1
通用粤方言；通用粤方言,1,1,stable_single_mapping,粤,1,粤::1,,medium::1,粤::1
通用粤语,1,1,stable_single_mapping,粤,1,粤::1,,medium::1,粤::1
通用粤语方言,1,1,stable_single_mapping,粤,1,粤::1,,medium::1,粤::1
通用粤语方言小湘话，部分村民使用客家方言,1,1,stable_single_mapping,粤、客家,1,混合::1,,medium::1,粤、客家::1
通用粤语（台山话）,1,1,stable_single_mapping,粤·台山话,1,粤::1,台山话::1,medium::1,粤·台山话::1
通用粤语（阳江话，属广府民系）,1,1,stable_single_mapping,粤·阳江话,1,粤::1,阳江话::1,medium::1,粤·阳江话::1
通用罗广话,1,1,stable_single_mapping,罗广话,1,,罗广话::1,medium::1,罗广话::1
通用赤岗畲话,1,0,stable_single_mapping,少数民族·畲话,1,少数民族::1,畲话::1,medium::1,少数民族·畲话::1
通用连州星子话,1,1,stable_single_mapping,粤·星子话,1,粤::1,星子话::1,medium::1,粤·星子话::1
通用连州阿B声,1,1,stable_single_mapping,土话·连州阿B声,1,土话::1,连州阿B声::1,medium::1,土话·连州阿B声::1
通用闽南方言,1,1,stable_single_mapping,闽,1,闽::1,,medium::1,闽::1
通用闽南方言潮州话和客家方言,1,1,stable_single_mapping,客家、闽,1,混合::1,潮汕话::1,medium::1,客家、闽::1
通用闽南方言潮州话和畲语，汉族属潮汕民系,1,1,stable_single_mapping,闽·潮汕话,1,闽::1,潮汕话::1,medium::1,闽·潮汕话::1
通用闽南方言（属潮汕民系）,1,1,stable_single_mapping,闽,1,闽::1,,medium::1,闽::1
通用闽南方言，属潮汕民系,1,1,stable_single_mapping,闽,1,闽::1,,medium::1,闽::1
通用闽方言和客家方言,1,1,stable_single_mapping,客家、闽,1,混合::1,,medium::1,客家、闽::1
通用闽方言隆都话,1,0,stable_single_mapping,闽·隆都话,1,闽::1,隆都话::1,medium::1,闽·隆都话::1
通用闽方言雷州话,1,1,stable_single_mapping,闽·雷州话,1,闽::1,雷州话::1,medium::1,闽·雷州话::1
通用闽方言黎话和客家方言涯话,1,1,stable_single_mapping,客家、闽,1,混合::1,涯话::1,medium::1,客家、闽::1
通用雷州话、粤方言,1,1,stable_single_mapping,粤、闽,1,混合::1,雷州话::1,medium::1,粤、闽::1
通用雷州话和粤方言,1,1,stable_single_mapping,粤、闽,1,混合::1,雷州话::1,medium::1,粤、闽::1
通用韶关话（虱婆声）和客家话,1,1,stable_single_mapping,客家、土话,1,混合::1,虱婆声::1,medium::1,客家、土话::1
通用高州方言,1,0,stable_single_mapping,通用高州方言,1,,,low::1,通用高州方言::1
通用高州方言，但口音逐渐融入当地河口话，与原高州话有很大区别,1,1,stable_single_mapping,粤·高州话,1,粤::1,高州话::1,medium::1,粤·高州话::1
通用高州话,1,1,stable_single_mapping,粤·高州话,1,粤::1,高州话::1,medium::1,粤·高州话::1
通用高要方言莲塘话,1,1,stable_single_mapping,粤·高要方莲塘话,1,粤::1,高要方莲塘话::1,medium::1,粤·高要方莲塘话::1
通用麻兰话（一种即将失传的古语言，'麻兰'含义未定，当地人称'麻兰佬'，语音语调与四邑话相近）,1,1,stable_single_mapping,粤·四邑话,1,粤::1,四邑话::1,medium::1,粤·四邑话::1
通用黎话,1,1,stable_single_mapping,闽,1,闽::1,,medium::1,闽::1
通粤方言石岐话和闽方言南朗话,1,1,stable_single_mapping,粤、闽,1,混合::1,石岐话::1,medium::1,粤、闽::1
邮方言,1,1,stable_single_mapping,邮方言,1,,,low::1,邮方言::1
邱姓使用客家方言，祝姓使用四会话,1,1,stable_single_mapping,粤、客家,1,混合::1,四会话::1,medium::1,粤、客家::1
邵、何姓通用粤方言高要话（水南口音）；钟、凌姓通用客家方言,1,1,stable_single_mapping,粤、客家,1,混合::1,高要话::1,medium::1,粤、客家::1
邹氏使用粤方言，郑氏使用客家方言,1,1,stable_single_mapping,粤、客家,1,混合::1,,medium::1,粤、客家::1
郑、潘、钟姓使用客家方言；刘姓使用粤方言,1,1,stable_single_mapping,粤、客家,1,混合::1,,medium::1,粤、客家::1
部分使用客家方言四会黄田话，部分使用粤方言四会黄田话,1,1,stable_single_mapping,粤、客家,1,混合::1,,medium::1,粤、客家::1
部分使用客家方言（客家民系），部分使用粤方言四邑话（广府民系）,1,1,stable_single_mapping,粤、客家,1,混合::1,四邑话::1,medium::1,粤、客家::1
部分使用粤方言四会威整话，也有部分使用客家方言四会威整话,1,1,stable_single_mapping,粤、客家,1,混合::1,,medium::1,粤、客家::1
部分使用粤方言四会清塘话，部分使用客家方言四会清塘话,1,0,stable_single_mapping,粤、客家,1,混合::1,,medium::1,粤、客家::1
部分使用粤方言四会黄田话（广府民系），部分使用客家方言四会黄田话（客家民系）,1,1,stable_single_mapping,粤、客家,1,混合::1,,medium::1,粤、客家::1
部分使用粤方言沙田话，部分使用粤方言东莞话,1,1,stable_single_mapping,粤·沙田话,1,粤::1,沙田话::1,medium::1,粤·沙田话::1
部分使用粤方言石岐话，部分使用客家方言,1,1,stable_single_mapping,粤、客家,1,混合::1,石岐话::1,medium::1,粤、客家::1
部分使用粤方言，部分使用客家方言,1,1,stable_single_mapping,粤、客家,1,混合::1,,medium::1,粤、客家::1
部分使用粤方言，部分使用闽方言,1,1,stable_single_mapping,粤、闽,1,混合::1,,medium::1,粤、闽::1
部分使用粤方言，部分使用闽方言，部分使用客家方言,1,1,stable_single_mapping,粤、客家、闽,1,混合::1,,medium::1,粤、客家、闽::1
部分使用粤方言；部分使用客家方言,1,1,stable_single_mapping,粤、客家,1,混合::1,,medium::1,粤、客家::1
部分使用闽方言，部分使用粤方言,1,0,stable_single_mapping,粤、闽,1,混合::1,,medium::1,粤、闽::1
部分属广府民系使用粤方言四会邓村话，部分属客家民系使用客家方言四会邓村话,1,1,stable_single_mapping,粤、客家,1,混合::1,,medium::1,粤、客家::1
部分属广府民系，使用粤方言四会龙甫话；部分属客家民系，使用客家方言四会龙甫话,1,1,stable_single_mapping,粤、客家,1,混合::1,,medium::1,粤、客家::1
部分属广府民系，通用粤方言四会地豆话；部分属客家民系，通用客家方言四会地豆话,1,1,stable_single_mapping,粤、客家,1,混合::1,,medium::1,粤、客家::1
部分广府民系使用粤方言石岐话；部分客家民系使用客家方言,1,1,stable_single_mapping,粤、客家,1,混合::1,石岐话::1,medium::1,粤、客家::1
部分广府民系（粤方言高要话禄步口音），部分客家民系（客家方言）,1,1,stable_single_mapping,粤、客家,1,混合::1,高要话::1,medium::1,粤、客家::1
部分村民使用客家方言，部分使用粤方言,1,0,stable_single_mapping,粤、客家,1,混合::1,,medium::1,粤、客家::1
部分村民使用粤方言东莞话，部分使用粤方言沙田话,1,0,stable_single_mapping,粤·沙田话,1,粤::1,沙田话::1,medium::1,粤·沙田话::1
部分村民使用粤方言，部分村民使用客家方言,1,0,stable_single_mapping,粤、客家,1,混合::1,,medium::1,粤、客家::1
部分村民属广府民系，使用粤方言四会清塘话；部分村民属客家民系，使用客家方言四会清塘话,1,1,stable_single_mapping,粤、客家,1,混合::1,,medium::1,粤、客家::1
部分村民通用客家方言，部分村民通用雷州话,1,1,stable_single_mapping,客家、闽,1,混合::1,雷州话::1,medium::1,客家、闽::1
重庆万州话,1,1,stable_single_mapping,重庆万州话,1,,,low::1,重庆万州话::1
重庆话、客家方言,1,0,stable_single_mapping,客家、官话,1,混合::1,重庆话::1,medium::1,客家、官话::1
钟姓、池姓使用客家方言；冯姓、梁姓使用粤方言。,1,1,stable_single_mapping,粤、客家,1,混合::1,,medium::1,粤、客家::1
钟姓使用客家方言，邹姓、霍姓使用粤方言,1,0,stable_single_mapping,粤、客家,1,混合::1,,medium::1,粤、客家::1
长窝启村客家方言倔话；筋塘村粤方言,1,1,stable_single_mapping,粤、客家,1,混合::1,,medium::1,粤、客家::1
闫方言淄汕话,1,1,stable_single_mapping,闫方言淄汕话,1,,,low::1,闫方言淄汕话::1
闻方言,1,1,stable_single_mapping,闽,1,闽::1,,high::1,闽::1
闽万言,1,1,stable_single_mapping,闽,1,闽::1,,high::1,闽::1
闽南方言潮州话、客家方言,1,0,stable_single_mapping,客家、闽,1,混合::1,潮汕话::1,medium::1,客家、闽::1
闽南方言潮州话、畲语,1,1,stable_single_mapping,闽·潮汕话,1,闽::1,潮汕话::1,medium::1,闽·潮汕话::1
闽南方言潮州话或客家话,1,1,stable_single_mapping,客家、闽,1,混合::1,潮汕话::1,medium::1,客家、闽::1
闽南方言潮州话，会讲客家话,1,1,stable_single_mapping,客家、闽,1,混合::1,潮汕话::1,medium::1,客家、闽::1
闽南方言潮州话，属潮汕民系,1,1,stable_single_mapping,闽·潮汕话,1,闽::1,潮汕话::1,medium::1,闽·潮汕话::1
闽南方言电白黎语,1,1,stable_single_mapping,闽,1,闽::1,,high::1,闽::1
闽南方饶平潮州话,1,1,stable_single_mapping,闽·潮汕话,1,闽::1,潮汕话::1,high::1,闽·潮汕话::1
闽南民系，使用闽方言,1,1,stable_single_mapping,闽,1,闽::1,,medium::1,闽::1
闽南民系，通用学佬话,1,0,stable_single_mapping,闽·学佬话,1,闽::1,学佬话::1,medium::1,闽·学佬话::1
闽南话,1,1,stable_single_mapping,闽,1,闽::1,,high::1,闽::1
闽南话、客家方言,1,1,stable_single_mapping,客家,1,客家::1,,medium::1,客家::1
闽南语、客家话,1,1,stable_single_mapping,客家、闽,1,混合::1,,medium::1,客家、闽::1
闽南语潮州话,1,1,stable_single_mapping,闽·潮汕话,1,闽::1,潮汕话::1,high::1,闽·潮汕话::1
闽南语潮汕话,1,1,stable_single_mapping,闽·潮汕话,1,闽::1,潮汕话::1,high::1,闽·潮汕话::1
闽南语系潮汕方言,1,1,stable_single_mapping,闽,1,闽::1,,high::1,闽::1
闽南语系，潮汕话,1,1,stable_single_mapping,闽·潮汕话,1,闽::1,潮汕话::1,medium::1,闽·潮汕话::1
闽南饶平潮汕话,1,1,stable_single_mapping,闽·潮汕话,1,闽::1,潮汕话::1,high::1,闽·潮汕话::1
闽方盲电白海话,1,1,stable_single_mapping,闽·电白海话,1,闽::1,电白海话::1,high::1,闽·电白海话::1
闽方盲电白黎话,1,1,stable_single_mapping,闽·电白黎话,1,闽::1,电白黎话::1,high::1,闽·电白黎话::1
闽方言、潮汕话,1,0,stable_single_mapping,闽·潮汕话,1,闽::1,潮汕话::1,medium::1,闽·潮汕话::1
闽方言、粤方言,1,1,stable_single_mapping,粤、闽,1,混合::1,,medium::1,粤、闽::1
闽方言、粤方言台山话,1,1,stable_single_mapping,粤、闽,1,混合::1,台山话::1,medium::1,粤、闽::1
闽方言、粤方言和粤方言台山话,1,1,stable_single_mapping,粤、闽,1,混合::1,台山话::1,medium::1,粤、闽::1
闽方言、粤方言阳春白话,1,0,stable_single_mapping,粤、闽,1,混合::1,阳春白话::1,medium::1,粤、闽::1
闽方言及尖米方言,1,1,stable_single_mapping,闽,1,闽::1,,high::1,闽::1
闽方言及尖米话,1,1,stable_single_mapping,闽·尖米话,1,闽::1,尖米话::1,high::1,闽·尖米话::1
闽方言和客家话,1,1,stable_single_mapping,客家、闽,1,混合::1,,medium::1,客家、闽::1
闽方言和尖米话,1,1,stable_single_mapping,闽·尖米话,1,闽::1,尖米话::1,high::1,闽·尖米话::1
闽方言和粤方言,1,1,stable_single_mapping,粤、闽,1,混合::1,,medium::1,粤、闽::1
闽方言和粤方言吴川话,1,1,stable_single_mapping,粤、闽,1,混合::1,吴川话::1,medium::1,粤、闽::1
闽方言潮汕,1,1,stable_single_mapping,闽,1,闽::1,,high::1,闽::1
闽方言潮汕话。,1,1,stable_single_mapping,闽·潮汕话,1,闽::1,潮汕话::1,high::1,闽·潮汕话::1
闽方言电白海话、客家方言涯话,1,1,stable_single_mapping,客家·电白海话、闽·涯话,1,混合::1,电白海话::1,medium::1,客家·电白海话、闽·涯话::1
闽方言电白海话、客家方言电白涯话,1,1,stable_single_mapping,客家·电白海话、闽·涯话,1,混合::1,电白海话::1,medium::1,客家·电白海话、闽·涯话::1
闽方言电白黎话、客家方言电白涯话,1,1,stable_single_mapping,客家·电白黎话、闽·涯话,1,混合::1,电白黎话::1,medium::1,客家·电白黎话、闽·涯话::1
闽方言电白黎语,1,1,stable_single_mapping,闽,1,闽::1,,high::1,闽::1
闽方言茂南话(黎话),1,1,stable_single_mapping,闽,1,闽::1,,medium::1,闽::1
闽方言茂南话(黎话）,1,1,stable_single_mapping,闽,1,闽::1,,medium::1,闽::1
闽方言隆都话。,1,1,stable_single_mapping,闽·隆都话,1,闽::1,隆都话::1,high::1,闽·隆都话::1
闽方言隆都话（受迁入地语言影响）,1,1,stable_single_mapping,闽·隆都话,1,闽::1,隆都话::1,medium::1,闽·隆都话::1
闽方言隆都话，少数村民讲查家话,1,1,stable_single_mapping,闽·隆都话,1,闽::1,隆都话::1,medium::1,闽·隆都话::1
闽方言雷州话和粤方言,1,1,stable_single_mapping,粤、闽,1,混合::1,雷州话::1,medium::1,粤、闽::1
闽方言雷州话和粤方言吴川话,1,1,stable_single_mapping,粤·吴川话、闽·雷州话,1,混合::1,吴川话::1,medium::1,粤·吴川话、闽·雷州话::1
闽方言雷州话黎话,1,1,stable_single_mapping,闽·雷州话,1,闽::1,雷州话::1,high::1,闽·雷州话::1
闽方言黎话、粤方言,1,1,stable_single_mapping,粤、闽,1,混合::1,,medium::1,粤、闽::1
闽方言（学佬话）,1,1,stable_single_mapping,闽·学佬话,1,闽::1,学佬话::1,medium::1,闽·学佬话::1
闽方言（范姓）、粤方言（欧姓）、客家方言（练姓、关姓）,1,1,stable_single_mapping,粤、客家、闽,1,混合::1,,medium::1,粤、客家、闽::1
闽海民系，闽方言电白海话,1,1,stable_single_mapping,闽·电白海话,1,闽::1,电白海话::1,medium::1,闽·电白海话::1
阳山话、客家话,1,1,stable_single_mapping,客家,1,客家::1,,medium::1,客家::1
阳春春北白话,1,1,stable_single_mapping,粤,1,粤::1,,high::1,粤::1
阳春白话，部分使用客家方言阳春倔话,1,1,stable_single_mapping,粤、客家,1,混合::1,阳春白话::1,medium::1,粤、客家::1
陆姓使用壮语北部方言连山壮话，黄姓使用客家方言,1,1,stable_single_mapping,客家、少数民族,1,混合::1,连山壮话::1,medium::1,客家、少数民族::1
陈、吕、彭姓原使用客家方言，现已使用粤方言阳春白话,1,1,stable_single_mapping,粤、客家,1,混合::1,阳春白话::1,medium::1,粤、客家::1
陈、阮姓属潮汕民系，通用潮汕方言；向姓属广府民系，通用粤方言,1,0,stable_single_mapping,粤、闽,1,混合::1,,medium::1,粤、闽::1
陈姓使用四会话，罗、严两姓使用客家方言,1,1,stable_single_mapping,粤、客家,1,混合::1,四会话::1,medium::1,粤、客家::1
陈姓使用闽方言，向姓、郭姓使用粤方言,1,0,stable_single_mapping,粤、闽,1,混合::1,,medium::1,粤、闽::1
陈姓用粤方言，其他姓氏用客家方言,1,1,stable_single_mapping,粤、客家,1,混合::1,,medium::1,粤、客家::1
陈姓（广府民系）使用粤方言连山话；黄姓（客家民系）使用客家方言；韦姓（壮族连山支系）使用壮语北部方言连山壮话,1,1,stable_single_mapping,粤、客家、少数民族,1,混合::1,连山壮话::1,medium::1,粤、客家、少数民族::1
陈姓（粤方言广宁话）、纪姓（粤方言、客家方言）、梁姓（粤方言、怀集永固标话）、其他姓（粤方言怀集下坊话）,1,0,stable_single_mapping,粤·怀集永固标话、客家·怀集下坊话、广宁话,1,混合::1,怀集永固标话::1,medium::1,粤·怀集永固标话、客家·怀集下坊话、广宁话::1
陈氏为广府民系，丘氏为客家民系，均使用粤方言清远南冲话,1,1,stable_single_mapping,粤,1,粤::1,,medium::1,粤::1
雩方盲阳春白话,1,1,stable_single_mapping,粤·阳春白话,1,粤::1,阳春白话::1,high::1,粤·阳春白话::1
雷姓属客家民系，使用客家方言；邝姓属广府民系，使用粤方言,1,1,stable_single_mapping,粤、客家,1,混合::1,,medium::1,粤、客家::1
雷州话、客家方言,1,1,stable_single_mapping,客家、闽,1,混合::1,雷州话::1,medium::1,客家、闽::1
雷州话兼海南话,1,1,stable_single_mapping,闽·雷州话,1,闽::1,雷州话::1,high::1,闽·雷州话::1
雷州话和粤方言吴川话,1,1,stable_single_mapping,粤·吴川话、闽·雷州话,1,混合::1,吴川话::1,medium::1,粤·吴川话、闽·雷州话::1
雷州话（先祖曾用粤方言）,1,1,stable_single_mapping,粤、闽,1,混合::1,雷州话::1,medium::1,粤、闽::1
雷州黎话,1,1,stable_single_mapping,闽,1,闽::1,,high::1,闽::1
雷话,1,1,stable_single_mapping,闽·雷州话,1,闽::1,雷州话::1,high::1,闽·雷州话::1
霉方言湛江白洁,1,1,stable_single_mapping,粤·湛江白话,1,粤::1,湛江白话::1,high::1,粤·湛江白话::1
韦姓使用壮语北部方言连山壮话；黄、谭使用客家方言,1,1,stable_single_mapping,客家、少数民族,1,混合::1,连山壮话::1,medium::1,客家、少数民族::1
韦姓使用壮语北部方言连山壮话；黄姓使用客家方言,1,1,stable_single_mapping,客家、少数民族,1,混合::1,连山壮话::1,medium::1,客家、少数民族::1
韦姓原用壮方言，后改用怀集下帅话；罗姓属广府民系，使用粤方言怀集下帅话,1,0,stable_single_mapping,粤、少数民族,1,混合::1,,medium::1,粤、少数民族::1
饶平客家方言,1,0,stable_single_mapping,客家,1,客家::1,,high::1,客家::1
马姓、黎姓属广府民系，通用粤方言；李姓、曾姓属客家民系，通用客家方言,1,1,stable_single_mapping,粤、客家,1,混合::1,,medium::1,粤、客家::1
马姓使用粤方言，其余10姓使用闽方言,1,1,stable_single_mapping,粤、闽,1,混合::1,,medium::1,粤、闽::1
高姓村民使用粤方言，谢姓村民使用客家方言,1,1,stable_single_mapping,粤、客家,1,混合::1,,medium::1,粤、客家::1
高州话及台山话,1,1,stable_single_mapping,粤·台山话,1,粤::1,台山话::1,high::1,粤·台山话::1
高要话,1,0,stable_single_mapping,粤·高要话,1,粤::1,高要话::1,high::1,粤·高要话::1
高要话、广宁话、乐城口音,1,1,stable_single_mapping,粤·高要话,1,粤::1,高要话::1,medium::1,粤·高要话::1
麦姓、吕姓使用粤方言怀集下坊话（广府民系）；纪姓使用客家方言和粤方言怀集下坊话,1,0,stable_single_mapping,粤、客家,1,混合::1,怀集下坊话::1,medium::1,粤、客家::1
麦姓使用粤方言怀集下帅话，陈姓使用粤方言怀集下坊话，谭姓使用粤方言怀集上坊话，黄姓使用客家话,1,0,stable_single_mapping,粤·怀集上坊话、客家·怀集下坊话,1,混合::1,怀集上坊话::1,medium::1,粤·怀集上坊话、客家·怀集下坊话::1
麻兰话,1,1,stable_single_mapping,麻兰话,1,,,low::1,麻兰话::1
麻兰话、闽方言黎话,1,1,stable_single_mapping,闽,1,闽::1,,medium::1,闽::1
黄、冯姓使用粤方言阳春白话；盘姓使用客家方言阳春倔话,1,1,stable_single_mapping,粤、客家,1,混合::1,阳春白话::1,medium::1,粤、客家::1
黄圃话和客家话,1,1,stable_single_mapping,客家、土话,1,混合::1,黄圃话::1,medium::1,客家、土话::1
黄圃话和客家话互通,1,1,stable_single_mapping,客家、土话,1,混合::1,黄圃话::1,medium::1,客家、土话::1
黄姓使用客家方言倔话，其余4姓使用粤方言,1,1,stable_single_mapping,粤、客家,1,混合::1,,medium::1,粤、客家::1
黄姓使用粤方言阳春白话；邱姓、陈姓使用客家方言阳春倔话,1,1,stable_single_mapping,粤、客家,1,混合::1,阳春白话::1,medium::1,粤、客家::1
黄姓使用粤方言（广府民系），钟姓使用客家方言（客家民系）,1,1,stable_single_mapping,粤、客家,1,混合::1,,medium::1,粤、客家::1
黄姓和吴姓通用客家方言，唐姓通用粤方言,1,0,stable_single_mapping,粤、客家,1,混合::1,,medium::1,粤、客家::1
黄氏、卢氏使用粤方言；邝氏、邓氏使用客家方言,1,1,stable_single_mapping,粤、客家,1,混合::1,,medium::1,粤、客家::1
黄氏使用粤方言（广府民系），邝氏使用客家方言（客家民系）,1,1,stable_single_mapping,粤、客家,1,混合::1,,medium::1,粤、客家::1
鼎湖坑口话、客家方言,1,1,stable_single_mapping,粤、客家,1,混合::1,,medium::1,粤、客家::1
鼎湖客家话,1,1,stable_single_mapping,粤、客家,1,混合::1,,medium::1,粤、客家::1
鼎湖方言永安话,1,1,stable_single_mapping,粤,1,粤::1,,high::1,粤::1
齊方言阳春白话,1,1,stable_single_mapping,粤·阳春白话,1,粤::1,阳春白话::1,high::1,粤·阳春白话::1
